INSERT INTO category (description, gender, end_age, start_age, id, name) VALUES ('Some random description.', 'Female', 22, 20, 1, 'buy');
INSERT INTO category (description, gender, end_age, start_age, id, name) VALUES ('Some random description.', 'Female', 21, 12, 2, 'great');
INSERT INTO category (description, gender, end_age, start_age, id, name) VALUES ('Some random description.', 'Male', 23, 11, 3, 'name');
INSERT INTO category (description, gender, end_age, start_age, id, name) VALUES ('Some random description.', 'Female', 32, 15, 4, 'some');
INSERT INTO category (description, gender, end_age, start_age, id, name) VALUES ('Some random description.', 'Female', 28, 15, 5, 'if');
INSERT INTO category (description, gender, end_age, start_age, id, name) VALUES ('Some random description.', 'Female', 28, 19, 6, 'break');
INSERT INTO category (description, gender, end_age, start_age, id, name) VALUES ('Some random description.', 'Male', 24, 16, 7, 'camera');
INSERT INTO category (description, gender, end_age, start_age, id, name) VALUES ('Some random description.', 'Male', 27, 12, 8, 'response');
INSERT INTO category (description, gender, end_age, start_age, id, name) VALUES ('Some random description.', 'Female', 22, 16, 9, 'defense');
INSERT INTO category (description, gender, end_age, start_age, id, name) VALUES ('Some random description.', 'Female', 22, 13, 10, 'affect');
INSERT INTO team (description, date_of_creation, location, logo_url, id, name) VALUES ('Some random description.', '2002-03-02', 'Lake Angela', 'https://dummyimage.com/273x612', 1, 'Martinez, Wallace and Watts');
INSERT INTO team (description, date_of_creation, location, logo_url, id, name) VALUES ('Some random description.', '2010-05-06', 'Jimmyberg', 'https://placekitten.com/130/712', 2, 'Wallace, King and Brown');
INSERT INTO team (description, date_of_creation, location, logo_url, id, name) VALUES ('Some random description.', '2022-07-30', 'New Danielmouth', 'https://placekitten.com/86/135', 3, 'Saunders, Collins and Gonzalez');
INSERT INTO team (description, date_of_creation, location, logo_url, id, name) VALUES ('Some random description.', '2014-11-25', 'Lake Brandon', 'https://dummyimage.com/727x664', 4, 'Walker LLC');
INSERT INTO team (description, date_of_creation, location, logo_url, id, name) VALUES ('Some random description.', '2017-12-19', 'Lake Marcusfort', 'https://dummyimage.com/499x647', 5, 'Hall, Herman and Cole');
INSERT INTO team (description, date_of_creation, location, logo_url, id, name) VALUES ('Some random description.', '2010-10-23', 'East Amandaton', 'https://placeimg.com/1024/742/any', 6, 'Robles-Hamilton');
INSERT INTO team (description, date_of_creation, location, logo_url, id, name) VALUES ('Some random description.', '2022-04-18', 'New Veronica', 'https://www.lorempixel.com/96/75', 7, 'Solis-Mccullough');
INSERT INTO team (description, date_of_creation, location, logo_url, id, name) VALUES ('Some random description.', '2008-02-09', 'Randallchester', 'https://dummyimage.com/981x593', 8, 'Silva-Nguyen');
INSERT INTO team (description, date_of_creation, location, logo_url, id, name) VALUES ('Some random description.', '2001-12-02', 'Holmesbury', 'https://dummyimage.com/906x726', 9, 'Hernandez, Russell and Castro');
INSERT INTO team (description, date_of_creation, location, logo_url, id, name) VALUES ('Some random description.', '2018-06-28', 'West Jenniferport', 'https://dummyimage.com/102x643', 10, 'Williams Group');
INSERT INTO tournament (description, end_date, start_date, location, id, name) VALUES ('Some random description.', '2020-04-12', '2020-04-09', 'Nicholasville', 1, 'argue');
INSERT INTO tournament (description, end_date, start_date, location, id, name) VALUES ('Some random description.', '2002-03-02', '2002-02-27', 'Jeremiahstad', 2, 'whether');
INSERT INTO tournament (description, end_date, start_date, location, id, name) VALUES ('Some random description.', '2007-10-15', '2007-10-05', 'Burchbury', 3, 'because');
INSERT INTO tournament (description, end_date, start_date, location, id, name) VALUES ('Some random description.', '2019-03-23', '2019-03-20', 'Thomasville', 4, 'song');
INSERT INTO tournament (description, end_date, start_date, location, id, name) VALUES ('Some random description.', '2011-09-28', '2011-09-20', 'Josephstad', 5, 'knowledge');
INSERT INTO tournament (description, end_date, start_date, location, id, name) VALUES ('Some random description.', '2020-11-14', '2020-11-11', 'Matthewmouth', 6, 'meet');
INSERT INTO tournament (description, end_date, start_date, location, id, name) VALUES ('Some random description.', '2008-09-20', '2008-09-12', 'Ramosview', 7, 'even');
INSERT INTO tournament (description, end_date, start_date, location, id, name) VALUES ('Some random description.', '2010-12-03', '2010-11-27', 'Mitchellbury', 8, 'recognize');
INSERT INTO tournament (description, end_date, start_date, location, id, name) VALUES ('Some random description.', '2006-06-14', '2006-06-04', 'West Brittany', 9, 'relate');
INSERT INTO tournament (description, end_date, start_date, location, id, name) VALUES ('Some random description.', '2016-09-25', '2016-09-16', 'Morganmouth', 10, 'show');
INSERT INTO athlete (profile_photo_url, gender, team_id, join_date, date_of_birth, id, name) VALUES ('https://dummyimage.com/361x315', 'Female', 4, '2000-12-22', '2018-11-22', 1, 'Tara Guzman');
INSERT INTO athlete (profile_photo_url, gender, team_id, join_date, date_of_birth, id, name) VALUES ('https://placekitten.com/132/72', 'Female', 2, '2023-09-14', '1980-08-11', 2, 'Jocelyn Koch');
INSERT INTO athlete (profile_photo_url, gender, team_id, join_date, date_of_birth, id, name) VALUES ('https://www.lorempixel.com/569/460', 'Male', 8, '2002-01-03', '1998-11-18', 3, 'Terri Smith');
INSERT INTO athlete (profile_photo_url, gender, team_id, join_date, date_of_birth, id, name) VALUES ('https://placekitten.com/327/964', 'Female', 10, '2004-05-18', '1989-12-31', 4, 'Jonathan Hernandez');
INSERT INTO athlete (profile_photo_url, gender, team_id, join_date, date_of_birth, id, name) VALUES ('https://dummyimage.com/482x826', 'Female', 5, '2024-01-09', '1954-03-17', 5, 'Michelle Powers');
INSERT INTO athlete (profile_photo_url, gender, team_id, join_date, date_of_birth, id, name) VALUES ('https://placekitten.com/728/69', 'Female', 10, '2023-06-19', '2004-07-29', 6, 'David Brooks');
INSERT INTO athlete (profile_photo_url, gender, team_id, join_date, date_of_birth, id, name) VALUES ('https://dummyimage.com/283x564', 'Female', 4, '2000-09-09', '1956-11-06', 7, 'Rachel Delgado');
INSERT INTO athlete (profile_photo_url, gender, team_id, join_date, date_of_birth, id, name) VALUES ('https://www.lorempixel.com/997/855', 'Male', 10, '2023-03-09', '1950-03-29', 8, 'Jeremy Cummings');
INSERT INTO athlete (profile_photo_url, gender, team_id, join_date, date_of_birth, id, name) VALUES ('https://www.lorempixel.com/639/666', 'Female', 1, '2022-02-26', '2003-07-27', 9, 'Daniel Mccarthy');
INSERT INTO athlete (profile_photo_url, gender, team_id, join_date, date_of_birth, id, name) VALUES ('https://placekitten.com/59/689', 'Female', 3, '2022-08-13', '2007-02-05', 10, 'Frank Sims');
INSERT INTO athlete (profile_photo_url, gender, team_id, join_date, date_of_birth, id, name) VALUES ('https://placekitten.com/461/735', 'Male', 6, '2022-06-16', '1937-05-30', 11, 'Tracy Garcia');
INSERT INTO athlete (profile_photo_url, gender, team_id, join_date, date_of_birth, id, name) VALUES ('https://www.lorempixel.com/174/422', 'Male', 4, '2019-09-12', '1949-12-18', 12, 'Catherine Gross');
INSERT INTO athlete (profile_photo_url, gender, team_id, join_date, date_of_birth, id, name) VALUES ('https://placekitten.com/797/603', 'Female', 10, '2023-08-03', '1929-07-11', 13, 'Melissa Atkins');
INSERT INTO athlete (profile_photo_url, gender, team_id, join_date, date_of_birth, id, name) VALUES ('https://placeimg.com/274/139/any', 'Male', 2, '2012-12-01', '1943-02-24', 14, 'Thomas Graham');
INSERT INTO athlete (profile_photo_url, gender, team_id, join_date, date_of_birth, id, name) VALUES ('https://dummyimage.com/190x934', 'Male', 4, '2019-07-05', '1919-03-05', 15, 'Stacey Rhodes');
INSERT INTO athlete (profile_photo_url, gender, team_id, join_date, date_of_birth, id, name) VALUES ('https://placekitten.com/608/543', 'Male', 8, '2003-11-02', '1939-10-03', 16, 'Peter Carter');
INSERT INTO athlete (profile_photo_url, gender, team_id, join_date, date_of_birth, id, name) VALUES ('https://placekitten.com/212/751', 'Male', 5, '2013-02-23', '1936-01-16', 17, 'Zachary Spencer');
INSERT INTO athlete (profile_photo_url, gender, team_id, join_date, date_of_birth, id, name) VALUES ('https://placeimg.com/230/273/any', 'Female', 6, '2010-01-13', '1935-01-18', 18, 'Paul King');
INSERT INTO athlete (profile_photo_url, gender, team_id, join_date, date_of_birth, id, name) VALUES ('https://placekitten.com/85/202', 'Female', 1, '2014-05-10', '2019-06-27', 19, 'Nancy Faulkner');
INSERT INTO athlete (profile_photo_url, gender, team_id, join_date, date_of_birth, id, name) VALUES ('https://placekitten.com/407/947', 'Male', 9, '2009-02-07', '1995-07-17', 20, 'Sheri Hinton');
INSERT INTO athlete (profile_photo_url, gender, team_id, join_date, date_of_birth, id, name) VALUES ('https://placeimg.com/963/1002/any', 'Male', 6, '2001-05-26', '1947-01-28', 21, 'Ryan Davis');
INSERT INTO athlete (profile_photo_url, gender, team_id, join_date, date_of_birth, id, name) VALUES ('https://placekitten.com/705/590', 'Male', 8, '2023-01-09', '1955-01-31', 22, 'Michele Ross');
INSERT INTO athlete (profile_photo_url, gender, team_id, join_date, date_of_birth, id, name) VALUES ('https://placeimg.com/504/831/any', 'Male', 10, '2017-12-08', '1934-10-26', 23, 'Kelsey Callahan');
INSERT INTO athlete (profile_photo_url, gender, team_id, join_date, date_of_birth, id, name) VALUES ('https://dummyimage.com/664x851', 'Male', 3, '2006-10-08', '2008-08-28', 24, 'Kristina Cooper');
INSERT INTO athlete (profile_photo_url, gender, team_id, join_date, date_of_birth, id, name) VALUES ('https://placekitten.com/439/766', 'Female', 10, '2005-12-15', '1950-07-10', 25, 'Dawn Daniel');
INSERT INTO athlete (profile_photo_url, gender, team_id, join_date, date_of_birth, id, name) VALUES ('https://www.lorempixel.com/475/531', 'Female', 6, '2004-08-03', '1915-08-22', 26, 'Michael Finley');
INSERT INTO athlete (profile_photo_url, gender, team_id, join_date, date_of_birth, id, name) VALUES ('https://placeimg.com/337/465/any', 'Female', 7, '2023-02-18', '1986-07-19', 27, 'Katherine Underwood');
INSERT INTO athlete (profile_photo_url, gender, team_id, join_date, date_of_birth, id, name) VALUES ('https://placekitten.com/991/776', 'Female', 2, '2008-05-12', '1993-05-23', 28, 'Andrew Becker');
INSERT INTO athlete (profile_photo_url, gender, team_id, join_date, date_of_birth, id, name) VALUES ('https://placeimg.com/877/537/any', 'Male', 2, '2000-03-23', '1999-04-05', 29, 'Christopher Lopez');
INSERT INTO athlete (profile_photo_url, gender, team_id, join_date, date_of_birth, id, name) VALUES ('https://placeimg.com/579/649/any', 'Male', 3, '2015-08-18', '1964-02-03', 30, 'Aimee Sims');
INSERT INTO athlete (profile_photo_url, gender, team_id, join_date, date_of_birth, id, name) VALUES ('https://placeimg.com/68/590/any', 'Female', 2, '2021-08-26', '1959-06-06', 31, 'Denise Young');
INSERT INTO athlete (profile_photo_url, gender, team_id, join_date, date_of_birth, id, name) VALUES ('https://placeimg.com/242/216/any', 'Female', 5, '2000-07-20', '1988-09-12', 32, 'Dr. Trevor Miller Jr.');
INSERT INTO athlete (profile_photo_url, gender, team_id, join_date, date_of_birth, id, name) VALUES ('https://placeimg.com/926/563/any', 'Female', 6, '2015-01-13', '1953-07-30', 33, 'Jill Rodriguez');
INSERT INTO athlete (profile_photo_url, gender, team_id, join_date, date_of_birth, id, name) VALUES ('https://placeimg.com/224/953/any', 'Male', 10, '2018-03-21', '1985-01-05', 34, 'Mary Erickson');
INSERT INTO athlete (profile_photo_url, gender, team_id, join_date, date_of_birth, id, name) VALUES ('https://placekitten.com/413/85', 'Male', 5, '2018-08-12', '1933-11-30', 35, 'Gabrielle Clements');
INSERT INTO athlete (profile_photo_url, gender, team_id, join_date, date_of_birth, id, name) VALUES ('https://placekitten.com/373/830', 'Male', 5, '2011-08-31', '1915-07-06', 36, 'Jennifer Nelson');
INSERT INTO athlete (profile_photo_url, gender, team_id, join_date, date_of_birth, id, name) VALUES ('https://www.lorempixel.com/713/483', 'Female', 10, '2016-12-06', '1915-01-15', 37, 'April Ford');
INSERT INTO athlete (profile_photo_url, gender, team_id, join_date, date_of_birth, id, name) VALUES ('https://dummyimage.com/384x474', 'Male', 4, '2001-01-23', '1947-08-26', 38, 'Patty Peck');
INSERT INTO athlete (profile_photo_url, gender, team_id, join_date, date_of_birth, id, name) VALUES ('https://placekitten.com/510/367', 'Female', 10, '2024-03-30', '1942-10-26', 39, 'Rebekah Johnson');
INSERT INTO athlete (profile_photo_url, gender, team_id, join_date, date_of_birth, id, name) VALUES ('https://dummyimage.com/760x96', 'Female', 4, '2002-12-12', '2023-01-25', 40, 'Richard Watson');
INSERT INTO athlete (profile_photo_url, gender, team_id, join_date, date_of_birth, id, name) VALUES ('https://www.lorempixel.com/172/616', 'Male', 1, '2015-09-07', '1975-07-30', 41, 'Mary Allen');
INSERT INTO athlete (profile_photo_url, gender, team_id, join_date, date_of_birth, id, name) VALUES ('https://placekitten.com/632/598', 'Female', 9, '2013-06-29', '1917-02-25', 42, 'Robert Buckley');
INSERT INTO athlete (profile_photo_url, gender, team_id, join_date, date_of_birth, id, name) VALUES ('https://placeimg.com/903/649/any', 'Female', 3, '2010-09-08', '1958-04-11', 43, 'Jennifer Robinson');
INSERT INTO athlete (profile_photo_url, gender, team_id, join_date, date_of_birth, id, name) VALUES ('https://placekitten.com/517/176', 'Male', 8, '2000-01-20', '1957-09-10', 44, 'Crystal Sampson');
INSERT INTO athlete (profile_photo_url, gender, team_id, join_date, date_of_birth, id, name) VALUES ('https://www.lorempixel.com/1004/960', 'Male', 1, '2022-11-19', '2021-06-20', 45, 'Shannon Hayes');
INSERT INTO athlete (profile_photo_url, gender, team_id, join_date, date_of_birth, id, name) VALUES ('https://placeimg.com/532/550/any', 'Female', 4, '2020-03-04', '1977-11-28', 46, 'Dr. Whitney Mora');
INSERT INTO athlete (profile_photo_url, gender, team_id, join_date, date_of_birth, id, name) VALUES ('https://placekitten.com/336/175', 'Female', 4, '2000-03-12', '1928-03-26', 47, 'Todd Wolfe');
INSERT INTO athlete (profile_photo_url, gender, team_id, join_date, date_of_birth, id, name) VALUES ('https://dummyimage.com/992x593', 'Male', 9, '2004-08-14', '1921-11-07', 48, 'Stephanie White');
INSERT INTO athlete (profile_photo_url, gender, team_id, join_date, date_of_birth, id, name) VALUES ('https://placeimg.com/182/10/any', 'Male', 10, '2004-09-28', '1964-02-15', 49, 'Philip Fields');
INSERT INTO athlete (profile_photo_url, gender, team_id, join_date, date_of_birth, id, name) VALUES ('https://placekitten.com/399/279', 'Male', 7, '2006-05-27', '1989-02-25', 50, 'Timothy Gilbert');
INSERT INTO tournament_categories (category_id, tournament_id) VALUES (6, 1);
INSERT INTO tournament_categories (category_id, tournament_id) VALUES (5, 1);
INSERT INTO tournament_categories (category_id, tournament_id) VALUES (3, 1);
INSERT INTO tournament_categories (category_id, tournament_id) VALUES (7, 1);
INSERT INTO tournament_categories (category_id, tournament_id) VALUES (8, 2);
INSERT INTO tournament_categories (category_id, tournament_id) VALUES (1, 2);
INSERT INTO tournament_categories (category_id, tournament_id) VALUES (3, 2);
INSERT INTO tournament_categories (category_id, tournament_id) VALUES (4, 2);
INSERT INTO tournament_categories (category_id, tournament_id) VALUES (10, 2);
INSERT INTO tournament_categories (category_id, tournament_id) VALUES (6, 2);
INSERT INTO tournament_categories (category_id, tournament_id) VALUES (5, 2);
INSERT INTO tournament_categories (category_id, tournament_id) VALUES (10, 3);
INSERT INTO tournament_categories (category_id, tournament_id) VALUES (3, 3);
INSERT INTO tournament_categories (category_id, tournament_id) VALUES (5, 3);
INSERT INTO tournament_categories (category_id, tournament_id) VALUES (6, 3);
INSERT INTO tournament_categories (category_id, tournament_id) VALUES (7, 3);
INSERT INTO tournament_categories (category_id, tournament_id) VALUES (4, 3);
INSERT INTO tournament_categories (category_id, tournament_id) VALUES (4, 4);
INSERT INTO tournament_categories (category_id, tournament_id) VALUES (6, 4);
INSERT INTO tournament_categories (category_id, tournament_id) VALUES (1, 4);
INSERT INTO tournament_categories (category_id, tournament_id) VALUES (3, 5);
INSERT INTO tournament_categories (category_id, tournament_id) VALUES (10, 5);
INSERT INTO tournament_categories (category_id, tournament_id) VALUES (1, 5);
INSERT INTO tournament_categories (category_id, tournament_id) VALUES (6, 5);
INSERT INTO tournament_categories (category_id, tournament_id) VALUES (8, 5);
INSERT INTO tournament_categories (category_id, tournament_id) VALUES (2, 5);
INSERT INTO tournament_categories (category_id, tournament_id) VALUES (4, 5);
INSERT INTO tournament_categories (category_id, tournament_id) VALUES (5, 5);
INSERT INTO tournament_categories (category_id, tournament_id) VALUES (9, 6);
INSERT INTO tournament_categories (category_id, tournament_id) VALUES (7, 6);
INSERT INTO tournament_categories (category_id, tournament_id) VALUES (9, 7);
INSERT INTO tournament_categories (category_id, tournament_id) VALUES (1, 8);
INSERT INTO tournament_categories (category_id, tournament_id) VALUES (2, 8);
INSERT INTO tournament_categories (category_id, tournament_id) VALUES (6, 8);
INSERT INTO tournament_categories (category_id, tournament_id) VALUES (8, 8);
INSERT INTO tournament_categories (category_id, tournament_id) VALUES (9, 8);
INSERT INTO tournament_categories (category_id, tournament_id) VALUES (6, 9);
INSERT INTO tournament_categories (category_id, tournament_id) VALUES (5, 9);
INSERT INTO tournament_categories (category_id, tournament_id) VALUES (9, 9);
INSERT INTO tournament_categories (category_id, tournament_id) VALUES (9, 10);
INSERT INTO tournament_categories (category_id, tournament_id) VALUES (7, 10);
INSERT INTO tournament_categories (category_id, tournament_id) VALUES (2, 10);
INSERT INTO tournament_categories (category_id, tournament_id) VALUES (4, 10);
INSERT INTO tournament_categories (category_id, tournament_id) VALUES (6, 10);
INSERT INTO tournament_categories (category_id, tournament_id) VALUES (1, 10);
INSERT INTO achievement (position, category_id, id, tournament_id) VALUES (1, 7, 1, 2);
INSERT INTO achievement (position, category_id, id, tournament_id) VALUES (3, 6, 2, 10);
INSERT INTO achievement (position, category_id, id, tournament_id) VALUES (1, 1, 3, 5);
INSERT INTO achievement (position, category_id, id, tournament_id) VALUES (1, 5, 4, 8);
INSERT INTO achievement (position, category_id, id, tournament_id) VALUES (3, 5, 5, 2);
INSERT INTO achievement (position, category_id, id, tournament_id) VALUES (2, 1, 6, 8);
INSERT INTO achievement (position, category_id, id, tournament_id) VALUES (3, 1, 7, 1);
INSERT INTO achievement (position, category_id, id, tournament_id) VALUES (2, 5, 8, 3);
INSERT INTO achievement (position, category_id, id, tournament_id) VALUES (3, 7, 9, 4);
INSERT INTO achievement (position, category_id, id, tournament_id) VALUES (1, 1, 10, 2);
INSERT INTO achievement (position, category_id, id, tournament_id) VALUES (2, 3, 11, 1);
INSERT INTO achievement (position, category_id, id, tournament_id) VALUES (3, 5, 12, 10);
INSERT INTO achievement (position, category_id, id, tournament_id) VALUES (1, 8, 13, 5);
INSERT INTO achievement (position, category_id, id, tournament_id) VALUES (1, 2, 14, 2);
INSERT INTO achievement (position, category_id, id, tournament_id) VALUES (2, 2, 15, 7);
INSERT INTO achievement (position, category_id, id, tournament_id) VALUES (1, 3, 16, 9);
INSERT INTO achievement (position, category_id, id, tournament_id) VALUES (1, 8, 17, 7);
INSERT INTO achievement (position, category_id, id, tournament_id) VALUES (3, 7, 18, 4);
INSERT INTO achievement (position, category_id, id, tournament_id) VALUES (1, 10, 19, 8);
INSERT INTO achievement (position, category_id, id, tournament_id) VALUES (3, 8, 20, 7);
INSERT INTO achievement (position, category_id, id, tournament_id) VALUES (3, 2, 21, 9);
INSERT INTO achievement (position, category_id, id, tournament_id) VALUES (2, 8, 22, 5);
INSERT INTO achievement (position, category_id, id, tournament_id) VALUES (2, 5, 23, 8);
INSERT INTO achievement (position, category_id, id, tournament_id) VALUES (3, 3, 24, 4);
INSERT INTO achievement (position, category_id, id, tournament_id) VALUES (1, 6, 25, 6);
INSERT INTO achievement (position, category_id, id, tournament_id) VALUES (2, 1, 26, 6);
INSERT INTO achievement (position, category_id, id, tournament_id) VALUES (1, 1, 27, 3);
INSERT INTO achievement (position, category_id, id, tournament_id) VALUES (3, 8, 28, 1);
INSERT INTO achievement (position, category_id, id, tournament_id) VALUES (2, 10, 29, 7);
INSERT INTO achievement (position, category_id, id, tournament_id) VALUES (1, 6, 30, 5);
INSERT INTO result (point, cat_id, athlete_id, result, id, tournament_id) VALUES (98, 7, 36, 'Some random description.', 1, 1);
INSERT INTO result (point, cat_id, athlete_id, result, id, tournament_id) VALUES (70, 6, 40, 'Some random description.', 2, 4);
INSERT INTO result (point, cat_id, athlete_id, result, id, tournament_id) VALUES (58, 4, 24, 'Some random description.', 3, 1);
INSERT INTO result (point, cat_id, athlete_id, result, id, tournament_id) VALUES (44, 4, 7, 'Some random description.', 4, 6);
INSERT INTO result (point, cat_id, athlete_id, result, id, tournament_id) VALUES (84, 8, 26, 'Some random description.', 5, 6);
INSERT INTO result (point, cat_id, athlete_id, result, id, tournament_id) VALUES (69, 4, 43, 'Some random description.', 6, 5);
INSERT INTO result (point, cat_id, athlete_id, result, id, tournament_id) VALUES (2, 8, 41, 'Some random description.', 7, 6);
INSERT INTO result (point, cat_id, athlete_id, result, id, tournament_id) VALUES (75, 6, 3, 'Some random description.', 8, 10);
INSERT INTO result (point, cat_id, athlete_id, result, id, tournament_id) VALUES (50, 2, 7, 'Some random description.', 9, 1);
INSERT INTO result (point, cat_id, athlete_id, result, id, tournament_id) VALUES (14, 1, 44, 'Some random description.', 10, 9);
INSERT INTO result (point, cat_id, athlete_id, result, id, tournament_id) VALUES (86, 6, 26, 'Some random description.', 11, 10);
INSERT INTO result (point, cat_id, athlete_id, result, id, tournament_id) VALUES (74, 4, 38, 'Some random description.', 12, 1);
INSERT INTO result (point, cat_id, athlete_id, result, id, tournament_id) VALUES (6, 8, 15, 'Some random description.', 13, 9);
INSERT INTO result (point, cat_id, athlete_id, result, id, tournament_id) VALUES (62, 1, 42, 'Some random description.', 14, 2);
INSERT INTO result (point, cat_id, athlete_id, result, id, tournament_id) VALUES (85, 4, 40, 'Some random description.', 15, 10);
INSERT INTO result (point, cat_id, athlete_id, result, id, tournament_id) VALUES (36, 8, 19, 'Some random description.', 16, 6);
INSERT INTO result (point, cat_id, athlete_id, result, id, tournament_id) VALUES (16, 2, 40, 'Some random description.', 17, 9);
INSERT INTO result (point, cat_id, athlete_id, result, id, tournament_id) VALUES (86, 8, 27, 'Some random description.', 18, 3);
INSERT INTO result (point, cat_id, athlete_id, result, id, tournament_id) VALUES (71, 3, 48, 'Some random description.', 19, 4);
INSERT INTO result (point, cat_id, athlete_id, result, id, tournament_id) VALUES (58, 6, 43, 'Some random description.', 20, 2);
INSERT INTO result (point, cat_id, athlete_id, result, id, tournament_id) VALUES (69, 4, 50, 'Some random description.', 21, 7);
INSERT INTO result (point, cat_id, athlete_id, result, id, tournament_id) VALUES (50, 7, 42, 'Some random description.', 22, 6);
INSERT INTO result (point, cat_id, athlete_id, result, id, tournament_id) VALUES (32, 3, 46, 'Some random description.', 23, 1);
INSERT INTO result (point, cat_id, athlete_id, result, id, tournament_id) VALUES (47, 10, 39, 'Some random description.', 24, 8);
INSERT INTO result (point, cat_id, athlete_id, result, id, tournament_id) VALUES (20, 5, 6, 'Some random description.', 25, 6);
INSERT INTO result (point, cat_id, athlete_id, result, id, tournament_id) VALUES (59, 3, 17, 'Some random description.', 26, 8);
INSERT INTO result (point, cat_id, athlete_id, result, id, tournament_id) VALUES (6, 4, 47, 'Some random description.', 27, 9);
INSERT INTO result (point, cat_id, athlete_id, result, id, tournament_id) VALUES (70, 9, 14, 'Some random description.', 28, 3);
INSERT INTO result (point, cat_id, athlete_id, result, id, tournament_id) VALUES (20, 10, 5, 'Some random description.', 29, 5);
INSERT INTO result (point, cat_id, athlete_id, result, id, tournament_id) VALUES (25, 3, 29, 'Some random description.', 30, 3);
INSERT INTO result (point, cat_id, athlete_id, result, id, tournament_id) VALUES (11, 3, 2, 'Some random description.', 31, 2);
INSERT INTO result (point, cat_id, athlete_id, result, id, tournament_id) VALUES (74, 3, 21, 'Some random description.', 32, 7);
INSERT INTO result (point, cat_id, athlete_id, result, id, tournament_id) VALUES (18, 3, 49, 'Some random description.', 33, 1);
INSERT INTO result (point, cat_id, athlete_id, result, id, tournament_id) VALUES (4, 8, 17, 'Some random description.', 34, 6);
INSERT INTO result (point, cat_id, athlete_id, result, id, tournament_id) VALUES (76, 5, 38, 'Some random description.', 35, 7);
INSERT INTO result (point, cat_id, athlete_id, result, id, tournament_id) VALUES (51, 3, 40, 'Some random description.', 36, 6);
INSERT INTO result (point, cat_id, athlete_id, result, id, tournament_id) VALUES (46, 9, 50, 'Some random description.', 37, 1);
INSERT INTO result (point, cat_id, athlete_id, result, id, tournament_id) VALUES (22, 1, 30, 'Some random description.', 38, 4);
INSERT INTO result (point, cat_id, athlete_id, result, id, tournament_id) VALUES (16, 8, 45, 'Some random description.', 39, 1);
INSERT INTO result (point, cat_id, athlete_id, result, id, tournament_id) VALUES (17, 8, 22, 'Some random description.', 40, 4);
INSERT INTO result (point, cat_id, athlete_id, result, id, tournament_id) VALUES (71, 9, 2, 'Some random description.', 41, 3);
INSERT INTO result (point, cat_id, athlete_id, result, id, tournament_id) VALUES (97, 2, 2, 'Some random description.', 42, 6);
INSERT INTO result (point, cat_id, athlete_id, result, id, tournament_id) VALUES (67, 6, 1, 'Some random description.', 43, 10);
INSERT INTO result (point, cat_id, athlete_id, result, id, tournament_id) VALUES (100, 10, 39, 'Some random description.', 44, 2);
INSERT INTO result (point, cat_id, athlete_id, result, id, tournament_id) VALUES (97, 10, 6, 'Some random description.', 45, 7);
INSERT INTO result (point, cat_id, athlete_id, result, id, tournament_id) VALUES (69, 1, 9, 'Some random description.', 46, 9);
INSERT INTO result (point, cat_id, athlete_id, result, id, tournament_id) VALUES (15, 10, 4, 'Some random description.', 47, 3);
INSERT INTO result (point, cat_id, athlete_id, result, id, tournament_id) VALUES (89, 7, 38, 'Some random description.', 48, 4);
INSERT INTO result (point, cat_id, athlete_id, result, id, tournament_id) VALUES (86, 3, 18, 'Some random description.', 49, 10);
INSERT INTO result (point, cat_id, athlete_id, result, id, tournament_id) VALUES (37, 7, 4, 'Some random description.', 50, 7);
INSERT INTO ranking (best_result, cat_id, point, id, description) VALUES (11, 7, 75, 1, 'Some random description.');
INSERT INTO ranking (best_result, cat_id, point, id, description) VALUES (13, 9, 215, 2, 'Some random description.');
INSERT INTO ranking (best_result, cat_id, point, id, description) VALUES (18, 8, 233, 3, 'Some random description.');
INSERT INTO ranking (best_result, cat_id, point, id, description) VALUES (13, 8, 670, 4, 'Some random description.');
INSERT INTO ranking (best_result, cat_id, point, id, description) VALUES (43, 9, 801, 5, 'Some random description.');
INSERT INTO ranking (best_result, cat_id, point, id, description) VALUES (17, 8, 763, 6, 'Some random description.');
INSERT INTO ranking (best_result, cat_id, point, id, description) VALUES (13, 7, 269, 7, 'Some random description.');
INSERT INTO ranking (best_result, cat_id, point, id, description) VALUES (23, 5, 375, 8, 'Some random description.');
INSERT INTO ranking (best_result, cat_id, point, id, description) VALUES (7, 3, 626, 9, 'Some random description.');
INSERT INTO ranking (best_result, cat_id, point, id, description) VALUES (34, 2, 446, 10, 'Some random description.');
INSERT INTO ranking (best_result, cat_id, point, id, description) VALUES (35, 4, 717, 11, 'Some random description.');
INSERT INTO ranking (best_result, cat_id, point, id, description) VALUES (42, 9, 42, 12, 'Some random description.');
INSERT INTO ranking (best_result, cat_id, point, id, description) VALUES (40, 4, 848, 13, 'Some random description.');
INSERT INTO ranking (best_result, cat_id, point, id, description) VALUES (13, 8, 687, 14, 'Some random description.');
INSERT INTO ranking (best_result, cat_id, point, id, description) VALUES (6, 8, 879, 15, 'Some random description.');
INSERT INTO ranking (best_result, cat_id, point, id, description) VALUES (19, 5, 1000, 16, 'Some random description.');
INSERT INTO ranking (best_result, cat_id, point, id, description) VALUES (15, 9, 730, 17, 'Some random description.');
INSERT INTO ranking (best_result, cat_id, point, id, description) VALUES (4, 6, 679, 18, 'Some random description.');
INSERT INTO ranking (best_result, cat_id, point, id, description) VALUES (19, 9, 719, 19, 'Some random description.');
INSERT INTO ranking (best_result, cat_id, point, id, description) VALUES (24, 8, 481, 20, 'Some random description.');
INSERT INTO athlete_rankings (ranking_id, athlete_id) VALUES (20, 1);
INSERT INTO athlete_rankings (ranking_id, athlete_id) VALUES (7, 1);
INSERT INTO athlete_rankings (ranking_id, athlete_id) VALUES (16, 1);
INSERT INTO athlete_rankings (ranking_id, athlete_id) VALUES (11, 1);
INSERT INTO athlete_rankings (ranking_id, athlete_id) VALUES (12, 1);
INSERT INTO athlete_rankings (ranking_id, athlete_id) VALUES (17, 1);
INSERT INTO athlete_rankings (ranking_id, athlete_id) VALUES (1, 1);
INSERT INTO athlete_rankings (ranking_id, athlete_id) VALUES (9, 1);
INSERT INTO athlete_rankings (ranking_id, athlete_id) VALUES (2, 1);
INSERT INTO athlete_rankings (ranking_id, athlete_id) VALUES (6, 1);
INSERT INTO athlete_rankings (ranking_id, athlete_id) VALUES (18, 1);
INSERT INTO athlete_rankings (ranking_id, athlete_id) VALUES (13, 1);
INSERT INTO athlete_rankings (ranking_id, athlete_id) VALUES (4, 2);
INSERT INTO athlete_rankings (ranking_id, athlete_id) VALUES (16, 2);
INSERT INTO athlete_rankings (ranking_id, athlete_id) VALUES (12, 2);
INSERT INTO athlete_rankings (ranking_id, athlete_id) VALUES (11, 2);
INSERT INTO athlete_rankings (ranking_id, athlete_id) VALUES (13, 2);
INSERT INTO athlete_rankings (ranking_id, athlete_id) VALUES (9, 2);
INSERT INTO athlete_rankings (ranking_id, athlete_id) VALUES (3, 2);
INSERT INTO athlete_rankings (ranking_id, athlete_id) VALUES (10, 2);
INSERT INTO athlete_rankings (ranking_id, athlete_id) VALUES (13, 3);
INSERT INTO athlete_rankings (ranking_id, athlete_id) VALUES (5, 3);
INSERT INTO athlete_rankings (ranking_id, athlete_id) VALUES (2, 3);
INSERT INTO athlete_rankings (ranking_id, athlete_id) VALUES (20, 3);
INSERT INTO athlete_rankings (ranking_id, athlete_id) VALUES (9, 3);
INSERT INTO athlete_rankings (ranking_id, athlete_id) VALUES (8, 3);
INSERT INTO athlete_rankings (ranking_id, athlete_id) VALUES (11, 3);
INSERT INTO athlete_rankings (ranking_id, athlete_id) VALUES (14, 3);
INSERT INTO athlete_rankings (ranking_id, athlete_id) VALUES (7, 3);
INSERT INTO athlete_rankings (ranking_id, athlete_id) VALUES (6, 3);
INSERT INTO athlete_rankings (ranking_id, athlete_id) VALUES (18, 3);
INSERT INTO athlete_rankings (ranking_id, athlete_id) VALUES (15, 3);
INSERT INTO athlete_rankings (ranking_id, athlete_id) VALUES (1, 3);
INSERT INTO athlete_rankings (ranking_id, athlete_id) VALUES (19, 3);
INSERT INTO athlete_rankings (ranking_id, athlete_id) VALUES (4, 3);
INSERT INTO athlete_rankings (ranking_id, athlete_id) VALUES (10, 3);
INSERT INTO athlete_rankings (ranking_id, athlete_id) VALUES (17, 3);
INSERT INTO athlete_rankings (ranking_id, athlete_id) VALUES (12, 3);
INSERT INTO athlete_rankings (ranking_id, athlete_id) VALUES (3, 3);
INSERT INTO athlete_rankings (ranking_id, athlete_id) VALUES (19, 4);
INSERT INTO athlete_rankings (ranking_id, athlete_id) VALUES (17, 4);
INSERT INTO athlete_rankings (ranking_id, athlete_id) VALUES (2, 4);
INSERT INTO athlete_rankings (ranking_id, athlete_id) VALUES (18, 4);
INSERT INTO athlete_rankings (ranking_id, athlete_id) VALUES (5, 4);
INSERT INTO athlete_rankings (ranking_id, athlete_id) VALUES (13, 4);
INSERT INTO athlete_rankings (ranking_id, athlete_id) VALUES (3, 4);
INSERT INTO athlete_rankings (ranking_id, athlete_id) VALUES (9, 4);
INSERT INTO athlete_rankings (ranking_id, athlete_id) VALUES (14, 4);
INSERT INTO athlete_rankings (ranking_id, athlete_id) VALUES (11, 4);
INSERT INTO athlete_rankings (ranking_id, athlete_id) VALUES (11, 5);
INSERT INTO athlete_rankings (ranking_id, athlete_id) VALUES (4, 5);
INSERT INTO athlete_rankings (ranking_id, athlete_id) VALUES (6, 5);
INSERT INTO athlete_rankings (ranking_id, athlete_id) VALUES (19, 5);
INSERT INTO athlete_rankings (ranking_id, athlete_id) VALUES (7, 5);
INSERT INTO athlete_rankings (ranking_id, athlete_id) VALUES (18, 5);
INSERT INTO athlete_rankings (ranking_id, athlete_id) VALUES (17, 5);
INSERT INTO athlete_rankings (ranking_id, athlete_id) VALUES (5, 5);
INSERT INTO athlete_rankings (ranking_id, athlete_id) VALUES (8, 5);
INSERT INTO athlete_rankings (ranking_id, athlete_id) VALUES (14, 5);
INSERT INTO athlete_rankings (ranking_id, athlete_id) VALUES (20, 5);
INSERT INTO athlete_rankings (ranking_id, athlete_id) VALUES (13, 5);
INSERT INTO athlete_rankings (ranking_id, athlete_id) VALUES (15, 5);
INSERT INTO athlete_rankings (ranking_id, athlete_id) VALUES (3, 5);
INSERT INTO athlete_rankings (ranking_id, athlete_id) VALUES (13, 6);
INSERT INTO athlete_rankings (ranking_id, athlete_id) VALUES (12, 6);
INSERT INTO athlete_rankings (ranking_id, athlete_id) VALUES (18, 6);
INSERT INTO athlete_rankings (ranking_id, athlete_id) VALUES (4, 6);
INSERT INTO athlete_rankings (ranking_id, athlete_id) VALUES (9, 6);
INSERT INTO athlete_rankings (ranking_id, athlete_id) VALUES (20, 6);
INSERT INTO athlete_rankings (ranking_id, athlete_id) VALUES (14, 6);
INSERT INTO athlete_rankings (ranking_id, athlete_id) VALUES (16, 6);
INSERT INTO athlete_rankings (ranking_id, athlete_id) VALUES (3, 6);
INSERT INTO athlete_rankings (ranking_id, athlete_id) VALUES (7, 6);
INSERT INTO athlete_rankings (ranking_id, athlete_id) VALUES (16, 7);
INSERT INTO athlete_rankings (ranking_id, athlete_id) VALUES (5, 7);
INSERT INTO athlete_rankings (ranking_id, athlete_id) VALUES (13, 7);
INSERT INTO athlete_rankings (ranking_id, athlete_id) VALUES (12, 7);
INSERT INTO athlete_rankings (ranking_id, athlete_id) VALUES (14, 7);
INSERT INTO athlete_rankings (ranking_id, athlete_id) VALUES (10, 7);
INSERT INTO athlete_rankings (ranking_id, athlete_id) VALUES (17, 7);
INSERT INTO athlete_rankings (ranking_id, athlete_id) VALUES (3, 7);
INSERT INTO athlete_rankings (ranking_id, athlete_id) VALUES (2, 7);
INSERT INTO athlete_rankings (ranking_id, athlete_id) VALUES (7, 7);
INSERT INTO athlete_rankings (ranking_id, athlete_id) VALUES (18, 7);
INSERT INTO athlete_rankings (ranking_id, athlete_id) VALUES (9, 7);
INSERT INTO athlete_rankings (ranking_id, athlete_id) VALUES (15, 7);
INSERT INTO athlete_rankings (ranking_id, athlete_id) VALUES (8, 7);
INSERT INTO athlete_rankings (ranking_id, athlete_id) VALUES (1, 8);
INSERT INTO athlete_rankings (ranking_id, athlete_id) VALUES (3, 8);
INSERT INTO athlete_rankings (ranking_id, athlete_id) VALUES (17, 8);
INSERT INTO athlete_rankings (ranking_id, athlete_id) VALUES (13, 8);
INSERT INTO athlete_rankings (ranking_id, athlete_id) VALUES (15, 8);
INSERT INTO athlete_rankings (ranking_id, athlete_id) VALUES (20, 8);
INSERT INTO athlete_rankings (ranking_id, athlete_id) VALUES (2, 8);
INSERT INTO athlete_rankings (ranking_id, athlete_id) VALUES (9, 8);
INSERT INTO athlete_rankings (ranking_id, athlete_id) VALUES (8, 8);
INSERT INTO athlete_rankings (ranking_id, athlete_id) VALUES (12, 8);
INSERT INTO athlete_rankings (ranking_id, athlete_id) VALUES (14, 8);
INSERT INTO athlete_rankings (ranking_id, athlete_id) VALUES (16, 8);
INSERT INTO athlete_rankings (ranking_id, athlete_id) VALUES (19, 8);
INSERT INTO athlete_rankings (ranking_id, athlete_id) VALUES (7, 8);
INSERT INTO athlete_rankings (ranking_id, athlete_id) VALUES (16, 9);
INSERT INTO athlete_rankings (ranking_id, athlete_id) VALUES (1, 9);
INSERT INTO athlete_rankings (ranking_id, athlete_id) VALUES (18, 9);
INSERT INTO athlete_rankings (ranking_id, athlete_id) VALUES (20, 9);
INSERT INTO athlete_rankings (ranking_id, athlete_id) VALUES (10, 9);
INSERT INTO athlete_rankings (ranking_id, athlete_id) VALUES (2, 9);
INSERT INTO athlete_rankings (ranking_id, athlete_id) VALUES (12, 9);
INSERT INTO athlete_rankings (ranking_id, athlete_id) VALUES (13, 9);
INSERT INTO athlete_rankings (ranking_id, athlete_id) VALUES (7, 9);
INSERT INTO athlete_rankings (ranking_id, athlete_id) VALUES (4, 9);
INSERT INTO athlete_rankings (ranking_id, athlete_id) VALUES (15, 9);
INSERT INTO athlete_rankings (ranking_id, athlete_id) VALUES (14, 9);
INSERT INTO athlete_rankings (ranking_id, athlete_id) VALUES (9, 9);
INSERT INTO athlete_rankings (ranking_id, athlete_id) VALUES (14, 10);
INSERT INTO athlete_rankings (ranking_id, athlete_id) VALUES (19, 10);
INSERT INTO athlete_rankings (ranking_id, athlete_id) VALUES (6, 10);
INSERT INTO athlete_rankings (ranking_id, athlete_id) VALUES (15, 10);
INSERT INTO athlete_rankings (ranking_id, athlete_id) VALUES (1, 10);
INSERT INTO athlete_rankings (ranking_id, athlete_id) VALUES (12, 10);
INSERT INTO athlete_rankings (ranking_id, athlete_id) VALUES (3, 10);
INSERT INTO athlete_rankings (ranking_id, athlete_id) VALUES (18, 10);
INSERT INTO athlete_rankings (ranking_id, athlete_id) VALUES (9, 10);
INSERT INTO athlete_rankings (ranking_id, athlete_id) VALUES (10, 10);
INSERT INTO athlete_rankings (ranking_id, athlete_id) VALUES (20, 10);
INSERT INTO athlete_rankings (ranking_id, athlete_id) VALUES (17, 10);
INSERT INTO athlete_rankings (ranking_id, athlete_id) VALUES (13, 10);
INSERT INTO athlete_rankings (ranking_id, athlete_id) VALUES (11, 10);
INSERT INTO athlete_rankings (ranking_id, athlete_id) VALUES (5, 10);
INSERT INTO athlete_rankings (ranking_id, athlete_id) VALUES (8, 10);
INSERT INTO athlete_rankings (ranking_id, athlete_id) VALUES (2, 10);
INSERT INTO athlete_rankings (ranking_id, athlete_id) VALUES (4, 10);
INSERT INTO athlete_rankings (ranking_id, athlete_id) VALUES (7, 10);
INSERT INTO athlete_rankings (ranking_id, athlete_id) VALUES (16, 11);
INSERT INTO athlete_rankings (ranking_id, athlete_id) VALUES (5, 11);
INSERT INTO athlete_rankings (ranking_id, athlete_id) VALUES (11, 11);
INSERT INTO athlete_rankings (ranking_id, athlete_id) VALUES (1, 12);
INSERT INTO athlete_rankings (ranking_id, athlete_id) VALUES (15, 12);
INSERT INTO athlete_rankings (ranking_id, athlete_id) VALUES (4, 12);
INSERT INTO athlete_rankings (ranking_id, athlete_id) VALUES (2, 12);
INSERT INTO athlete_rankings (ranking_id, athlete_id) VALUES (17, 12);
INSERT INTO athlete_rankings (ranking_id, athlete_id) VALUES (20, 12);
INSERT INTO athlete_rankings (ranking_id, athlete_id) VALUES (6, 12);
INSERT INTO athlete_rankings (ranking_id, athlete_id) VALUES (16, 12);
INSERT INTO athlete_rankings (ranking_id, athlete_id) VALUES (5, 12);
INSERT INTO athlete_rankings (ranking_id, athlete_id) VALUES (11, 13);
INSERT INTO athlete_rankings (ranking_id, athlete_id) VALUES (17, 13);
INSERT INTO athlete_rankings (ranking_id, athlete_id) VALUES (7, 14);
INSERT INTO athlete_rankings (ranking_id, athlete_id) VALUES (13, 14);
INSERT INTO athlete_rankings (ranking_id, athlete_id) VALUES (4, 14);
INSERT INTO athlete_rankings (ranking_id, athlete_id) VALUES (8, 14);
INSERT INTO athlete_rankings (ranking_id, athlete_id) VALUES (9, 15);
INSERT INTO athlete_rankings (ranking_id, athlete_id) VALUES (13, 15);
INSERT INTO athlete_rankings (ranking_id, athlete_id) VALUES (4, 15);
INSERT INTO athlete_rankings (ranking_id, athlete_id) VALUES (5, 16);
INSERT INTO athlete_rankings (ranking_id, athlete_id) VALUES (17, 16);
INSERT INTO athlete_rankings (ranking_id, athlete_id) VALUES (13, 16);
INSERT INTO athlete_rankings (ranking_id, athlete_id) VALUES (16, 16);
INSERT INTO athlete_rankings (ranking_id, athlete_id) VALUES (12, 17);
INSERT INTO athlete_rankings (ranking_id, athlete_id) VALUES (13, 17);
INSERT INTO athlete_rankings (ranking_id, athlete_id) VALUES (20, 17);
INSERT INTO athlete_rankings (ranking_id, athlete_id) VALUES (16, 17);
INSERT INTO athlete_rankings (ranking_id, athlete_id) VALUES (2, 17);
INSERT INTO athlete_rankings (ranking_id, athlete_id) VALUES (1, 17);
INSERT INTO athlete_rankings (ranking_id, athlete_id) VALUES (6, 17);
INSERT INTO athlete_rankings (ranking_id, athlete_id) VALUES (4, 18);
INSERT INTO athlete_rankings (ranking_id, athlete_id) VALUES (2, 18);
INSERT INTO athlete_rankings (ranking_id, athlete_id) VALUES (11, 18);
INSERT INTO athlete_rankings (ranking_id, athlete_id) VALUES (13, 18);
INSERT INTO athlete_rankings (ranking_id, athlete_id) VALUES (8, 18);
INSERT INTO athlete_rankings (ranking_id, athlete_id) VALUES (5, 18);
INSERT INTO athlete_rankings (ranking_id, athlete_id) VALUES (12, 18);
INSERT INTO athlete_rankings (ranking_id, athlete_id) VALUES (3, 18);
INSERT INTO athlete_rankings (ranking_id, athlete_id) VALUES (6, 18);
INSERT INTO athlete_rankings (ranking_id, athlete_id) VALUES (18, 18);
INSERT INTO athlete_rankings (ranking_id, athlete_id) VALUES (9, 18);
INSERT INTO athlete_rankings (ranking_id, athlete_id) VALUES (19, 19);
INSERT INTO athlete_rankings (ranking_id, athlete_id) VALUES (16, 19);
INSERT INTO athlete_rankings (ranking_id, athlete_id) VALUES (12, 19);
INSERT INTO athlete_rankings (ranking_id, athlete_id) VALUES (10, 19);
INSERT INTO athlete_rankings (ranking_id, athlete_id) VALUES (5, 19);
INSERT INTO athlete_rankings (ranking_id, athlete_id) VALUES (1, 19);
INSERT INTO athlete_rankings (ranking_id, athlete_id) VALUES (14, 19);
INSERT INTO athlete_rankings (ranking_id, athlete_id) VALUES (11, 19);
INSERT INTO athlete_rankings (ranking_id, athlete_id) VALUES (14, 20);
INSERT INTO athlete_rankings (ranking_id, athlete_id) VALUES (17, 20);
INSERT INTO athlete_rankings (ranking_id, athlete_id) VALUES (7, 20);
INSERT INTO athlete_rankings (ranking_id, athlete_id) VALUES (20, 20);
INSERT INTO athlete_rankings (ranking_id, athlete_id) VALUES (19, 20);
INSERT INTO athlete_rankings (ranking_id, athlete_id) VALUES (16, 20);
INSERT INTO athlete_rankings (ranking_id, athlete_id) VALUES (1, 20);
INSERT INTO athlete_rankings (ranking_id, athlete_id) VALUES (6, 20);
INSERT INTO athlete_rankings (ranking_id, athlete_id) VALUES (5, 20);
INSERT INTO athlete_rankings (ranking_id, athlete_id) VALUES (10, 20);
INSERT INTO athlete_rankings (ranking_id, athlete_id) VALUES (2, 20);
INSERT INTO athlete_rankings (ranking_id, athlete_id) VALUES (4, 20);
INSERT INTO athlete_rankings (ranking_id, athlete_id) VALUES (3, 20);
INSERT INTO athlete_rankings (ranking_id, athlete_id) VALUES (8, 20);
INSERT INTO athlete_rankings (ranking_id, athlete_id) VALUES (13, 20);
INSERT INTO athlete_rankings (ranking_id, athlete_id) VALUES (18, 20);
INSERT INTO athlete_rankings (ranking_id, athlete_id) VALUES (7, 21);
INSERT INTO athlete_rankings (ranking_id, athlete_id) VALUES (9, 21);
INSERT INTO athlete_rankings (ranking_id, athlete_id) VALUES (11, 21);
INSERT INTO athlete_rankings (ranking_id, athlete_id) VALUES (19, 21);
INSERT INTO athlete_rankings (ranking_id, athlete_id) VALUES (12, 21);
INSERT INTO athlete_rankings (ranking_id, athlete_id) VALUES (17, 21);
INSERT INTO athlete_rankings (ranking_id, athlete_id) VALUES (18, 21);
INSERT INTO athlete_rankings (ranking_id, athlete_id) VALUES (4, 21);
INSERT INTO athlete_rankings (ranking_id, athlete_id) VALUES (13, 21);
INSERT INTO athlete_rankings (ranking_id, athlete_id) VALUES (16, 21);
INSERT INTO athlete_rankings (ranking_id, athlete_id) VALUES (20, 21);
INSERT INTO athlete_rankings (ranking_id, athlete_id) VALUES (6, 21);
INSERT INTO athlete_rankings (ranking_id, athlete_id) VALUES (3, 21);
INSERT INTO athlete_rankings (ranking_id, athlete_id) VALUES (1, 21);
INSERT INTO athlete_rankings (ranking_id, athlete_id) VALUES (14, 21);
INSERT INTO athlete_rankings (ranking_id, athlete_id) VALUES (5, 21);
INSERT INTO athlete_rankings (ranking_id, athlete_id) VALUES (15, 21);
INSERT INTO athlete_rankings (ranking_id, athlete_id) VALUES (10, 21);
INSERT INTO athlete_rankings (ranking_id, athlete_id) VALUES (9, 22);
INSERT INTO athlete_rankings (ranking_id, athlete_id) VALUES (17, 22);
INSERT INTO athlete_rankings (ranking_id, athlete_id) VALUES (8, 22);
INSERT INTO athlete_rankings (ranking_id, athlete_id) VALUES (14, 22);
INSERT INTO athlete_rankings (ranking_id, athlete_id) VALUES (7, 22);
INSERT INTO athlete_rankings (ranking_id, athlete_id) VALUES (3, 22);
INSERT INTO athlete_rankings (ranking_id, athlete_id) VALUES (2, 23);
INSERT INTO athlete_rankings (ranking_id, athlete_id) VALUES (4, 23);
INSERT INTO athlete_rankings (ranking_id, athlete_id) VALUES (19, 23);
INSERT INTO athlete_rankings (ranking_id, athlete_id) VALUES (20, 23);
INSERT INTO athlete_rankings (ranking_id, athlete_id) VALUES (11, 23);
INSERT INTO athlete_rankings (ranking_id, athlete_id) VALUES (2, 24);
INSERT INTO athlete_rankings (ranking_id, athlete_id) VALUES (5, 24);
INSERT INTO athlete_rankings (ranking_id, athlete_id) VALUES (4, 24);
INSERT INTO athlete_rankings (ranking_id, athlete_id) VALUES (16, 24);
INSERT INTO athlete_rankings (ranking_id, athlete_id) VALUES (9, 24);
INSERT INTO athlete_rankings (ranking_id, athlete_id) VALUES (7, 24);
INSERT INTO athlete_rankings (ranking_id, athlete_id) VALUES (20, 24);
INSERT INTO athlete_rankings (ranking_id, athlete_id) VALUES (8, 24);
INSERT INTO athlete_rankings (ranking_id, athlete_id) VALUES (14, 24);
INSERT INTO athlete_rankings (ranking_id, athlete_id) VALUES (12, 24);
INSERT INTO athlete_rankings (ranking_id, athlete_id) VALUES (13, 24);
INSERT INTO athlete_rankings (ranking_id, athlete_id) VALUES (11, 24);
INSERT INTO athlete_rankings (ranking_id, athlete_id) VALUES (18, 24);
INSERT INTO athlete_rankings (ranking_id, athlete_id) VALUES (1, 24);
INSERT INTO athlete_rankings (ranking_id, athlete_id) VALUES (19, 24);
INSERT INTO athlete_rankings (ranking_id, athlete_id) VALUES (15, 24);
INSERT INTO athlete_rankings (ranking_id, athlete_id) VALUES (3, 24);
INSERT INTO athlete_rankings (ranking_id, athlete_id) VALUES (11, 25);
INSERT INTO athlete_rankings (ranking_id, athlete_id) VALUES (14, 25);
INSERT INTO athlete_rankings (ranking_id, athlete_id) VALUES (5, 26);
INSERT INTO athlete_rankings (ranking_id, athlete_id) VALUES (11, 26);
INSERT INTO athlete_rankings (ranking_id, athlete_id) VALUES (10, 26);
INSERT INTO athlete_rankings (ranking_id, athlete_id) VALUES (3, 26);
INSERT INTO athlete_rankings (ranking_id, athlete_id) VALUES (19, 26);
INSERT INTO athlete_rankings (ranking_id, athlete_id) VALUES (13, 26);
INSERT INTO athlete_rankings (ranking_id, athlete_id) VALUES (18, 26);
INSERT INTO athlete_rankings (ranking_id, athlete_id) VALUES (16, 26);
INSERT INTO athlete_rankings (ranking_id, athlete_id) VALUES (9, 26);
INSERT INTO athlete_rankings (ranking_id, athlete_id) VALUES (14, 26);
INSERT INTO athlete_rankings (ranking_id, athlete_id) VALUES (4, 26);
INSERT INTO athlete_rankings (ranking_id, athlete_id) VALUES (12, 26);
INSERT INTO athlete_rankings (ranking_id, athlete_id) VALUES (17, 26);
INSERT INTO athlete_rankings (ranking_id, athlete_id) VALUES (8, 27);
INSERT INTO athlete_rankings (ranking_id, athlete_id) VALUES (12, 27);
INSERT INTO athlete_rankings (ranking_id, athlete_id) VALUES (16, 27);
INSERT INTO athlete_rankings (ranking_id, athlete_id) VALUES (15, 27);
INSERT INTO athlete_rankings (ranking_id, athlete_id) VALUES (17, 27);
INSERT INTO athlete_rankings (ranking_id, athlete_id) VALUES (2, 27);
INSERT INTO athlete_rankings (ranking_id, athlete_id) VALUES (3, 27);
INSERT INTO athlete_rankings (ranking_id, athlete_id) VALUES (14, 27);
INSERT INTO athlete_rankings (ranking_id, athlete_id) VALUES (18, 27);
INSERT INTO athlete_rankings (ranking_id, athlete_id) VALUES (17, 28);
INSERT INTO athlete_rankings (ranking_id, athlete_id) VALUES (6, 28);
INSERT INTO athlete_rankings (ranking_id, athlete_id) VALUES (2, 28);
INSERT INTO athlete_rankings (ranking_id, athlete_id) VALUES (3, 28);
INSERT INTO athlete_rankings (ranking_id, athlete_id) VALUES (7, 28);
INSERT INTO athlete_rankings (ranking_id, athlete_id) VALUES (18, 28);
INSERT INTO athlete_rankings (ranking_id, athlete_id) VALUES (14, 28);
INSERT INTO athlete_rankings (ranking_id, athlete_id) VALUES (15, 28);
INSERT INTO athlete_rankings (ranking_id, athlete_id) VALUES (19, 28);
INSERT INTO athlete_rankings (ranking_id, athlete_id) VALUES (1, 28);
INSERT INTO athlete_rankings (ranking_id, athlete_id) VALUES (5, 28);
INSERT INTO athlete_rankings (ranking_id, athlete_id) VALUES (11, 28);
INSERT INTO athlete_rankings (ranking_id, athlete_id) VALUES (8, 28);
INSERT INTO athlete_rankings (ranking_id, athlete_id) VALUES (9, 28);
INSERT INTO athlete_rankings (ranking_id, athlete_id) VALUES (7, 29);
INSERT INTO athlete_rankings (ranking_id, athlete_id) VALUES (14, 29);
INSERT INTO athlete_rankings (ranking_id, athlete_id) VALUES (20, 29);
INSERT INTO athlete_rankings (ranking_id, athlete_id) VALUES (3, 29);
INSERT INTO athlete_rankings (ranking_id, athlete_id) VALUES (12, 29);
INSERT INTO athlete_rankings (ranking_id, athlete_id) VALUES (8, 29);
INSERT INTO athlete_rankings (ranking_id, athlete_id) VALUES (4, 29);
INSERT INTO athlete_rankings (ranking_id, athlete_id) VALUES (16, 29);
INSERT INTO athlete_rankings (ranking_id, athlete_id) VALUES (17, 29);
INSERT INTO athlete_rankings (ranking_id, athlete_id) VALUES (2, 29);
INSERT INTO athlete_rankings (ranking_id, athlete_id) VALUES (10, 29);
INSERT INTO athlete_rankings (ranking_id, athlete_id) VALUES (11, 30);
INSERT INTO athlete_rankings (ranking_id, athlete_id) VALUES (20, 30);
INSERT INTO athlete_rankings (ranking_id, athlete_id) VALUES (17, 30);
INSERT INTO athlete_rankings (ranking_id, athlete_id) VALUES (20, 31);
INSERT INTO athlete_rankings (ranking_id, athlete_id) VALUES (17, 31);
INSERT INTO athlete_rankings (ranking_id, athlete_id) VALUES (7, 31);
INSERT INTO athlete_rankings (ranking_id, athlete_id) VALUES (18, 32);
INSERT INTO athlete_rankings (ranking_id, athlete_id) VALUES (9, 32);
INSERT INTO athlete_rankings (ranking_id, athlete_id) VALUES (15, 32);
INSERT INTO athlete_rankings (ranking_id, athlete_id) VALUES (20, 32);
INSERT INTO athlete_rankings (ranking_id, athlete_id) VALUES (10, 32);
INSERT INTO athlete_rankings (ranking_id, athlete_id) VALUES (13, 32);
INSERT INTO athlete_rankings (ranking_id, athlete_id) VALUES (19, 32);
INSERT INTO athlete_rankings (ranking_id, athlete_id) VALUES (17, 33);
INSERT INTO athlete_rankings (ranking_id, athlete_id) VALUES (18, 33);
INSERT INTO athlete_rankings (ranking_id, athlete_id) VALUES (15, 33);
INSERT INTO athlete_rankings (ranking_id, athlete_id) VALUES (4, 33);
INSERT INTO athlete_rankings (ranking_id, athlete_id) VALUES (3, 34);
INSERT INTO athlete_rankings (ranking_id, athlete_id) VALUES (7, 34);
INSERT INTO athlete_rankings (ranking_id, athlete_id) VALUES (10, 35);
INSERT INTO athlete_rankings (ranking_id, athlete_id) VALUES (7, 35);
INSERT INTO athlete_rankings (ranking_id, athlete_id) VALUES (17, 35);
INSERT INTO athlete_rankings (ranking_id, athlete_id) VALUES (20, 35);
INSERT INTO athlete_rankings (ranking_id, athlete_id) VALUES (3, 35);
INSERT INTO athlete_rankings (ranking_id, athlete_id) VALUES (18, 35);
INSERT INTO athlete_rankings (ranking_id, athlete_id) VALUES (1, 35);
INSERT INTO athlete_rankings (ranking_id, athlete_id) VALUES (16, 35);
INSERT INTO athlete_rankings (ranking_id, athlete_id) VALUES (6, 35);
INSERT INTO athlete_rankings (ranking_id, athlete_id) VALUES (12, 35);
INSERT INTO athlete_rankings (ranking_id, athlete_id) VALUES (9, 35);
INSERT INTO athlete_rankings (ranking_id, athlete_id) VALUES (6, 36);
INSERT INTO athlete_rankings (ranking_id, athlete_id) VALUES (5, 36);
INSERT INTO athlete_rankings (ranking_id, athlete_id) VALUES (20, 36);
INSERT INTO athlete_rankings (ranking_id, athlete_id) VALUES (4, 36);
INSERT INTO athlete_rankings (ranking_id, athlete_id) VALUES (3, 36);
INSERT INTO athlete_rankings (ranking_id, athlete_id) VALUES (2, 36);
INSERT INTO athlete_rankings (ranking_id, athlete_id) VALUES (7, 36);
INSERT INTO athlete_rankings (ranking_id, athlete_id) VALUES (8, 36);
INSERT INTO athlete_rankings (ranking_id, athlete_id) VALUES (13, 36);
INSERT INTO athlete_rankings (ranking_id, athlete_id) VALUES (17, 36);
INSERT INTO athlete_rankings (ranking_id, athlete_id) VALUES (1, 36);
INSERT INTO athlete_rankings (ranking_id, athlete_id) VALUES (12, 36);
INSERT INTO athlete_rankings (ranking_id, athlete_id) VALUES (11, 36);
INSERT INTO athlete_rankings (ranking_id, athlete_id) VALUES (1, 37);
INSERT INTO athlete_rankings (ranking_id, athlete_id) VALUES (17, 37);
INSERT INTO athlete_rankings (ranking_id, athlete_id) VALUES (15, 37);
INSERT INTO athlete_rankings (ranking_id, athlete_id) VALUES (2, 37);
INSERT INTO athlete_rankings (ranking_id, athlete_id) VALUES (8, 37);
INSERT INTO athlete_rankings (ranking_id, athlete_id) VALUES (6, 37);
INSERT INTO athlete_rankings (ranking_id, athlete_id) VALUES (12, 37);
INSERT INTO athlete_rankings (ranking_id, athlete_id) VALUES (10, 37);
INSERT INTO athlete_rankings (ranking_id, athlete_id) VALUES (14, 37);
INSERT INTO athlete_rankings (ranking_id, athlete_id) VALUES (13, 37);
INSERT INTO athlete_rankings (ranking_id, athlete_id) VALUES (14, 38);
INSERT INTO athlete_rankings (ranking_id, athlete_id) VALUES (19, 38);
INSERT INTO athlete_rankings (ranking_id, athlete_id) VALUES (6, 38);
INSERT INTO athlete_rankings (ranking_id, athlete_id) VALUES (1, 38);
INSERT INTO athlete_rankings (ranking_id, athlete_id) VALUES (8, 38);
INSERT INTO athlete_rankings (ranking_id, athlete_id) VALUES (4, 38);
INSERT INTO athlete_rankings (ranking_id, athlete_id) VALUES (11, 38);
INSERT INTO athlete_rankings (ranking_id, athlete_id) VALUES (17, 38);
INSERT INTO athlete_rankings (ranking_id, athlete_id) VALUES (12, 38);
INSERT INTO athlete_rankings (ranking_id, athlete_id) VALUES (15, 39);
INSERT INTO athlete_rankings (ranking_id, athlete_id) VALUES (1, 39);
INSERT INTO athlete_rankings (ranking_id, athlete_id) VALUES (3, 39);
INSERT INTO athlete_rankings (ranking_id, athlete_id) VALUES (9, 39);
INSERT INTO athlete_rankings (ranking_id, athlete_id) VALUES (11, 39);
INSERT INTO athlete_rankings (ranking_id, athlete_id) VALUES (4, 39);
INSERT INTO athlete_rankings (ranking_id, athlete_id) VALUES (12, 39);
INSERT INTO athlete_rankings (ranking_id, athlete_id) VALUES (5, 39);
INSERT INTO athlete_rankings (ranking_id, athlete_id) VALUES (20, 39);
INSERT INTO athlete_rankings (ranking_id, athlete_id) VALUES (19, 39);
INSERT INTO athlete_rankings (ranking_id, athlete_id) VALUES (7, 39);
INSERT INTO athlete_rankings (ranking_id, athlete_id) VALUES (13, 40);
INSERT INTO athlete_rankings (ranking_id, athlete_id) VALUES (8, 40);
INSERT INTO athlete_rankings (ranking_id, athlete_id) VALUES (5, 40);
INSERT INTO athlete_rankings (ranking_id, athlete_id) VALUES (10, 40);
INSERT INTO athlete_rankings (ranking_id, athlete_id) VALUES (4, 40);
INSERT INTO athlete_rankings (ranking_id, athlete_id) VALUES (18, 40);
INSERT INTO athlete_rankings (ranking_id, athlete_id) VALUES (14, 40);
INSERT INTO athlete_rankings (ranking_id, athlete_id) VALUES (19, 40);
INSERT INTO athlete_rankings (ranking_id, athlete_id) VALUES (6, 40);
INSERT INTO athlete_rankings (ranking_id, athlete_id) VALUES (11, 40);
INSERT INTO athlete_rankings (ranking_id, athlete_id) VALUES (12, 40);
INSERT INTO athlete_rankings (ranking_id, athlete_id) VALUES (7, 40);
INSERT INTO athlete_rankings (ranking_id, athlete_id) VALUES (17, 40);
INSERT INTO athlete_rankings (ranking_id, athlete_id) VALUES (2, 40);
INSERT INTO athlete_rankings (ranking_id, athlete_id) VALUES (15, 40);
INSERT INTO athlete_rankings (ranking_id, athlete_id) VALUES (9, 40);
INSERT INTO athlete_rankings (ranking_id, athlete_id) VALUES (1, 40);
INSERT INTO athlete_rankings (ranking_id, athlete_id) VALUES (20, 40);
INSERT INTO athlete_rankings (ranking_id, athlete_id) VALUES (16, 40);
INSERT INTO athlete_rankings (ranking_id, athlete_id) VALUES (4, 41);
INSERT INTO athlete_rankings (ranking_id, athlete_id) VALUES (14, 41);
INSERT INTO athlete_rankings (ranking_id, athlete_id) VALUES (19, 41);
INSERT INTO athlete_rankings (ranking_id, athlete_id) VALUES (3, 41);
INSERT INTO athlete_rankings (ranking_id, athlete_id) VALUES (13, 41);
INSERT INTO athlete_rankings (ranking_id, athlete_id) VALUES (5, 41);
INSERT INTO athlete_rankings (ranking_id, athlete_id) VALUES (15, 41);
INSERT INTO athlete_rankings (ranking_id, athlete_id) VALUES (11, 41);
INSERT INTO athlete_rankings (ranking_id, athlete_id) VALUES (20, 41);
INSERT INTO athlete_rankings (ranking_id, athlete_id) VALUES (16, 41);
INSERT INTO athlete_rankings (ranking_id, athlete_id) VALUES (6, 41);
INSERT INTO athlete_rankings (ranking_id, athlete_id) VALUES (7, 41);
INSERT INTO athlete_rankings (ranking_id, athlete_id) VALUES (2, 41);
INSERT INTO athlete_rankings (ranking_id, athlete_id) VALUES (10, 41);
INSERT INTO athlete_rankings (ranking_id, athlete_id) VALUES (12, 41);
INSERT INTO athlete_rankings (ranking_id, athlete_id) VALUES (17, 41);
INSERT INTO athlete_rankings (ranking_id, athlete_id) VALUES (9, 41);
INSERT INTO athlete_rankings (ranking_id, athlete_id) VALUES (18, 41);
INSERT INTO athlete_rankings (ranking_id, athlete_id) VALUES (15, 42);
INSERT INTO athlete_rankings (ranking_id, athlete_id) VALUES (18, 43);
INSERT INTO athlete_rankings (ranking_id, athlete_id) VALUES (9, 43);
INSERT INTO athlete_rankings (ranking_id, athlete_id) VALUES (2, 44);
INSERT INTO athlete_rankings (ranking_id, athlete_id) VALUES (3, 44);
INSERT INTO athlete_rankings (ranking_id, athlete_id) VALUES (15, 44);
INSERT INTO athlete_rankings (ranking_id, athlete_id) VALUES (9, 44);
INSERT INTO athlete_rankings (ranking_id, athlete_id) VALUES (7, 44);
INSERT INTO athlete_rankings (ranking_id, athlete_id) VALUES (1, 44);
INSERT INTO athlete_rankings (ranking_id, athlete_id) VALUES (17, 44);
INSERT INTO athlete_rankings (ranking_id, athlete_id) VALUES (19, 44);
INSERT INTO athlete_rankings (ranking_id, athlete_id) VALUES (14, 44);
INSERT INTO athlete_rankings (ranking_id, athlete_id) VALUES (13, 44);
INSERT INTO athlete_rankings (ranking_id, athlete_id) VALUES (12, 44);
INSERT INTO athlete_rankings (ranking_id, athlete_id) VALUES (5, 44);
INSERT INTO athlete_rankings (ranking_id, athlete_id) VALUES (18, 44);
INSERT INTO athlete_rankings (ranking_id, athlete_id) VALUES (10, 44);
INSERT INTO athlete_rankings (ranking_id, athlete_id) VALUES (11, 44);
INSERT INTO athlete_rankings (ranking_id, athlete_id) VALUES (8, 44);
INSERT INTO athlete_rankings (ranking_id, athlete_id) VALUES (20, 44);
INSERT INTO athlete_rankings (ranking_id, athlete_id) VALUES (1, 45);
INSERT INTO athlete_rankings (ranking_id, athlete_id) VALUES (10, 45);
INSERT INTO athlete_rankings (ranking_id, athlete_id) VALUES (6, 45);
INSERT INTO athlete_rankings (ranking_id, athlete_id) VALUES (19, 45);
INSERT INTO athlete_rankings (ranking_id, athlete_id) VALUES (7, 45);
INSERT INTO athlete_rankings (ranking_id, athlete_id) VALUES (8, 45);
INSERT INTO athlete_rankings (ranking_id, athlete_id) VALUES (2, 45);
INSERT INTO athlete_rankings (ranking_id, athlete_id) VALUES (12, 45);
INSERT INTO athlete_rankings (ranking_id, athlete_id) VALUES (3, 45);
INSERT INTO athlete_rankings (ranking_id, athlete_id) VALUES (15, 45);
INSERT INTO athlete_rankings (ranking_id, athlete_id) VALUES (16, 45);
INSERT INTO athlete_rankings (ranking_id, athlete_id) VALUES (11, 45);
INSERT INTO athlete_rankings (ranking_id, athlete_id) VALUES (20, 45);
INSERT INTO athlete_rankings (ranking_id, athlete_id) VALUES (13, 45);
INSERT INTO athlete_rankings (ranking_id, athlete_id) VALUES (16, 46);
INSERT INTO athlete_rankings (ranking_id, athlete_id) VALUES (19, 46);
INSERT INTO athlete_rankings (ranking_id, athlete_id) VALUES (5, 46);
INSERT INTO athlete_rankings (ranking_id, athlete_id) VALUES (14, 46);
INSERT INTO athlete_rankings (ranking_id, athlete_id) VALUES (1, 46);
INSERT INTO athlete_rankings (ranking_id, athlete_id) VALUES (15, 46);
INSERT INTO athlete_rankings (ranking_id, athlete_id) VALUES (20, 46);
INSERT INTO athlete_rankings (ranking_id, athlete_id) VALUES (4, 46);
INSERT INTO athlete_rankings (ranking_id, athlete_id) VALUES (17, 46);
INSERT INTO athlete_rankings (ranking_id, athlete_id) VALUES (9, 46);
INSERT INTO athlete_rankings (ranking_id, athlete_id) VALUES (10, 46);
INSERT INTO athlete_rankings (ranking_id, athlete_id) VALUES (6, 47);
INSERT INTO athlete_rankings (ranking_id, athlete_id) VALUES (13, 47);
INSERT INTO athlete_rankings (ranking_id, athlete_id) VALUES (20, 47);
INSERT INTO athlete_rankings (ranking_id, athlete_id) VALUES (19, 47);
INSERT INTO athlete_rankings (ranking_id, athlete_id) VALUES (16, 47);
INSERT INTO athlete_rankings (ranking_id, athlete_id) VALUES (10, 47);
INSERT INTO athlete_rankings (ranking_id, athlete_id) VALUES (1, 47);
INSERT INTO athlete_rankings (ranking_id, athlete_id) VALUES (5, 47);
INSERT INTO athlete_rankings (ranking_id, athlete_id) VALUES (14, 47);
INSERT INTO athlete_rankings (ranking_id, athlete_id) VALUES (17, 47);
INSERT INTO athlete_rankings (ranking_id, athlete_id) VALUES (12, 47);
INSERT INTO athlete_rankings (ranking_id, athlete_id) VALUES (3, 47);
INSERT INTO athlete_rankings (ranking_id, athlete_id) VALUES (7, 47);
INSERT INTO athlete_rankings (ranking_id, athlete_id) VALUES (4, 47);
INSERT INTO athlete_rankings (ranking_id, athlete_id) VALUES (2, 47);
INSERT INTO athlete_rankings (ranking_id, athlete_id) VALUES (18, 47);
INSERT INTO athlete_rankings (ranking_id, athlete_id) VALUES (15, 47);
INSERT INTO athlete_rankings (ranking_id, athlete_id) VALUES (11, 47);
INSERT INTO athlete_rankings (ranking_id, athlete_id) VALUES (9, 47);
INSERT INTO athlete_rankings (ranking_id, athlete_id) VALUES (1, 48);
INSERT INTO athlete_rankings (ranking_id, athlete_id) VALUES (3, 48);
INSERT INTO athlete_rankings (ranking_id, athlete_id) VALUES (5, 48);
INSERT INTO athlete_rankings (ranking_id, athlete_id) VALUES (11, 48);
INSERT INTO athlete_rankings (ranking_id, athlete_id) VALUES (14, 48);
INSERT INTO athlete_rankings (ranking_id, athlete_id) VALUES (6, 48);
INSERT INTO athlete_rankings (ranking_id, athlete_id) VALUES (18, 48);
INSERT INTO athlete_rankings (ranking_id, athlete_id) VALUES (20, 48);
INSERT INTO athlete_rankings (ranking_id, athlete_id) VALUES (15, 48);
INSERT INTO athlete_rankings (ranking_id, athlete_id) VALUES (4, 48);
INSERT INTO athlete_rankings (ranking_id, athlete_id) VALUES (16, 48);
INSERT INTO athlete_rankings (ranking_id, athlete_id) VALUES (13, 48);
INSERT INTO athlete_rankings (ranking_id, athlete_id) VALUES (12, 48);
INSERT INTO athlete_rankings (ranking_id, athlete_id) VALUES (2, 48);
INSERT INTO athlete_rankings (ranking_id, athlete_id) VALUES (19, 48);
INSERT INTO athlete_rankings (ranking_id, athlete_id) VALUES (9, 48);
INSERT INTO athlete_rankings (ranking_id, athlete_id) VALUES (10, 48);
INSERT INTO athlete_rankings (ranking_id, athlete_id) VALUES (8, 48);
INSERT INTO athlete_rankings (ranking_id, athlete_id) VALUES (7, 48);
INSERT INTO athlete_rankings (ranking_id, athlete_id) VALUES (2, 49);
INSERT INTO athlete_rankings (ranking_id, athlete_id) VALUES (1, 49);
INSERT INTO athlete_rankings (ranking_id, athlete_id) VALUES (3, 49);
INSERT INTO athlete_rankings (ranking_id, athlete_id) VALUES (20, 49);
INSERT INTO athlete_rankings (ranking_id, athlete_id) VALUES (19, 49);
INSERT INTO athlete_rankings (ranking_id, athlete_id) VALUES (8, 49);
INSERT INTO athlete_rankings (ranking_id, athlete_id) VALUES (13, 49);
INSERT INTO athlete_rankings (ranking_id, athlete_id) VALUES (4, 49);
INSERT INTO athlete_rankings (ranking_id, athlete_id) VALUES (17, 49);
INSERT INTO athlete_rankings (ranking_id, athlete_id) VALUES (16, 49);
INSERT INTO athlete_rankings (ranking_id, athlete_id) VALUES (6, 49);
INSERT INTO athlete_rankings (ranking_id, athlete_id) VALUES (14, 49);
INSERT INTO athlete_rankings (ranking_id, athlete_id) VALUES (18, 49);
INSERT INTO athlete_rankings (ranking_id, athlete_id) VALUES (9, 49);
INSERT INTO athlete_rankings (ranking_id, athlete_id) VALUES (10, 49);
INSERT INTO athlete_rankings (ranking_id, athlete_id) VALUES (5, 49);
INSERT INTO athlete_rankings (ranking_id, athlete_id) VALUES (11, 49);
INSERT INTO athlete_rankings (ranking_id, athlete_id) VALUES (15, 50);
INSERT INTO athlete_rankings (ranking_id, athlete_id) VALUES (6, 50);
INSERT INTO athlete_achievements (achievement_id, athlete_id) VALUES (28, 1);
INSERT INTO athlete_achievements (achievement_id, athlete_id) VALUES (22, 1);
INSERT INTO athlete_achievements (achievement_id, athlete_id) VALUES (4, 1);
INSERT INTO athlete_achievements (achievement_id, athlete_id) VALUES (6, 1);
INSERT INTO athlete_achievements (achievement_id, athlete_id) VALUES (26, 1);
INSERT INTO athlete_achievements (achievement_id, athlete_id) VALUES (11, 1);
INSERT INTO athlete_achievements (achievement_id, athlete_id) VALUES (21, 1);
INSERT INTO athlete_achievements (achievement_id, athlete_id) VALUES (18, 1);
INSERT INTO athlete_achievements (achievement_id, athlete_id) VALUES (25, 1);
INSERT INTO athlete_achievements (achievement_id, athlete_id) VALUES (8, 1);
INSERT INTO athlete_achievements (achievement_id, athlete_id) VALUES (23, 1);
INSERT INTO athlete_achievements (achievement_id, athlete_id) VALUES (16, 1);
INSERT INTO athlete_achievements (achievement_id, athlete_id) VALUES (30, 1);
INSERT INTO athlete_achievements (achievement_id, athlete_id) VALUES (14, 1);
INSERT INTO athlete_achievements (achievement_id, athlete_id) VALUES (12, 1);
INSERT INTO athlete_achievements (achievement_id, athlete_id) VALUES (29, 1);
INSERT INTO athlete_achievements (achievement_id, athlete_id) VALUES (27, 1);
INSERT INTO athlete_achievements (achievement_id, athlete_id) VALUES (2, 1);
INSERT INTO athlete_achievements (achievement_id, athlete_id) VALUES (10, 1);
INSERT INTO athlete_achievements (achievement_id, athlete_id) VALUES (7, 1);
INSERT INTO athlete_achievements (achievement_id, athlete_id) VALUES (24, 1);
INSERT INTO athlete_achievements (achievement_id, athlete_id) VALUES (9, 1);
INSERT INTO athlete_achievements (achievement_id, athlete_id) VALUES (13, 1);
INSERT INTO athlete_achievements (achievement_id, athlete_id) VALUES (5, 1);
INSERT INTO athlete_achievements (achievement_id, athlete_id) VALUES (15, 1);
INSERT INTO athlete_achievements (achievement_id, athlete_id) VALUES (19, 1);
INSERT INTO athlete_achievements (achievement_id, athlete_id) VALUES (3, 1);
INSERT INTO athlete_achievements (achievement_id, athlete_id) VALUES (7, 2);
INSERT INTO athlete_achievements (achievement_id, athlete_id) VALUES (6, 3);
INSERT INTO athlete_achievements (achievement_id, athlete_id) VALUES (24, 3);
INSERT INTO athlete_achievements (achievement_id, athlete_id) VALUES (21, 3);
INSERT INTO athlete_achievements (achievement_id, athlete_id) VALUES (17, 3);
INSERT INTO athlete_achievements (achievement_id, athlete_id) VALUES (13, 3);
INSERT INTO athlete_achievements (achievement_id, athlete_id) VALUES (7, 3);
INSERT INTO athlete_achievements (achievement_id, athlete_id) VALUES (12, 3);
INSERT INTO athlete_achievements (achievement_id, athlete_id) VALUES (9, 3);
INSERT INTO athlete_achievements (achievement_id, athlete_id) VALUES (27, 3);
INSERT INTO athlete_achievements (achievement_id, athlete_id) VALUES (1, 3);
INSERT INTO athlete_achievements (achievement_id, athlete_id) VALUES (16, 3);
INSERT INTO athlete_achievements (achievement_id, athlete_id) VALUES (4, 3);
INSERT INTO athlete_achievements (achievement_id, athlete_id) VALUES (28, 3);
INSERT INTO athlete_achievements (achievement_id, athlete_id) VALUES (3, 3);
INSERT INTO athlete_achievements (achievement_id, athlete_id) VALUES (11, 3);
INSERT INTO athlete_achievements (achievement_id, athlete_id) VALUES (22, 3);
INSERT INTO athlete_achievements (achievement_id, athlete_id) VALUES (19, 3);
INSERT INTO athlete_achievements (achievement_id, athlete_id) VALUES (25, 3);
INSERT INTO athlete_achievements (achievement_id, athlete_id) VALUES (23, 3);
INSERT INTO athlete_achievements (achievement_id, athlete_id) VALUES (18, 3);
INSERT INTO athlete_achievements (achievement_id, athlete_id) VALUES (28, 4);
INSERT INTO athlete_achievements (achievement_id, athlete_id) VALUES (23, 4);
INSERT INTO athlete_achievements (achievement_id, athlete_id) VALUES (15, 4);
INSERT INTO athlete_achievements (achievement_id, athlete_id) VALUES (26, 4);
INSERT INTO athlete_achievements (achievement_id, athlete_id) VALUES (22, 4);
INSERT INTO athlete_achievements (achievement_id, athlete_id) VALUES (16, 4);
INSERT INTO athlete_achievements (achievement_id, athlete_id) VALUES (9, 4);
INSERT INTO athlete_achievements (achievement_id, athlete_id) VALUES (21, 4);
INSERT INTO athlete_achievements (achievement_id, athlete_id) VALUES (1, 4);
INSERT INTO athlete_achievements (achievement_id, athlete_id) VALUES (30, 4);
INSERT INTO athlete_achievements (achievement_id, athlete_id) VALUES (11, 5);
INSERT INTO athlete_achievements (achievement_id, athlete_id) VALUES (21, 5);
INSERT INTO athlete_achievements (achievement_id, athlete_id) VALUES (14, 5);
INSERT INTO athlete_achievements (achievement_id, athlete_id) VALUES (3, 5);
INSERT INTO athlete_achievements (achievement_id, athlete_id) VALUES (20, 5);
INSERT INTO athlete_achievements (achievement_id, athlete_id) VALUES (19, 5);
INSERT INTO athlete_achievements (achievement_id, athlete_id) VALUES (1, 5);
INSERT INTO athlete_achievements (achievement_id, athlete_id) VALUES (27, 5);
INSERT INTO athlete_achievements (achievement_id, athlete_id) VALUES (16, 5);
INSERT INTO athlete_achievements (achievement_id, athlete_id) VALUES (17, 5);
INSERT INTO athlete_achievements (achievement_id, athlete_id) VALUES (18, 5);
INSERT INTO athlete_achievements (achievement_id, athlete_id) VALUES (12, 5);
INSERT INTO athlete_achievements (achievement_id, athlete_id) VALUES (2, 5);
INSERT INTO athlete_achievements (achievement_id, athlete_id) VALUES (22, 5);
INSERT INTO athlete_achievements (achievement_id, athlete_id) VALUES (10, 5);
INSERT INTO athlete_achievements (achievement_id, athlete_id) VALUES (30, 5);
INSERT INTO athlete_achievements (achievement_id, athlete_id) VALUES (26, 5);
INSERT INTO athlete_achievements (achievement_id, athlete_id) VALUES (25, 5);
INSERT INTO athlete_achievements (achievement_id, athlete_id) VALUES (9, 5);
INSERT INTO athlete_achievements (achievement_id, athlete_id) VALUES (24, 5);
INSERT INTO athlete_achievements (achievement_id, athlete_id) VALUES (6, 5);
INSERT INTO athlete_achievements (achievement_id, athlete_id) VALUES (7, 5);
INSERT INTO athlete_achievements (achievement_id, athlete_id) VALUES (15, 5);
INSERT INTO athlete_achievements (achievement_id, athlete_id) VALUES (25, 6);
INSERT INTO athlete_achievements (achievement_id, athlete_id) VALUES (1, 6);
INSERT INTO athlete_achievements (achievement_id, athlete_id) VALUES (3, 6);
INSERT INTO athlete_achievements (achievement_id, athlete_id) VALUES (8, 6);
INSERT INTO athlete_achievements (achievement_id, athlete_id) VALUES (5, 6);
INSERT INTO athlete_achievements (achievement_id, athlete_id) VALUES (23, 6);
INSERT INTO athlete_achievements (achievement_id, athlete_id) VALUES (14, 6);
INSERT INTO athlete_achievements (achievement_id, athlete_id) VALUES (25, 7);
INSERT INTO athlete_achievements (achievement_id, athlete_id) VALUES (22, 7);
INSERT INTO athlete_achievements (achievement_id, athlete_id) VALUES (5, 7);
INSERT INTO athlete_achievements (achievement_id, athlete_id) VALUES (10, 7);
INSERT INTO athlete_achievements (achievement_id, athlete_id) VALUES (29, 7);
INSERT INTO athlete_achievements (achievement_id, athlete_id) VALUES (3, 7);
INSERT INTO athlete_achievements (achievement_id, athlete_id) VALUES (24, 7);
INSERT INTO athlete_achievements (achievement_id, athlete_id) VALUES (15, 7);
INSERT INTO athlete_achievements (achievement_id, athlete_id) VALUES (28, 7);
INSERT INTO athlete_achievements (achievement_id, athlete_id) VALUES (1, 7);
INSERT INTO athlete_achievements (achievement_id, athlete_id) VALUES (23, 7);
INSERT INTO athlete_achievements (achievement_id, athlete_id) VALUES (4, 7);
INSERT INTO athlete_achievements (achievement_id, athlete_id) VALUES (18, 7);
INSERT INTO athlete_achievements (achievement_id, athlete_id) VALUES (20, 7);
INSERT INTO athlete_achievements (achievement_id, athlete_id) VALUES (11, 7);
INSERT INTO athlete_achievements (achievement_id, athlete_id) VALUES (8, 7);
INSERT INTO athlete_achievements (achievement_id, athlete_id) VALUES (28, 8);
INSERT INTO athlete_achievements (achievement_id, athlete_id) VALUES (6, 8);
INSERT INTO athlete_achievements (achievement_id, athlete_id) VALUES (5, 8);
INSERT INTO athlete_achievements (achievement_id, athlete_id) VALUES (22, 8);
INSERT INTO athlete_achievements (achievement_id, athlete_id) VALUES (12, 8);
INSERT INTO athlete_achievements (achievement_id, athlete_id) VALUES (3, 8);
INSERT INTO athlete_achievements (achievement_id, athlete_id) VALUES (9, 8);
INSERT INTO athlete_achievements (achievement_id, athlete_id) VALUES (30, 8);
INSERT INTO athlete_achievements (achievement_id, athlete_id) VALUES (16, 8);
INSERT INTO athlete_achievements (achievement_id, athlete_id) VALUES (10, 8);
INSERT INTO athlete_achievements (achievement_id, athlete_id) VALUES (23, 8);
INSERT INTO athlete_achievements (achievement_id, athlete_id) VALUES (21, 8);
INSERT INTO athlete_achievements (achievement_id, athlete_id) VALUES (4, 8);
INSERT INTO athlete_achievements (achievement_id, athlete_id) VALUES (17, 8);
INSERT INTO athlete_achievements (achievement_id, athlete_id) VALUES (19, 8);
INSERT INTO athlete_achievements (achievement_id, athlete_id) VALUES (20, 8);
INSERT INTO athlete_achievements (achievement_id, athlete_id) VALUES (18, 8);
INSERT INTO athlete_achievements (achievement_id, athlete_id) VALUES (11, 8);
INSERT INTO athlete_achievements (achievement_id, athlete_id) VALUES (7, 8);
INSERT INTO athlete_achievements (achievement_id, athlete_id) VALUES (25, 8);
INSERT INTO athlete_achievements (achievement_id, athlete_id) VALUES (2, 8);
INSERT INTO athlete_achievements (achievement_id, athlete_id) VALUES (13, 8);
INSERT INTO athlete_achievements (achievement_id, athlete_id) VALUES (14, 8);
INSERT INTO athlete_achievements (achievement_id, athlete_id) VALUES (24, 8);
INSERT INTO athlete_achievements (achievement_id, athlete_id) VALUES (18, 9);
INSERT INTO athlete_achievements (achievement_id, athlete_id) VALUES (5, 9);
INSERT INTO athlete_achievements (achievement_id, athlete_id) VALUES (1, 9);
INSERT INTO athlete_achievements (achievement_id, athlete_id) VALUES (11, 9);
INSERT INTO athlete_achievements (achievement_id, athlete_id) VALUES (17, 9);
INSERT INTO athlete_achievements (achievement_id, athlete_id) VALUES (25, 9);
INSERT INTO athlete_achievements (achievement_id, athlete_id) VALUES (9, 9);
INSERT INTO athlete_achievements (achievement_id, athlete_id) VALUES (7, 9);
INSERT INTO athlete_achievements (achievement_id, athlete_id) VALUES (13, 9);
INSERT INTO athlete_achievements (achievement_id, athlete_id) VALUES (27, 9);
INSERT INTO athlete_achievements (achievement_id, athlete_id) VALUES (12, 9);
INSERT INTO athlete_achievements (achievement_id, athlete_id) VALUES (2, 9);
INSERT INTO athlete_achievements (achievement_id, athlete_id) VALUES (26, 9);
INSERT INTO athlete_achievements (achievement_id, athlete_id) VALUES (28, 9);
INSERT INTO athlete_achievements (achievement_id, athlete_id) VALUES (29, 9);
INSERT INTO athlete_achievements (achievement_id, athlete_id) VALUES (10, 9);
INSERT INTO athlete_achievements (achievement_id, athlete_id) VALUES (3, 9);
INSERT INTO athlete_achievements (achievement_id, athlete_id) VALUES (3, 10);
INSERT INTO athlete_achievements (achievement_id, athlete_id) VALUES (2, 10);
INSERT INTO athlete_achievements (achievement_id, athlete_id) VALUES (4, 10);
INSERT INTO athlete_achievements (achievement_id, athlete_id) VALUES (5, 10);
INSERT INTO athlete_achievements (achievement_id, athlete_id) VALUES (14, 10);
INSERT INTO athlete_achievements (achievement_id, athlete_id) VALUES (8, 10);
INSERT INTO athlete_achievements (achievement_id, athlete_id) VALUES (9, 10);
INSERT INTO athlete_achievements (achievement_id, athlete_id) VALUES (13, 10);
INSERT INTO athlete_achievements (achievement_id, athlete_id) VALUES (28, 10);
INSERT INTO athlete_achievements (achievement_id, athlete_id) VALUES (7, 10);
INSERT INTO athlete_achievements (achievement_id, athlete_id) VALUES (10, 10);
INSERT INTO athlete_achievements (achievement_id, athlete_id) VALUES (19, 10);
INSERT INTO athlete_achievements (achievement_id, athlete_id) VALUES (20, 10);
INSERT INTO athlete_achievements (achievement_id, athlete_id) VALUES (1, 10);
INSERT INTO athlete_achievements (achievement_id, athlete_id) VALUES (16, 10);
INSERT INTO athlete_achievements (achievement_id, athlete_id) VALUES (23, 10);
INSERT INTO athlete_achievements (achievement_id, athlete_id) VALUES (25, 10);
INSERT INTO athlete_achievements (achievement_id, athlete_id) VALUES (26, 11);
INSERT INTO athlete_achievements (achievement_id, athlete_id) VALUES (21, 11);
INSERT INTO athlete_achievements (achievement_id, athlete_id) VALUES (12, 11);
INSERT INTO athlete_achievements (achievement_id, athlete_id) VALUES (25, 11);
INSERT INTO athlete_achievements (achievement_id, athlete_id) VALUES (18, 11);
INSERT INTO athlete_achievements (achievement_id, athlete_id) VALUES (2, 11);
INSERT INTO athlete_achievements (achievement_id, athlete_id) VALUES (27, 11);
INSERT INTO athlete_achievements (achievement_id, athlete_id) VALUES (8, 11);
INSERT INTO athlete_achievements (achievement_id, athlete_id) VALUES (10, 11);
INSERT INTO athlete_achievements (achievement_id, athlete_id) VALUES (29, 11);
INSERT INTO athlete_achievements (achievement_id, athlete_id) VALUES (3, 11);
INSERT INTO athlete_achievements (achievement_id, athlete_id) VALUES (24, 11);
INSERT INTO athlete_achievements (achievement_id, athlete_id) VALUES (13, 11);
INSERT INTO athlete_achievements (achievement_id, athlete_id) VALUES (17, 11);
INSERT INTO athlete_achievements (achievement_id, athlete_id) VALUES (9, 11);
INSERT INTO athlete_achievements (achievement_id, athlete_id) VALUES (28, 11);
INSERT INTO athlete_achievements (achievement_id, athlete_id) VALUES (22, 11);
INSERT INTO athlete_achievements (achievement_id, athlete_id) VALUES (11, 11);
INSERT INTO athlete_achievements (achievement_id, athlete_id) VALUES (19, 11);
INSERT INTO athlete_achievements (achievement_id, athlete_id) VALUES (20, 11);
INSERT INTO athlete_achievements (achievement_id, athlete_id) VALUES (4, 11);
INSERT INTO athlete_achievements (achievement_id, athlete_id) VALUES (30, 11);
INSERT INTO athlete_achievements (achievement_id, athlete_id) VALUES (16, 11);
INSERT INTO athlete_achievements (achievement_id, athlete_id) VALUES (14, 11);
INSERT INTO athlete_achievements (achievement_id, athlete_id) VALUES (5, 11);
INSERT INTO athlete_achievements (achievement_id, athlete_id) VALUES (15, 11);
INSERT INTO athlete_achievements (achievement_id, athlete_id) VALUES (23, 11);
INSERT INTO athlete_achievements (achievement_id, athlete_id) VALUES (6, 11);
INSERT INTO athlete_achievements (achievement_id, athlete_id) VALUES (16, 12);
INSERT INTO athlete_achievements (achievement_id, athlete_id) VALUES (11, 12);
INSERT INTO athlete_achievements (achievement_id, athlete_id) VALUES (28, 12);
INSERT INTO athlete_achievements (achievement_id, athlete_id) VALUES (26, 12);
INSERT INTO athlete_achievements (achievement_id, athlete_id) VALUES (6, 12);
INSERT INTO athlete_achievements (achievement_id, athlete_id) VALUES (14, 12);
INSERT INTO athlete_achievements (achievement_id, athlete_id) VALUES (7, 12);
INSERT INTO athlete_achievements (achievement_id, athlete_id) VALUES (20, 12);
INSERT INTO athlete_achievements (achievement_id, athlete_id) VALUES (25, 12);
INSERT INTO athlete_achievements (achievement_id, athlete_id) VALUES (3, 12);
INSERT INTO athlete_achievements (achievement_id, athlete_id) VALUES (8, 13);
INSERT INTO athlete_achievements (achievement_id, athlete_id) VALUES (23, 13);
INSERT INTO athlete_achievements (achievement_id, athlete_id) VALUES (25, 13);
INSERT INTO athlete_achievements (achievement_id, athlete_id) VALUES (11, 13);
INSERT INTO athlete_achievements (achievement_id, athlete_id) VALUES (29, 13);
INSERT INTO athlete_achievements (achievement_id, athlete_id) VALUES (13, 13);
INSERT INTO athlete_achievements (achievement_id, athlete_id) VALUES (27, 14);
INSERT INTO athlete_achievements (achievement_id, athlete_id) VALUES (16, 14);
INSERT INTO athlete_achievements (achievement_id, athlete_id) VALUES (8, 14);
INSERT INTO athlete_achievements (achievement_id, athlete_id) VALUES (29, 14);
INSERT INTO athlete_achievements (achievement_id, athlete_id) VALUES (3, 14);
INSERT INTO athlete_achievements (achievement_id, athlete_id) VALUES (10, 14);
INSERT INTO athlete_achievements (achievement_id, athlete_id) VALUES (23, 14);
INSERT INTO athlete_achievements (achievement_id, athlete_id) VALUES (17, 14);
INSERT INTO athlete_achievements (achievement_id, athlete_id) VALUES (1, 14);
INSERT INTO athlete_achievements (achievement_id, athlete_id) VALUES (15, 14);
INSERT INTO athlete_achievements (achievement_id, athlete_id) VALUES (13, 15);
INSERT INTO athlete_achievements (achievement_id, athlete_id) VALUES (3, 15);
INSERT INTO athlete_achievements (achievement_id, athlete_id) VALUES (11, 15);
INSERT INTO athlete_achievements (achievement_id, athlete_id) VALUES (14, 15);
INSERT INTO athlete_achievements (achievement_id, athlete_id) VALUES (12, 15);
INSERT INTO athlete_achievements (achievement_id, athlete_id) VALUES (6, 15);
INSERT INTO athlete_achievements (achievement_id, athlete_id) VALUES (28, 15);
INSERT INTO athlete_achievements (achievement_id, athlete_id) VALUES (8, 15);
INSERT INTO athlete_achievements (achievement_id, athlete_id) VALUES (22, 15);
INSERT INTO athlete_achievements (achievement_id, athlete_id) VALUES (30, 15);
INSERT INTO athlete_achievements (achievement_id, athlete_id) VALUES (15, 15);
INSERT INTO athlete_achievements (achievement_id, athlete_id) VALUES (27, 15);
INSERT INTO athlete_achievements (achievement_id, athlete_id) VALUES (19, 15);
INSERT INTO athlete_achievements (achievement_id, athlete_id) VALUES (2, 15);
INSERT INTO athlete_achievements (achievement_id, athlete_id) VALUES (9, 15);
INSERT INTO athlete_achievements (achievement_id, athlete_id) VALUES (10, 15);
INSERT INTO athlete_achievements (achievement_id, athlete_id) VALUES (17, 15);
INSERT INTO athlete_achievements (achievement_id, athlete_id) VALUES (7, 15);
INSERT INTO athlete_achievements (achievement_id, athlete_id) VALUES (18, 15);
INSERT INTO athlete_achievements (achievement_id, athlete_id) VALUES (21, 15);
INSERT INTO athlete_achievements (achievement_id, athlete_id) VALUES (29, 15);
INSERT INTO athlete_achievements (achievement_id, athlete_id) VALUES (5, 15);
INSERT INTO athlete_achievements (achievement_id, athlete_id) VALUES (4, 15);
INSERT INTO athlete_achievements (achievement_id, athlete_id) VALUES (8, 16);
INSERT INTO athlete_achievements (achievement_id, athlete_id) VALUES (3, 16);
INSERT INTO athlete_achievements (achievement_id, athlete_id) VALUES (6, 16);
INSERT INTO athlete_achievements (achievement_id, athlete_id) VALUES (13, 16);
INSERT INTO athlete_achievements (achievement_id, athlete_id) VALUES (11, 16);
INSERT INTO athlete_achievements (achievement_id, athlete_id) VALUES (28, 16);
INSERT INTO athlete_achievements (achievement_id, athlete_id) VALUES (5, 16);
INSERT INTO athlete_achievements (achievement_id, athlete_id) VALUES (29, 16);
INSERT INTO athlete_achievements (achievement_id, athlete_id) VALUES (19, 16);
INSERT INTO athlete_achievements (achievement_id, athlete_id) VALUES (2, 16);
INSERT INTO athlete_achievements (achievement_id, athlete_id) VALUES (12, 16);
INSERT INTO athlete_achievements (achievement_id, athlete_id) VALUES (7, 16);
INSERT INTO athlete_achievements (achievement_id, athlete_id) VALUES (14, 16);
INSERT INTO athlete_achievements (achievement_id, athlete_id) VALUES (30, 16);
INSERT INTO athlete_achievements (achievement_id, athlete_id) VALUES (18, 16);
INSERT INTO athlete_achievements (achievement_id, athlete_id) VALUES (25, 16);
INSERT INTO athlete_achievements (achievement_id, athlete_id) VALUES (10, 16);
INSERT INTO athlete_achievements (achievement_id, athlete_id) VALUES (17, 16);
INSERT INTO athlete_achievements (achievement_id, athlete_id) VALUES (24, 16);
INSERT INTO athlete_achievements (achievement_id, athlete_id) VALUES (4, 16);
INSERT INTO athlete_achievements (achievement_id, athlete_id) VALUES (26, 16);
INSERT INTO athlete_achievements (achievement_id, athlete_id) VALUES (22, 16);
INSERT INTO athlete_achievements (achievement_id, athlete_id) VALUES (23, 16);
INSERT INTO athlete_achievements (achievement_id, athlete_id) VALUES (20, 16);
INSERT INTO athlete_achievements (achievement_id, athlete_id) VALUES (4, 17);
INSERT INTO athlete_achievements (achievement_id, athlete_id) VALUES (21, 17);
INSERT INTO athlete_achievements (achievement_id, athlete_id) VALUES (17, 17);
INSERT INTO athlete_achievements (achievement_id, athlete_id) VALUES (15, 17);
INSERT INTO athlete_achievements (achievement_id, athlete_id) VALUES (26, 17);
INSERT INTO athlete_achievements (achievement_id, athlete_id) VALUES (24, 17);
INSERT INTO athlete_achievements (achievement_id, athlete_id) VALUES (5, 17);
INSERT INTO athlete_achievements (achievement_id, athlete_id) VALUES (22, 17);
INSERT INTO athlete_achievements (achievement_id, athlete_id) VALUES (18, 17);
INSERT INTO athlete_achievements (achievement_id, athlete_id) VALUES (1, 17);
INSERT INTO athlete_achievements (achievement_id, athlete_id) VALUES (14, 17);
INSERT INTO athlete_achievements (achievement_id, athlete_id) VALUES (30, 17);
INSERT INTO athlete_achievements (achievement_id, athlete_id) VALUES (2, 17);
INSERT INTO athlete_achievements (achievement_id, athlete_id) VALUES (23, 17);
INSERT INTO athlete_achievements (achievement_id, athlete_id) VALUES (19, 17);
INSERT INTO athlete_achievements (achievement_id, athlete_id) VALUES (13, 17);
INSERT INTO athlete_achievements (achievement_id, athlete_id) VALUES (12, 17);
INSERT INTO athlete_achievements (achievement_id, athlete_id) VALUES (8, 17);
INSERT INTO athlete_achievements (achievement_id, athlete_id) VALUES (29, 17);
INSERT INTO athlete_achievements (achievement_id, athlete_id) VALUES (6, 17);
INSERT INTO athlete_achievements (achievement_id, athlete_id) VALUES (28, 18);
INSERT INTO athlete_achievements (achievement_id, athlete_id) VALUES (13, 18);
INSERT INTO athlete_achievements (achievement_id, athlete_id) VALUES (15, 18);
INSERT INTO athlete_achievements (achievement_id, athlete_id) VALUES (1, 18);
INSERT INTO athlete_achievements (achievement_id, athlete_id) VALUES (16, 18);
INSERT INTO athlete_achievements (achievement_id, athlete_id) VALUES (4, 18);
INSERT INTO athlete_achievements (achievement_id, athlete_id) VALUES (23, 18);
INSERT INTO athlete_achievements (achievement_id, athlete_id) VALUES (24, 18);
INSERT INTO athlete_achievements (achievement_id, athlete_id) VALUES (18, 18);
INSERT INTO athlete_achievements (achievement_id, athlete_id) VALUES (12, 18);
INSERT INTO athlete_achievements (achievement_id, athlete_id) VALUES (11, 18);
INSERT INTO athlete_achievements (achievement_id, athlete_id) VALUES (7, 18);
INSERT INTO athlete_achievements (achievement_id, athlete_id) VALUES (27, 18);
INSERT INTO athlete_achievements (achievement_id, athlete_id) VALUES (26, 18);
INSERT INTO athlete_achievements (achievement_id, athlete_id) VALUES (20, 18);
INSERT INTO athlete_achievements (achievement_id, athlete_id) VALUES (14, 18);
INSERT INTO athlete_achievements (achievement_id, athlete_id) VALUES (30, 18);
INSERT INTO athlete_achievements (achievement_id, athlete_id) VALUES (3, 18);
INSERT INTO athlete_achievements (achievement_id, athlete_id) VALUES (17, 18);
INSERT INTO athlete_achievements (achievement_id, athlete_id) VALUES (8, 18);
INSERT INTO athlete_achievements (achievement_id, athlete_id) VALUES (2, 18);
INSERT INTO athlete_achievements (achievement_id, athlete_id) VALUES (22, 18);
INSERT INTO athlete_achievements (achievement_id, athlete_id) VALUES (2, 19);
INSERT INTO athlete_achievements (achievement_id, athlete_id) VALUES (5, 19);
INSERT INTO athlete_achievements (achievement_id, athlete_id) VALUES (19, 19);
INSERT INTO athlete_achievements (achievement_id, athlete_id) VALUES (12, 19);
INSERT INTO athlete_achievements (achievement_id, athlete_id) VALUES (22, 19);
INSERT INTO athlete_achievements (achievement_id, athlete_id) VALUES (9, 19);
INSERT INTO athlete_achievements (achievement_id, athlete_id) VALUES (7, 19);
INSERT INTO athlete_achievements (achievement_id, athlete_id) VALUES (21, 19);
INSERT INTO athlete_achievements (achievement_id, athlete_id) VALUES (6, 19);
INSERT INTO athlete_achievements (achievement_id, athlete_id) VALUES (14, 19);
INSERT INTO athlete_achievements (achievement_id, athlete_id) VALUES (13, 19);
INSERT INTO athlete_achievements (achievement_id, athlete_id) VALUES (3, 19);
INSERT INTO athlete_achievements (achievement_id, athlete_id) VALUES (10, 19);
INSERT INTO athlete_achievements (achievement_id, athlete_id) VALUES (26, 19);
INSERT INTO athlete_achievements (achievement_id, athlete_id) VALUES (18, 19);
INSERT INTO athlete_achievements (achievement_id, athlete_id) VALUES (20, 19);
INSERT INTO athlete_achievements (achievement_id, athlete_id) VALUES (27, 19);
INSERT INTO athlete_achievements (achievement_id, athlete_id) VALUES (17, 19);
INSERT INTO athlete_achievements (achievement_id, athlete_id) VALUES (4, 19);
INSERT INTO athlete_achievements (achievement_id, athlete_id) VALUES (29, 19);
INSERT INTO athlete_achievements (achievement_id, athlete_id) VALUES (16, 19);
INSERT INTO athlete_achievements (achievement_id, athlete_id) VALUES (25, 19);
INSERT INTO athlete_achievements (achievement_id, athlete_id) VALUES (29, 20);
INSERT INTO athlete_achievements (achievement_id, athlete_id) VALUES (20, 20);
INSERT INTO athlete_achievements (achievement_id, athlete_id) VALUES (4, 20);
INSERT INTO athlete_achievements (achievement_id, athlete_id) VALUES (9, 20);
INSERT INTO athlete_achievements (achievement_id, athlete_id) VALUES (11, 20);
INSERT INTO athlete_achievements (achievement_id, athlete_id) VALUES (19, 20);
INSERT INTO athlete_achievements (achievement_id, athlete_id) VALUES (13, 20);
INSERT INTO athlete_achievements (achievement_id, athlete_id) VALUES (10, 20);
INSERT INTO athlete_achievements (achievement_id, athlete_id) VALUES (28, 20);
INSERT INTO athlete_achievements (achievement_id, athlete_id) VALUES (8, 20);
INSERT INTO athlete_achievements (achievement_id, athlete_id) VALUES (12, 20);
INSERT INTO athlete_achievements (achievement_id, athlete_id) VALUES (7, 21);
INSERT INTO athlete_achievements (achievement_id, athlete_id) VALUES (25, 21);
INSERT INTO athlete_achievements (achievement_id, athlete_id) VALUES (1, 21);
INSERT INTO athlete_achievements (achievement_id, athlete_id) VALUES (18, 21);
INSERT INTO athlete_achievements (achievement_id, athlete_id) VALUES (8, 21);
INSERT INTO athlete_achievements (achievement_id, athlete_id) VALUES (30, 21);
INSERT INTO athlete_achievements (achievement_id, athlete_id) VALUES (23, 21);
INSERT INTO athlete_achievements (achievement_id, athlete_id) VALUES (14, 21);
INSERT INTO athlete_achievements (achievement_id, athlete_id) VALUES (12, 21);
INSERT INTO athlete_achievements (achievement_id, athlete_id) VALUES (20, 21);
INSERT INTO athlete_achievements (achievement_id, athlete_id) VALUES (16, 21);
INSERT INTO athlete_achievements (achievement_id, athlete_id) VALUES (5, 21);
INSERT INTO athlete_achievements (achievement_id, athlete_id) VALUES (15, 21);
INSERT INTO athlete_achievements (achievement_id, athlete_id) VALUES (6, 21);
INSERT INTO athlete_achievements (achievement_id, athlete_id) VALUES (9, 21);
INSERT INTO athlete_achievements (achievement_id, athlete_id) VALUES (26, 21);
INSERT INTO athlete_achievements (achievement_id, athlete_id) VALUES (13, 21);
INSERT INTO athlete_achievements (achievement_id, athlete_id) VALUES (29, 21);
INSERT INTO athlete_achievements (achievement_id, athlete_id) VALUES (22, 21);
INSERT INTO athlete_achievements (achievement_id, athlete_id) VALUES (2, 22);
INSERT INTO athlete_achievements (achievement_id, athlete_id) VALUES (10, 22);
INSERT INTO athlete_achievements (achievement_id, athlete_id) VALUES (8, 22);
INSERT INTO athlete_achievements (achievement_id, athlete_id) VALUES (5, 22);
INSERT INTO athlete_achievements (achievement_id, athlete_id) VALUES (14, 22);
INSERT INTO athlete_achievements (achievement_id, athlete_id) VALUES (16, 22);
INSERT INTO athlete_achievements (achievement_id, athlete_id) VALUES (13, 22);
INSERT INTO athlete_achievements (achievement_id, athlete_id) VALUES (21, 22);
INSERT INTO athlete_achievements (achievement_id, athlete_id) VALUES (12, 22);
INSERT INTO athlete_achievements (achievement_id, athlete_id) VALUES (4, 22);
INSERT INTO athlete_achievements (achievement_id, athlete_id) VALUES (1, 22);
INSERT INTO athlete_achievements (achievement_id, athlete_id) VALUES (3, 22);
INSERT INTO athlete_achievements (achievement_id, athlete_id) VALUES (27, 22);
INSERT INTO athlete_achievements (achievement_id, athlete_id) VALUES (19, 22);
INSERT INTO athlete_achievements (achievement_id, athlete_id) VALUES (22, 22);
INSERT INTO athlete_achievements (achievement_id, athlete_id) VALUES (9, 22);
INSERT INTO athlete_achievements (achievement_id, athlete_id) VALUES (29, 22);
INSERT INTO athlete_achievements (achievement_id, athlete_id) VALUES (7, 22);
INSERT INTO athlete_achievements (achievement_id, athlete_id) VALUES (20, 22);
INSERT INTO athlete_achievements (achievement_id, athlete_id) VALUES (24, 22);
INSERT INTO athlete_achievements (achievement_id, athlete_id) VALUES (26, 22);
INSERT INTO athlete_achievements (achievement_id, athlete_id) VALUES (15, 22);
INSERT INTO athlete_achievements (achievement_id, athlete_id) VALUES (26, 23);
INSERT INTO athlete_achievements (achievement_id, athlete_id) VALUES (12, 23);
INSERT INTO athlete_achievements (achievement_id, athlete_id) VALUES (29, 23);
INSERT INTO athlete_achievements (achievement_id, athlete_id) VALUES (13, 23);
INSERT INTO athlete_achievements (achievement_id, athlete_id) VALUES (9, 23);
INSERT INTO athlete_achievements (achievement_id, athlete_id) VALUES (16, 23);
INSERT INTO athlete_achievements (achievement_id, athlete_id) VALUES (4, 23);
INSERT INTO athlete_achievements (achievement_id, athlete_id) VALUES (8, 23);
INSERT INTO athlete_achievements (achievement_id, athlete_id) VALUES (25, 23);
INSERT INTO athlete_achievements (achievement_id, athlete_id) VALUES (21, 23);
INSERT INTO athlete_achievements (achievement_id, athlete_id) VALUES (9, 24);
INSERT INTO athlete_achievements (achievement_id, athlete_id) VALUES (28, 24);
INSERT INTO athlete_achievements (achievement_id, athlete_id) VALUES (8, 24);
INSERT INTO athlete_achievements (achievement_id, athlete_id) VALUES (3, 24);
INSERT INTO athlete_achievements (achievement_id, athlete_id) VALUES (4, 24);
INSERT INTO athlete_achievements (achievement_id, athlete_id) VALUES (19, 24);
INSERT INTO athlete_achievements (achievement_id, athlete_id) VALUES (14, 24);
INSERT INTO athlete_achievements (achievement_id, athlete_id) VALUES (1, 24);
INSERT INTO athlete_achievements (achievement_id, athlete_id) VALUES (12, 24);
INSERT INTO athlete_achievements (achievement_id, athlete_id) VALUES (18, 24);
INSERT INTO athlete_achievements (achievement_id, athlete_id) VALUES (10, 24);
INSERT INTO athlete_achievements (achievement_id, athlete_id) VALUES (30, 24);
INSERT INTO athlete_achievements (achievement_id, athlete_id) VALUES (21, 24);
INSERT INTO athlete_achievements (achievement_id, athlete_id) VALUES (25, 24);
INSERT INTO athlete_achievements (achievement_id, athlete_id) VALUES (26, 24);
INSERT INTO athlete_achievements (achievement_id, athlete_id) VALUES (5, 24);
INSERT INTO athlete_achievements (achievement_id, athlete_id) VALUES (20, 24);
INSERT INTO athlete_achievements (achievement_id, athlete_id) VALUES (7, 24);
INSERT INTO athlete_achievements (achievement_id, athlete_id) VALUES (22, 24);
INSERT INTO athlete_achievements (achievement_id, athlete_id) VALUES (15, 24);
INSERT INTO athlete_achievements (achievement_id, athlete_id) VALUES (24, 24);
INSERT INTO athlete_achievements (achievement_id, athlete_id) VALUES (2, 24);
INSERT INTO athlete_achievements (achievement_id, athlete_id) VALUES (27, 24);
INSERT INTO athlete_achievements (achievement_id, athlete_id) VALUES (11, 24);
INSERT INTO athlete_achievements (achievement_id, athlete_id) VALUES (16, 24);
INSERT INTO athlete_achievements (achievement_id, athlete_id) VALUES (29, 24);
INSERT INTO athlete_achievements (achievement_id, athlete_id) VALUES (13, 24);
INSERT INTO athlete_achievements (achievement_id, athlete_id) VALUES (23, 24);
INSERT INTO athlete_achievements (achievement_id, athlete_id) VALUES (6, 24);
INSERT INTO athlete_achievements (achievement_id, athlete_id) VALUES (3, 25);
INSERT INTO athlete_achievements (achievement_id, athlete_id) VALUES (20, 25);
INSERT INTO athlete_achievements (achievement_id, athlete_id) VALUES (7, 25);
INSERT INTO athlete_achievements (achievement_id, athlete_id) VALUES (29, 25);
INSERT INTO athlete_achievements (achievement_id, athlete_id) VALUES (8, 25);
INSERT INTO athlete_achievements (achievement_id, athlete_id) VALUES (2, 25);
INSERT INTO athlete_achievements (achievement_id, athlete_id) VALUES (4, 25);
INSERT INTO athlete_achievements (achievement_id, athlete_id) VALUES (9, 25);
INSERT INTO athlete_achievements (achievement_id, athlete_id) VALUES (23, 25);
INSERT INTO athlete_achievements (achievement_id, athlete_id) VALUES (27, 25);
INSERT INTO athlete_achievements (achievement_id, athlete_id) VALUES (5, 25);
INSERT INTO athlete_achievements (achievement_id, athlete_id) VALUES (21, 25);
INSERT INTO athlete_achievements (achievement_id, athlete_id) VALUES (16, 25);
INSERT INTO athlete_achievements (achievement_id, athlete_id) VALUES (19, 25);
INSERT INTO athlete_achievements (achievement_id, athlete_id) VALUES (24, 25);
INSERT INTO athlete_achievements (achievement_id, athlete_id) VALUES (14, 25);
INSERT INTO athlete_achievements (achievement_id, athlete_id) VALUES (28, 25);
INSERT INTO athlete_achievements (achievement_id, athlete_id) VALUES (25, 25);
INSERT INTO athlete_achievements (achievement_id, athlete_id) VALUES (18, 25);
INSERT INTO athlete_achievements (achievement_id, athlete_id) VALUES (11, 25);
INSERT INTO athlete_achievements (achievement_id, athlete_id) VALUES (22, 25);
INSERT INTO athlete_achievements (achievement_id, athlete_id) VALUES (1, 25);
INSERT INTO athlete_achievements (achievement_id, athlete_id) VALUES (13, 25);
INSERT INTO athlete_achievements (achievement_id, athlete_id) VALUES (15, 25);
INSERT INTO athlete_achievements (achievement_id, athlete_id) VALUES (30, 25);
INSERT INTO athlete_achievements (achievement_id, athlete_id) VALUES (12, 25);
INSERT INTO athlete_achievements (achievement_id, athlete_id) VALUES (6, 25);
INSERT INTO athlete_achievements (achievement_id, athlete_id) VALUES (10, 25);
INSERT INTO athlete_achievements (achievement_id, athlete_id) VALUES (17, 25);
INSERT INTO athlete_achievements (achievement_id, athlete_id) VALUES (15, 26);
INSERT INTO athlete_achievements (achievement_id, athlete_id) VALUES (14, 26);
INSERT INTO athlete_achievements (achievement_id, athlete_id) VALUES (19, 26);
INSERT INTO athlete_achievements (achievement_id, athlete_id) VALUES (1, 26);
INSERT INTO athlete_achievements (achievement_id, athlete_id) VALUES (7, 26);
INSERT INTO athlete_achievements (achievement_id, athlete_id) VALUES (3, 26);
INSERT INTO athlete_achievements (achievement_id, athlete_id) VALUES (20, 26);
INSERT INTO athlete_achievements (achievement_id, athlete_id) VALUES (27, 26);
INSERT INTO athlete_achievements (achievement_id, athlete_id) VALUES (11, 26);
INSERT INTO athlete_achievements (achievement_id, athlete_id) VALUES (12, 26);
INSERT INTO athlete_achievements (achievement_id, athlete_id) VALUES (5, 26);
INSERT INTO athlete_achievements (achievement_id, athlete_id) VALUES (5, 27);
INSERT INTO athlete_achievements (achievement_id, athlete_id) VALUES (29, 27);
INSERT INTO athlete_achievements (achievement_id, athlete_id) VALUES (8, 27);
INSERT INTO athlete_achievements (achievement_id, athlete_id) VALUES (3, 27);
INSERT INTO athlete_achievements (achievement_id, athlete_id) VALUES (14, 27);
INSERT INTO athlete_achievements (achievement_id, athlete_id) VALUES (9, 27);
INSERT INTO athlete_achievements (achievement_id, athlete_id) VALUES (21, 27);
INSERT INTO athlete_achievements (achievement_id, athlete_id) VALUES (25, 27);
INSERT INTO athlete_achievements (achievement_id, athlete_id) VALUES (2, 27);
INSERT INTO athlete_achievements (achievement_id, athlete_id) VALUES (1, 27);
INSERT INTO athlete_achievements (achievement_id, athlete_id) VALUES (4, 27);
INSERT INTO athlete_achievements (achievement_id, athlete_id) VALUES (17, 27);
INSERT INTO athlete_achievements (achievement_id, athlete_id) VALUES (27, 27);
INSERT INTO athlete_achievements (achievement_id, athlete_id) VALUES (12, 27);
INSERT INTO athlete_achievements (achievement_id, athlete_id) VALUES (19, 27);
INSERT INTO athlete_achievements (achievement_id, athlete_id) VALUES (7, 27);
INSERT INTO athlete_achievements (achievement_id, athlete_id) VALUES (6, 27);
INSERT INTO athlete_achievements (achievement_id, athlete_id) VALUES (15, 27);
INSERT INTO athlete_achievements (achievement_id, athlete_id) VALUES (22, 27);
INSERT INTO athlete_achievements (achievement_id, athlete_id) VALUES (11, 27);
INSERT INTO athlete_achievements (achievement_id, athlete_id) VALUES (30, 27);
INSERT INTO athlete_achievements (achievement_id, athlete_id) VALUES (28, 27);
INSERT INTO athlete_achievements (achievement_id, athlete_id) VALUES (10, 27);
INSERT INTO athlete_achievements (achievement_id, athlete_id) VALUES (24, 27);
INSERT INTO athlete_achievements (achievement_id, athlete_id) VALUES (13, 27);
INSERT INTO athlete_achievements (achievement_id, athlete_id) VALUES (20, 27);
INSERT INTO athlete_achievements (achievement_id, athlete_id) VALUES (26, 27);
INSERT INTO athlete_achievements (achievement_id, athlete_id) VALUES (16, 27);
INSERT INTO athlete_achievements (achievement_id, athlete_id) VALUES (18, 27);
INSERT INTO athlete_achievements (achievement_id, athlete_id) VALUES (23, 27);
INSERT INTO athlete_achievements (achievement_id, athlete_id) VALUES (15, 28);
INSERT INTO athlete_achievements (achievement_id, athlete_id) VALUES (20, 28);
INSERT INTO athlete_achievements (achievement_id, athlete_id) VALUES (14, 28);
INSERT INTO athlete_achievements (achievement_id, athlete_id) VALUES (18, 28);
INSERT INTO athlete_achievements (achievement_id, athlete_id) VALUES (28, 28);
INSERT INTO athlete_achievements (achievement_id, athlete_id) VALUES (6, 28);
INSERT INTO athlete_achievements (achievement_id, athlete_id) VALUES (21, 28);
INSERT INTO athlete_achievements (achievement_id, athlete_id) VALUES (29, 28);
INSERT INTO athlete_achievements (achievement_id, athlete_id) VALUES (2, 28);
INSERT INTO athlete_achievements (achievement_id, athlete_id) VALUES (30, 28);
INSERT INTO athlete_achievements (achievement_id, athlete_id) VALUES (19, 28);
INSERT INTO athlete_achievements (achievement_id, athlete_id) VALUES (5, 28);
INSERT INTO athlete_achievements (achievement_id, athlete_id) VALUES (1, 28);
INSERT INTO athlete_achievements (achievement_id, athlete_id) VALUES (10, 28);
INSERT INTO athlete_achievements (achievement_id, athlete_id) VALUES (3, 28);
INSERT INTO athlete_achievements (achievement_id, athlete_id) VALUES (5, 29);
INSERT INTO athlete_achievements (achievement_id, athlete_id) VALUES (21, 29);
INSERT INTO athlete_achievements (achievement_id, athlete_id) VALUES (23, 29);
INSERT INTO athlete_achievements (achievement_id, athlete_id) VALUES (19, 30);
INSERT INTO athlete_achievements (achievement_id, athlete_id) VALUES (30, 30);
INSERT INTO athlete_achievements (achievement_id, athlete_id) VALUES (7, 30);
INSERT INTO athlete_achievements (achievement_id, athlete_id) VALUES (1, 30);
INSERT INTO athlete_achievements (achievement_id, athlete_id) VALUES (24, 30);
INSERT INTO athlete_achievements (achievement_id, athlete_id) VALUES (14, 30);
INSERT INTO athlete_achievements (achievement_id, athlete_id) VALUES (28, 30);
INSERT INTO athlete_achievements (achievement_id, athlete_id) VALUES (29, 30);
INSERT INTO athlete_achievements (achievement_id, athlete_id) VALUES (9, 30);
INSERT INTO athlete_achievements (achievement_id, athlete_id) VALUES (25, 30);
INSERT INTO athlete_achievements (achievement_id, athlete_id) VALUES (21, 30);
INSERT INTO athlete_achievements (achievement_id, athlete_id) VALUES (15, 30);
INSERT INTO athlete_achievements (achievement_id, athlete_id) VALUES (3, 30);
INSERT INTO athlete_achievements (achievement_id, athlete_id) VALUES (12, 30);
INSERT INTO athlete_achievements (achievement_id, athlete_id) VALUES (6, 30);
INSERT INTO athlete_achievements (achievement_id, athlete_id) VALUES (22, 30);
INSERT INTO athlete_achievements (achievement_id, athlete_id) VALUES (17, 30);
INSERT INTO athlete_achievements (achievement_id, athlete_id) VALUES (16, 30);
INSERT INTO athlete_achievements (achievement_id, athlete_id) VALUES (2, 30);
INSERT INTO athlete_achievements (achievement_id, athlete_id) VALUES (8, 30);
INSERT INTO athlete_achievements (achievement_id, athlete_id) VALUES (5, 30);
INSERT INTO athlete_achievements (achievement_id, athlete_id) VALUES (4, 30);
INSERT INTO athlete_achievements (achievement_id, athlete_id) VALUES (10, 30);
INSERT INTO athlete_achievements (achievement_id, athlete_id) VALUES (23, 30);
INSERT INTO athlete_achievements (achievement_id, athlete_id) VALUES (27, 30);
INSERT INTO athlete_achievements (achievement_id, athlete_id) VALUES (18, 30);
INSERT INTO athlete_achievements (achievement_id, athlete_id) VALUES (20, 30);
INSERT INTO athlete_achievements (achievement_id, athlete_id) VALUES (11, 30);
INSERT INTO athlete_achievements (achievement_id, athlete_id) VALUES (26, 30);
INSERT INTO athlete_achievements (achievement_id, athlete_id) VALUES (13, 30);
INSERT INTO athlete_achievements (achievement_id, athlete_id) VALUES (2, 31);
INSERT INTO athlete_achievements (achievement_id, athlete_id) VALUES (24, 31);
INSERT INTO athlete_achievements (achievement_id, athlete_id) VALUES (28, 31);
INSERT INTO athlete_achievements (achievement_id, athlete_id) VALUES (10, 31);
INSERT INTO athlete_achievements (achievement_id, athlete_id) VALUES (13, 31);
INSERT INTO athlete_achievements (achievement_id, athlete_id) VALUES (19, 31);
INSERT INTO athlete_achievements (achievement_id, athlete_id) VALUES (29, 31);
INSERT INTO athlete_achievements (achievement_id, athlete_id) VALUES (20, 31);
INSERT INTO athlete_achievements (achievement_id, athlete_id) VALUES (9, 31);
INSERT INTO athlete_achievements (achievement_id, athlete_id) VALUES (4, 31);
INSERT INTO athlete_achievements (achievement_id, athlete_id) VALUES (23, 31);
INSERT INTO athlete_achievements (achievement_id, athlete_id) VALUES (8, 31);
INSERT INTO athlete_achievements (achievement_id, athlete_id) VALUES (11, 31);
INSERT INTO athlete_achievements (achievement_id, athlete_id) VALUES (3, 31);
INSERT INTO athlete_achievements (achievement_id, athlete_id) VALUES (1, 31);
INSERT INTO athlete_achievements (achievement_id, athlete_id) VALUES (26, 31);
INSERT INTO athlete_achievements (achievement_id, athlete_id) VALUES (30, 31);
INSERT INTO athlete_achievements (achievement_id, athlete_id) VALUES (22, 31);
INSERT INTO athlete_achievements (achievement_id, athlete_id) VALUES (14, 31);
INSERT INTO athlete_achievements (achievement_id, athlete_id) VALUES (15, 31);
INSERT INTO athlete_achievements (achievement_id, athlete_id) VALUES (12, 31);
INSERT INTO athlete_achievements (achievement_id, athlete_id) VALUES (25, 31);
INSERT INTO athlete_achievements (achievement_id, athlete_id) VALUES (16, 31);
INSERT INTO athlete_achievements (achievement_id, athlete_id) VALUES (8, 32);
INSERT INTO athlete_achievements (achievement_id, athlete_id) VALUES (25, 32);
INSERT INTO athlete_achievements (achievement_id, athlete_id) VALUES (3, 32);
INSERT INTO athlete_achievements (achievement_id, athlete_id) VALUES (22, 32);
INSERT INTO athlete_achievements (achievement_id, athlete_id) VALUES (13, 32);
INSERT INTO athlete_achievements (achievement_id, athlete_id) VALUES (5, 32);
INSERT INTO athlete_achievements (achievement_id, athlete_id) VALUES (14, 32);
INSERT INTO athlete_achievements (achievement_id, athlete_id) VALUES (10, 32);
INSERT INTO athlete_achievements (achievement_id, athlete_id) VALUES (21, 32);
INSERT INTO athlete_achievements (achievement_id, athlete_id) VALUES (26, 32);
INSERT INTO athlete_achievements (achievement_id, athlete_id) VALUES (1, 32);
INSERT INTO athlete_achievements (achievement_id, athlete_id) VALUES (9, 32);
INSERT INTO athlete_achievements (achievement_id, athlete_id) VALUES (19, 32);
INSERT INTO athlete_achievements (achievement_id, athlete_id) VALUES (28, 32);
INSERT INTO athlete_achievements (achievement_id, athlete_id) VALUES (18, 32);
INSERT INTO athlete_achievements (achievement_id, athlete_id) VALUES (2, 32);
INSERT INTO athlete_achievements (achievement_id, athlete_id) VALUES (30, 32);
INSERT INTO athlete_achievements (achievement_id, athlete_id) VALUES (15, 32);
INSERT INTO athlete_achievements (achievement_id, athlete_id) VALUES (20, 32);
INSERT INTO athlete_achievements (achievement_id, athlete_id) VALUES (17, 32);
INSERT INTO athlete_achievements (achievement_id, athlete_id) VALUES (24, 32);
INSERT INTO athlete_achievements (achievement_id, athlete_id) VALUES (12, 32);
INSERT INTO athlete_achievements (achievement_id, athlete_id) VALUES (6, 32);
INSERT INTO athlete_achievements (achievement_id, athlete_id) VALUES (27, 32);
INSERT INTO athlete_achievements (achievement_id, athlete_id) VALUES (7, 32);
INSERT INTO athlete_achievements (achievement_id, athlete_id) VALUES (29, 32);
INSERT INTO athlete_achievements (achievement_id, athlete_id) VALUES (28, 33);
INSERT INTO athlete_achievements (achievement_id, athlete_id) VALUES (3, 33);
INSERT INTO athlete_achievements (achievement_id, athlete_id) VALUES (9, 33);
INSERT INTO athlete_achievements (achievement_id, athlete_id) VALUES (29, 33);
INSERT INTO athlete_achievements (achievement_id, athlete_id) VALUES (14, 33);
INSERT INTO athlete_achievements (achievement_id, athlete_id) VALUES (25, 33);
INSERT INTO athlete_achievements (achievement_id, athlete_id) VALUES (6, 33);
INSERT INTO athlete_achievements (achievement_id, athlete_id) VALUES (19, 33);
INSERT INTO athlete_achievements (achievement_id, athlete_id) VALUES (11, 33);
INSERT INTO athlete_achievements (achievement_id, athlete_id) VALUES (8, 33);
INSERT INTO athlete_achievements (achievement_id, athlete_id) VALUES (22, 33);
INSERT INTO athlete_achievements (achievement_id, athlete_id) VALUES (24, 33);
INSERT INTO athlete_achievements (achievement_id, athlete_id) VALUES (23, 33);
INSERT INTO athlete_achievements (achievement_id, athlete_id) VALUES (5, 33);
INSERT INTO athlete_achievements (achievement_id, athlete_id) VALUES (18, 33);
INSERT INTO athlete_achievements (achievement_id, athlete_id) VALUES (7, 33);
INSERT INTO athlete_achievements (achievement_id, athlete_id) VALUES (4, 33);
INSERT INTO athlete_achievements (achievement_id, athlete_id) VALUES (13, 33);
INSERT INTO athlete_achievements (achievement_id, athlete_id) VALUES (26, 33);
INSERT INTO athlete_achievements (achievement_id, athlete_id) VALUES (15, 33);
INSERT INTO athlete_achievements (achievement_id, athlete_id) VALUES (27, 33);
INSERT INTO athlete_achievements (achievement_id, athlete_id) VALUES (25, 34);
INSERT INTO athlete_achievements (achievement_id, athlete_id) VALUES (27, 34);
INSERT INTO athlete_achievements (achievement_id, athlete_id) VALUES (28, 34);
INSERT INTO athlete_achievements (achievement_id, athlete_id) VALUES (8, 34);
INSERT INTO athlete_achievements (achievement_id, athlete_id) VALUES (2, 34);
INSERT INTO athlete_achievements (achievement_id, athlete_id) VALUES (3, 34);
INSERT INTO athlete_achievements (achievement_id, athlete_id) VALUES (17, 34);
INSERT INTO athlete_achievements (achievement_id, athlete_id) VALUES (15, 34);
INSERT INTO athlete_achievements (achievement_id, athlete_id) VALUES (16, 34);
INSERT INTO athlete_achievements (achievement_id, athlete_id) VALUES (26, 34);
INSERT INTO athlete_achievements (achievement_id, athlete_id) VALUES (29, 34);
INSERT INTO athlete_achievements (achievement_id, athlete_id) VALUES (5, 34);
INSERT INTO athlete_achievements (achievement_id, athlete_id) VALUES (11, 34);
INSERT INTO athlete_achievements (achievement_id, athlete_id) VALUES (22, 34);
INSERT INTO athlete_achievements (achievement_id, athlete_id) VALUES (18, 34);
INSERT INTO athlete_achievements (achievement_id, athlete_id) VALUES (14, 34);
INSERT INTO athlete_achievements (achievement_id, athlete_id) VALUES (19, 34);
INSERT INTO athlete_achievements (achievement_id, athlete_id) VALUES (13, 34);
INSERT INTO athlete_achievements (achievement_id, athlete_id) VALUES (7, 34);
INSERT INTO athlete_achievements (achievement_id, athlete_id) VALUES (30, 34);
INSERT INTO athlete_achievements (achievement_id, athlete_id) VALUES (10, 34);
INSERT INTO athlete_achievements (achievement_id, athlete_id) VALUES (23, 34);
INSERT INTO athlete_achievements (achievement_id, athlete_id) VALUES (1, 34);
INSERT INTO athlete_achievements (achievement_id, athlete_id) VALUES (22, 35);
INSERT INTO athlete_achievements (achievement_id, athlete_id) VALUES (19, 35);
INSERT INTO athlete_achievements (achievement_id, athlete_id) VALUES (5, 35);
INSERT INTO athlete_achievements (achievement_id, athlete_id) VALUES (8, 35);
INSERT INTO athlete_achievements (achievement_id, athlete_id) VALUES (16, 35);
INSERT INTO athlete_achievements (achievement_id, athlete_id) VALUES (30, 35);
INSERT INTO athlete_achievements (achievement_id, athlete_id) VALUES (7, 35);
INSERT INTO athlete_achievements (achievement_id, athlete_id) VALUES (21, 35);
INSERT INTO athlete_achievements (achievement_id, athlete_id) VALUES (6, 35);
INSERT INTO athlete_achievements (achievement_id, athlete_id) VALUES (17, 35);
INSERT INTO athlete_achievements (achievement_id, athlete_id) VALUES (2, 35);
INSERT INTO athlete_achievements (achievement_id, athlete_id) VALUES (15, 35);
INSERT INTO athlete_achievements (achievement_id, athlete_id) VALUES (14, 35);
INSERT INTO athlete_achievements (achievement_id, athlete_id) VALUES (10, 35);
INSERT INTO athlete_achievements (achievement_id, athlete_id) VALUES (1, 35);
INSERT INTO athlete_achievements (achievement_id, athlete_id) VALUES (13, 35);
INSERT INTO athlete_achievements (achievement_id, athlete_id) VALUES (24, 35);
INSERT INTO athlete_achievements (achievement_id, athlete_id) VALUES (4, 35);
INSERT INTO athlete_achievements (achievement_id, athlete_id) VALUES (20, 35);
INSERT INTO athlete_achievements (achievement_id, athlete_id) VALUES (25, 35);
INSERT INTO athlete_achievements (achievement_id, athlete_id) VALUES (9, 35);
INSERT INTO athlete_achievements (achievement_id, athlete_id) VALUES (27, 35);
INSERT INTO athlete_achievements (achievement_id, athlete_id) VALUES (3, 35);
INSERT INTO athlete_achievements (achievement_id, athlete_id) VALUES (26, 35);
INSERT INTO athlete_achievements (achievement_id, athlete_id) VALUES (28, 35);
INSERT INTO athlete_achievements (achievement_id, athlete_id) VALUES (29, 36);
INSERT INTO athlete_achievements (achievement_id, athlete_id) VALUES (26, 36);
INSERT INTO athlete_achievements (achievement_id, athlete_id) VALUES (5, 36);
INSERT INTO athlete_achievements (achievement_id, athlete_id) VALUES (19, 36);
INSERT INTO athlete_achievements (achievement_id, athlete_id) VALUES (10, 36);
INSERT INTO athlete_achievements (achievement_id, athlete_id) VALUES (1, 36);
INSERT INTO athlete_achievements (achievement_id, athlete_id) VALUES (3, 36);
INSERT INTO athlete_achievements (achievement_id, athlete_id) VALUES (30, 36);
INSERT INTO athlete_achievements (achievement_id, athlete_id) VALUES (2, 36);
INSERT INTO athlete_achievements (achievement_id, athlete_id) VALUES (12, 36);
INSERT INTO athlete_achievements (achievement_id, athlete_id) VALUES (14, 36);
INSERT INTO athlete_achievements (achievement_id, athlete_id) VALUES (18, 36);
INSERT INTO athlete_achievements (achievement_id, athlete_id) VALUES (4, 36);
INSERT INTO athlete_achievements (achievement_id, athlete_id) VALUES (16, 36);
INSERT INTO athlete_achievements (achievement_id, athlete_id) VALUES (13, 36);
INSERT INTO athlete_achievements (achievement_id, athlete_id) VALUES (11, 36);
INSERT INTO athlete_achievements (achievement_id, athlete_id) VALUES (8, 36);
INSERT INTO athlete_achievements (achievement_id, athlete_id) VALUES (24, 36);
INSERT INTO athlete_achievements (achievement_id, athlete_id) VALUES (9, 36);
INSERT INTO athlete_achievements (achievement_id, athlete_id) VALUES (17, 36);
INSERT INTO athlete_achievements (achievement_id, athlete_id) VALUES (22, 36);
INSERT INTO athlete_achievements (achievement_id, athlete_id) VALUES (15, 37);
INSERT INTO athlete_achievements (achievement_id, athlete_id) VALUES (26, 37);
INSERT INTO athlete_achievements (achievement_id, athlete_id) VALUES (9, 37);
INSERT INTO athlete_achievements (achievement_id, athlete_id) VALUES (29, 37);
INSERT INTO athlete_achievements (achievement_id, athlete_id) VALUES (2, 37);
INSERT INTO athlete_achievements (achievement_id, athlete_id) VALUES (17, 37);
INSERT INTO athlete_achievements (achievement_id, athlete_id) VALUES (21, 37);
INSERT INTO athlete_achievements (achievement_id, athlete_id) VALUES (16, 37);
INSERT INTO athlete_achievements (achievement_id, athlete_id) VALUES (12, 37);
INSERT INTO athlete_achievements (achievement_id, athlete_id) VALUES (24, 37);
INSERT INTO athlete_achievements (achievement_id, athlete_id) VALUES (25, 37);
INSERT INTO athlete_achievements (achievement_id, athlete_id) VALUES (27, 37);
INSERT INTO athlete_achievements (achievement_id, athlete_id) VALUES (18, 37);
INSERT INTO athlete_achievements (achievement_id, athlete_id) VALUES (20, 37);
INSERT INTO athlete_achievements (achievement_id, athlete_id) VALUES (4, 37);
INSERT INTO athlete_achievements (achievement_id, athlete_id) VALUES (8, 37);
INSERT INTO athlete_achievements (achievement_id, athlete_id) VALUES (5, 37);
INSERT INTO athlete_achievements (achievement_id, athlete_id) VALUES (28, 37);
INSERT INTO athlete_achievements (achievement_id, athlete_id) VALUES (6, 37);
INSERT INTO athlete_achievements (achievement_id, athlete_id) VALUES (13, 37);
INSERT INTO athlete_achievements (achievement_id, athlete_id) VALUES (3, 37);
INSERT INTO athlete_achievements (achievement_id, athlete_id) VALUES (19, 37);
INSERT INTO athlete_achievements (achievement_id, athlete_id) VALUES (10, 37);
INSERT INTO athlete_achievements (achievement_id, athlete_id) VALUES (7, 37);
INSERT INTO athlete_achievements (achievement_id, athlete_id) VALUES (1, 37);
INSERT INTO athlete_achievements (achievement_id, athlete_id) VALUES (28, 38);
INSERT INTO athlete_achievements (achievement_id, athlete_id) VALUES (12, 38);
INSERT INTO athlete_achievements (achievement_id, athlete_id) VALUES (7, 38);
INSERT INTO athlete_achievements (achievement_id, athlete_id) VALUES (24, 38);
INSERT INTO athlete_achievements (achievement_id, athlete_id) VALUES (10, 38);
INSERT INTO athlete_achievements (achievement_id, athlete_id) VALUES (25, 38);
INSERT INTO athlete_achievements (achievement_id, athlete_id) VALUES (20, 38);
INSERT INTO athlete_achievements (achievement_id, athlete_id) VALUES (23, 38);
INSERT INTO athlete_achievements (achievement_id, athlete_id) VALUES (16, 38);
INSERT INTO athlete_achievements (achievement_id, athlete_id) VALUES (13, 38);
INSERT INTO athlete_achievements (achievement_id, athlete_id) VALUES (9, 38);
INSERT INTO athlete_achievements (achievement_id, athlete_id) VALUES (1, 38);
INSERT INTO athlete_achievements (achievement_id, athlete_id) VALUES (8, 38);
INSERT INTO athlete_achievements (achievement_id, athlete_id) VALUES (26, 38);
INSERT INTO athlete_achievements (achievement_id, athlete_id) VALUES (9, 39);
INSERT INTO athlete_achievements (achievement_id, athlete_id) VALUES (15, 39);
INSERT INTO athlete_achievements (achievement_id, athlete_id) VALUES (25, 39);
INSERT INTO athlete_achievements (achievement_id, athlete_id) VALUES (28, 39);
INSERT INTO athlete_achievements (achievement_id, athlete_id) VALUES (17, 39);
INSERT INTO athlete_achievements (achievement_id, athlete_id) VALUES (20, 39);
INSERT INTO athlete_achievements (achievement_id, athlete_id) VALUES (1, 39);
INSERT INTO athlete_achievements (achievement_id, athlete_id) VALUES (14, 39);
INSERT INTO athlete_achievements (achievement_id, athlete_id) VALUES (10, 39);
INSERT INTO athlete_achievements (achievement_id, athlete_id) VALUES (21, 39);
INSERT INTO athlete_achievements (achievement_id, athlete_id) VALUES (2, 39);
INSERT INTO athlete_achievements (achievement_id, athlete_id) VALUES (6, 39);
INSERT INTO athlete_achievements (achievement_id, athlete_id) VALUES (11, 39);
INSERT INTO athlete_achievements (achievement_id, athlete_id) VALUES (20, 40);
INSERT INTO athlete_achievements (achievement_id, athlete_id) VALUES (2, 40);
INSERT INTO athlete_achievements (achievement_id, athlete_id) VALUES (8, 40);
INSERT INTO athlete_achievements (achievement_id, athlete_id) VALUES (17, 40);
INSERT INTO athlete_achievements (achievement_id, athlete_id) VALUES (7, 40);
INSERT INTO athlete_achievements (achievement_id, athlete_id) VALUES (14, 40);
INSERT INTO athlete_achievements (achievement_id, athlete_id) VALUES (4, 40);
INSERT INTO athlete_achievements (achievement_id, athlete_id) VALUES (16, 40);
INSERT INTO athlete_achievements (achievement_id, athlete_id) VALUES (25, 40);
INSERT INTO athlete_achievements (achievement_id, athlete_id) VALUES (10, 40);
INSERT INTO athlete_achievements (achievement_id, athlete_id) VALUES (27, 40);
INSERT INTO athlete_achievements (achievement_id, athlete_id) VALUES (30, 40);
INSERT INTO athlete_achievements (achievement_id, athlete_id) VALUES (21, 40);
INSERT INTO athlete_achievements (achievement_id, athlete_id) VALUES (5, 40);
INSERT INTO athlete_achievements (achievement_id, athlete_id) VALUES (24, 40);
INSERT INTO athlete_achievements (achievement_id, athlete_id) VALUES (11, 40);
INSERT INTO athlete_achievements (achievement_id, athlete_id) VALUES (9, 40);
INSERT INTO athlete_achievements (achievement_id, athlete_id) VALUES (26, 40);
INSERT INTO athlete_achievements (achievement_id, athlete_id) VALUES (19, 40);
INSERT INTO athlete_achievements (achievement_id, athlete_id) VALUES (18, 40);
INSERT INTO athlete_achievements (achievement_id, athlete_id) VALUES (1, 40);
INSERT INTO athlete_achievements (achievement_id, athlete_id) VALUES (28, 40);
INSERT INTO athlete_achievements (achievement_id, athlete_id) VALUES (18, 41);
INSERT INTO athlete_achievements (achievement_id, athlete_id) VALUES (8, 41);
INSERT INTO athlete_achievements (achievement_id, athlete_id) VALUES (20, 41);
INSERT INTO athlete_achievements (achievement_id, athlete_id) VALUES (26, 41);
INSERT INTO athlete_achievements (achievement_id, athlete_id) VALUES (17, 41);
INSERT INTO athlete_achievements (achievement_id, athlete_id) VALUES (6, 41);
INSERT INTO athlete_achievements (achievement_id, athlete_id) VALUES (3, 41);
INSERT INTO athlete_achievements (achievement_id, athlete_id) VALUES (16, 41);
INSERT INTO athlete_achievements (achievement_id, athlete_id) VALUES (10, 41);
INSERT INTO athlete_achievements (achievement_id, athlete_id) VALUES (23, 41);
INSERT INTO athlete_achievements (achievement_id, athlete_id) VALUES (21, 41);
INSERT INTO athlete_achievements (achievement_id, athlete_id) VALUES (25, 41);
INSERT INTO athlete_achievements (achievement_id, athlete_id) VALUES (9, 41);
INSERT INTO athlete_achievements (achievement_id, athlete_id) VALUES (14, 41);
INSERT INTO athlete_achievements (achievement_id, athlete_id) VALUES (29, 41);
INSERT INTO athlete_achievements (achievement_id, athlete_id) VALUES (19, 41);
INSERT INTO athlete_achievements (achievement_id, athlete_id) VALUES (27, 41);
INSERT INTO athlete_achievements (achievement_id, athlete_id) VALUES (30, 41);
INSERT INTO athlete_achievements (achievement_id, athlete_id) VALUES (22, 41);
INSERT INTO athlete_achievements (achievement_id, athlete_id) VALUES (15, 41);
INSERT INTO athlete_achievements (achievement_id, athlete_id) VALUES (7, 41);
INSERT INTO athlete_achievements (achievement_id, athlete_id) VALUES (24, 41);
INSERT INTO athlete_achievements (achievement_id, athlete_id) VALUES (2, 41);
INSERT INTO athlete_achievements (achievement_id, athlete_id) VALUES (19, 42);
INSERT INTO athlete_achievements (achievement_id, athlete_id) VALUES (4, 42);
INSERT INTO athlete_achievements (achievement_id, athlete_id) VALUES (10, 43);
INSERT INTO athlete_achievements (achievement_id, athlete_id) VALUES (23, 43);
INSERT INTO athlete_achievements (achievement_id, athlete_id) VALUES (8, 43);
INSERT INTO athlete_achievements (achievement_id, athlete_id) VALUES (12, 43);
INSERT INTO athlete_achievements (achievement_id, athlete_id) VALUES (6, 43);
INSERT INTO athlete_achievements (achievement_id, athlete_id) VALUES (22, 43);
INSERT INTO athlete_achievements (achievement_id, athlete_id) VALUES (20, 43);
INSERT INTO athlete_achievements (achievement_id, athlete_id) VALUES (16, 43);
INSERT INTO athlete_achievements (achievement_id, athlete_id) VALUES (19, 43);
INSERT INTO athlete_achievements (achievement_id, athlete_id) VALUES (4, 43);
INSERT INTO athlete_achievements (achievement_id, athlete_id) VALUES (28, 43);
INSERT INTO athlete_achievements (achievement_id, athlete_id) VALUES (13, 43);
INSERT INTO athlete_achievements (achievement_id, athlete_id) VALUES (9, 43);
INSERT INTO athlete_achievements (achievement_id, athlete_id) VALUES (7, 43);
INSERT INTO athlete_achievements (achievement_id, athlete_id) VALUES (26, 43);
INSERT INTO athlete_achievements (achievement_id, athlete_id) VALUES (27, 43);
INSERT INTO athlete_achievements (achievement_id, athlete_id) VALUES (21, 43);
INSERT INTO athlete_achievements (achievement_id, athlete_id) VALUES (15, 43);
INSERT INTO athlete_achievements (achievement_id, athlete_id) VALUES (15, 44);
INSERT INTO athlete_achievements (achievement_id, athlete_id) VALUES (7, 44);
INSERT INTO athlete_achievements (achievement_id, athlete_id) VALUES (27, 44);
INSERT INTO athlete_achievements (achievement_id, athlete_id) VALUES (23, 44);
INSERT INTO athlete_achievements (achievement_id, athlete_id) VALUES (10, 44);
INSERT INTO athlete_achievements (achievement_id, athlete_id) VALUES (26, 44);
INSERT INTO athlete_achievements (achievement_id, athlete_id) VALUES (21, 44);
INSERT INTO athlete_achievements (achievement_id, athlete_id) VALUES (25, 44);
INSERT INTO athlete_achievements (achievement_id, athlete_id) VALUES (18, 44);
INSERT INTO athlete_achievements (achievement_id, athlete_id) VALUES (12, 44);
INSERT INTO athlete_achievements (achievement_id, athlete_id) VALUES (14, 44);
INSERT INTO athlete_achievements (achievement_id, athlete_id) VALUES (24, 44);
INSERT INTO athlete_achievements (achievement_id, athlete_id) VALUES (28, 44);
INSERT INTO athlete_achievements (achievement_id, athlete_id) VALUES (13, 44);
INSERT INTO athlete_achievements (achievement_id, athlete_id) VALUES (2, 44);
INSERT INTO athlete_achievements (achievement_id, athlete_id) VALUES (5, 44);
INSERT INTO athlete_achievements (achievement_id, athlete_id) VALUES (9, 44);
INSERT INTO athlete_achievements (achievement_id, athlete_id) VALUES (1, 44);
INSERT INTO athlete_achievements (achievement_id, athlete_id) VALUES (22, 44);
INSERT INTO athlete_achievements (achievement_id, athlete_id) VALUES (4, 44);
INSERT INTO athlete_achievements (achievement_id, athlete_id) VALUES (8, 44);
INSERT INTO athlete_achievements (achievement_id, athlete_id) VALUES (3, 44);
INSERT INTO athlete_achievements (achievement_id, athlete_id) VALUES (6, 45);
INSERT INTO athlete_achievements (achievement_id, athlete_id) VALUES (2, 45);
INSERT INTO athlete_achievements (achievement_id, athlete_id) VALUES (28, 45);
INSERT INTO athlete_achievements (achievement_id, athlete_id) VALUES (19, 45);
INSERT INTO athlete_achievements (achievement_id, athlete_id) VALUES (14, 45);
INSERT INTO athlete_achievements (achievement_id, athlete_id) VALUES (27, 45);
INSERT INTO athlete_achievements (achievement_id, athlete_id) VALUES (21, 45);
INSERT INTO athlete_achievements (achievement_id, athlete_id) VALUES (22, 45);
INSERT INTO athlete_achievements (achievement_id, athlete_id) VALUES (5, 45);
INSERT INTO athlete_achievements (achievement_id, athlete_id) VALUES (1, 45);
INSERT INTO athlete_achievements (achievement_id, athlete_id) VALUES (4, 45);
INSERT INTO athlete_achievements (achievement_id, athlete_id) VALUES (9, 45);
INSERT INTO athlete_achievements (achievement_id, athlete_id) VALUES (15, 45);
INSERT INTO athlete_achievements (achievement_id, athlete_id) VALUES (26, 45);
INSERT INTO athlete_achievements (achievement_id, athlete_id) VALUES (12, 45);
INSERT INTO athlete_achievements (achievement_id, athlete_id) VALUES (13, 45);
INSERT INTO athlete_achievements (achievement_id, athlete_id) VALUES (30, 45);
INSERT INTO athlete_achievements (achievement_id, athlete_id) VALUES (25, 45);
INSERT INTO athlete_achievements (achievement_id, athlete_id) VALUES (8, 45);
INSERT INTO athlete_achievements (achievement_id, athlete_id) VALUES (23, 45);
INSERT INTO athlete_achievements (achievement_id, athlete_id) VALUES (7, 45);
INSERT INTO athlete_achievements (achievement_id, athlete_id) VALUES (5, 46);
INSERT INTO athlete_achievements (achievement_id, athlete_id) VALUES (19, 46);
INSERT INTO athlete_achievements (achievement_id, athlete_id) VALUES (30, 46);
INSERT INTO athlete_achievements (achievement_id, athlete_id) VALUES (13, 46);
INSERT INTO athlete_achievements (achievement_id, athlete_id) VALUES (23, 46);
INSERT INTO athlete_achievements (achievement_id, athlete_id) VALUES (7, 46);
INSERT INTO athlete_achievements (achievement_id, athlete_id) VALUES (4, 46);
INSERT INTO athlete_achievements (achievement_id, athlete_id) VALUES (2, 46);
INSERT INTO athlete_achievements (achievement_id, athlete_id) VALUES (1, 46);
INSERT INTO athlete_achievements (achievement_id, athlete_id) VALUES (3, 46);
INSERT INTO athlete_achievements (achievement_id, athlete_id) VALUES (26, 46);
INSERT INTO athlete_achievements (achievement_id, athlete_id) VALUES (9, 46);
INSERT INTO athlete_achievements (achievement_id, athlete_id) VALUES (20, 46);
INSERT INTO athlete_achievements (achievement_id, athlete_id) VALUES (16, 47);
INSERT INTO athlete_achievements (achievement_id, athlete_id) VALUES (12, 47);
INSERT INTO athlete_achievements (achievement_id, athlete_id) VALUES (9, 47);
INSERT INTO athlete_achievements (achievement_id, athlete_id) VALUES (26, 47);
INSERT INTO athlete_achievements (achievement_id, athlete_id) VALUES (19, 47);
INSERT INTO athlete_achievements (achievement_id, athlete_id) VALUES (7, 47);
INSERT INTO athlete_achievements (achievement_id, athlete_id) VALUES (1, 48);
INSERT INTO athlete_achievements (achievement_id, athlete_id) VALUES (23, 48);
INSERT INTO athlete_achievements (achievement_id, athlete_id) VALUES (21, 48);
INSERT INTO athlete_achievements (achievement_id, athlete_id) VALUES (18, 48);
INSERT INTO athlete_achievements (achievement_id, athlete_id) VALUES (26, 48);
INSERT INTO athlete_achievements (achievement_id, athlete_id) VALUES (2, 48);
INSERT INTO athlete_achievements (achievement_id, athlete_id) VALUES (30, 48);
INSERT INTO athlete_achievements (achievement_id, athlete_id) VALUES (9, 48);
INSERT INTO athlete_achievements (achievement_id, athlete_id) VALUES (8, 48);
INSERT INTO athlete_achievements (achievement_id, athlete_id) VALUES (5, 48);
INSERT INTO athlete_achievements (achievement_id, athlete_id) VALUES (13, 48);
INSERT INTO athlete_achievements (achievement_id, athlete_id) VALUES (8, 49);
INSERT INTO athlete_achievements (achievement_id, athlete_id) VALUES (2, 49);
INSERT INTO athlete_achievements (achievement_id, athlete_id) VALUES (6, 49);
INSERT INTO athlete_achievements (achievement_id, athlete_id) VALUES (15, 49);
INSERT INTO athlete_achievements (achievement_id, athlete_id) VALUES (26, 49);
INSERT INTO athlete_achievements (achievement_id, athlete_id) VALUES (30, 49);
INSERT INTO athlete_achievements (achievement_id, athlete_id) VALUES (4, 49);
INSERT INTO athlete_achievements (achievement_id, athlete_id) VALUES (18, 49);
INSERT INTO athlete_achievements (achievement_id, athlete_id) VALUES (17, 49);
INSERT INTO athlete_achievements (achievement_id, athlete_id) VALUES (22, 49);
INSERT INTO athlete_achievements (achievement_id, athlete_id) VALUES (21, 49);
INSERT INTO athlete_achievements (achievement_id, athlete_id) VALUES (1, 49);
INSERT INTO athlete_achievements (achievement_id, athlete_id) VALUES (3, 49);
INSERT INTO athlete_achievements (achievement_id, athlete_id) VALUES (7, 49);
INSERT INTO athlete_achievements (achievement_id, athlete_id) VALUES (11, 49);
INSERT INTO athlete_achievements (achievement_id, athlete_id) VALUES (12, 49);
INSERT INTO athlete_achievements (achievement_id, athlete_id) VALUES (27, 49);
INSERT INTO athlete_achievements (achievement_id, athlete_id) VALUES (23, 49);
INSERT INTO athlete_achievements (achievement_id, athlete_id) VALUES (16, 49);
INSERT INTO athlete_achievements (achievement_id, athlete_id) VALUES (13, 49);
INSERT INTO athlete_achievements (achievement_id, athlete_id) VALUES (10, 49);
INSERT INTO athlete_achievements (achievement_id, athlete_id) VALUES (20, 49);
INSERT INTO athlete_achievements (achievement_id, athlete_id) VALUES (19, 49);
INSERT INTO athlete_achievements (achievement_id, athlete_id) VALUES (24, 49);
INSERT INTO athlete_achievements (achievement_id, athlete_id) VALUES (5, 49);
INSERT INTO athlete_achievements (achievement_id, athlete_id) VALUES (14, 49);
INSERT INTO athlete_achievements (achievement_id, athlete_id) VALUES (9, 49);
INSERT INTO athlete_achievements (achievement_id, athlete_id) VALUES (29, 50);
INSERT INTO athlete_achievements (achievement_id, athlete_id) VALUES (13, 50);
INSERT INTO athlete_achievements (achievement_id, athlete_id) VALUES (10, 50);
INSERT INTO athlete_achievements (achievement_id, athlete_id) VALUES (14, 50);
INSERT INTO overall (cat_id, id, point) VALUES (1, 1, 35);
INSERT INTO overall (cat_id, id, point) VALUES (2, 2, 246);
INSERT INTO overall (cat_id, id, point) VALUES (3, 3, 332);
INSERT INTO overall (cat_id, id, point) VALUES (4, 4, 365);
INSERT INTO overall (cat_id, id, point) VALUES (5, 5, 412);
INSERT INTO overall (cat_id, id, point) VALUES (6, 6, 398);
INSERT INTO overall (cat_id, id, point) VALUES (7, 7, 726);
INSERT INTO overall (cat_id, id, point) VALUES (8, 8, 687);
INSERT INTO overall (cat_id, id, point) VALUES (9, 9, 36);
INSERT INTO overall (cat_id, id, point) VALUES (10, 10, 218);
INSERT INTO overall_athletes (athlete_id, overall_id) VALUES (44, 1);
INSERT INTO overall_athletes (athlete_id, overall_id) VALUES (39, 1);
INSERT INTO overall_athletes (athlete_id, overall_id) VALUES (41, 1);
INSERT INTO overall_athletes (athlete_id, overall_id) VALUES (40, 1);
INSERT INTO overall_athletes (athlete_id, overall_id) VALUES (21, 1);
INSERT INTO overall_athletes (athlete_id, overall_id) VALUES (2, 1);
INSERT INTO overall_athletes (athlete_id, overall_id) VALUES (9, 1);
INSERT INTO overall_athletes (athlete_id, overall_id) VALUES (32, 1);
INSERT INTO overall_athletes (athlete_id, overall_id) VALUES (46, 1);
INSERT INTO overall_athletes (athlete_id, overall_id) VALUES (6, 1);
INSERT INTO overall_athletes (athlete_id, overall_id) VALUES (3, 1);
INSERT INTO overall_athletes (athlete_id, overall_id) VALUES (17, 1);
INSERT INTO overall_athletes (athlete_id, overall_id) VALUES (10, 1);
INSERT INTO overall_athletes (athlete_id, overall_id) VALUES (30, 1);
INSERT INTO overall_athletes (athlete_id, overall_id) VALUES (1, 1);
INSERT INTO overall_athletes (athlete_id, overall_id) VALUES (38, 1);
INSERT INTO overall_athletes (athlete_id, overall_id) VALUES (34, 1);
INSERT INTO overall_athletes (athlete_id, overall_id) VALUES (37, 1);
INSERT INTO overall_athletes (athlete_id, overall_id) VALUES (35, 1);
INSERT INTO overall_athletes (athlete_id, overall_id) VALUES (47, 1);
INSERT INTO overall_athletes (athlete_id, overall_id) VALUES (45, 1);
INSERT INTO overall_athletes (athlete_id, overall_id) VALUES (12, 1);
INSERT INTO overall_athletes (athlete_id, overall_id) VALUES (7, 1);
INSERT INTO overall_athletes (athlete_id, overall_id) VALUES (23, 1);
INSERT INTO overall_athletes (athlete_id, overall_id) VALUES (36, 1);
INSERT INTO overall_athletes (athlete_id, overall_id) VALUES (15, 1);
INSERT INTO overall_athletes (athlete_id, overall_id) VALUES (5, 1);
INSERT INTO overall_athletes (athlete_id, overall_id) VALUES (25, 1);
INSERT INTO overall_athletes (athlete_id, overall_id) VALUES (29, 1);
INSERT INTO overall_athletes (athlete_id, overall_id) VALUES (14, 1);
INSERT INTO overall_athletes (athlete_id, overall_id) VALUES (4, 1);
INSERT INTO overall_athletes (athlete_id, overall_id) VALUES (19, 1);
INSERT INTO overall_athletes (athlete_id, overall_id) VALUES (20, 1);
INSERT INTO overall_athletes (athlete_id, overall_id) VALUES (10, 2);
INSERT INTO overall_athletes (athlete_id, overall_id) VALUES (27, 2);
INSERT INTO overall_athletes (athlete_id, overall_id) VALUES (5, 2);
INSERT INTO overall_athletes (athlete_id, overall_id) VALUES (18, 2);
INSERT INTO overall_athletes (athlete_id, overall_id) VALUES (11, 2);
INSERT INTO overall_athletes (athlete_id, overall_id) VALUES (41, 2);
INSERT INTO overall_athletes (athlete_id, overall_id) VALUES (43, 2);
INSERT INTO overall_athletes (athlete_id, overall_id) VALUES (46, 2);
INSERT INTO overall_athletes (athlete_id, overall_id) VALUES (22, 2);
INSERT INTO overall_athletes (athlete_id, overall_id) VALUES (12, 2);
INSERT INTO overall_athletes (athlete_id, overall_id) VALUES (20, 2);
INSERT INTO overall_athletes (athlete_id, overall_id) VALUES (2, 2);
INSERT INTO overall_athletes (athlete_id, overall_id) VALUES (34, 2);
INSERT INTO overall_athletes (athlete_id, overall_id) VALUES (37, 2);
INSERT INTO overall_athletes (athlete_id, overall_id) VALUES (25, 2);
INSERT INTO overall_athletes (athlete_id, overall_id) VALUES (38, 2);
INSERT INTO overall_athletes (athlete_id, overall_id) VALUES (7, 2);
INSERT INTO overall_athletes (athlete_id, overall_id) VALUES (13, 2);
INSERT INTO overall_athletes (athlete_id, overall_id) VALUES (49, 2);
INSERT INTO overall_athletes (athlete_id, overall_id) VALUES (24, 2);
INSERT INTO overall_athletes (athlete_id, overall_id) VALUES (48, 2);
INSERT INTO overall_athletes (athlete_id, overall_id) VALUES (36, 2);
INSERT INTO overall_athletes (athlete_id, overall_id) VALUES (30, 2);
INSERT INTO overall_athletes (athlete_id, overall_id) VALUES (21, 2);
INSERT INTO overall_athletes (athlete_id, overall_id) VALUES (17, 2);
INSERT INTO overall_athletes (athlete_id, overall_id) VALUES (9, 2);
INSERT INTO overall_athletes (athlete_id, overall_id) VALUES (3, 2);
INSERT INTO overall_athletes (athlete_id, overall_id) VALUES (26, 2);
INSERT INTO overall_athletes (athlete_id, overall_id) VALUES (14, 2);
INSERT INTO overall_athletes (athlete_id, overall_id) VALUES (32, 2);
INSERT INTO overall_athletes (athlete_id, overall_id) VALUES (16, 2);
INSERT INTO overall_athletes (athlete_id, overall_id) VALUES (15, 2);
INSERT INTO overall_athletes (athlete_id, overall_id) VALUES (42, 2);
INSERT INTO overall_athletes (athlete_id, overall_id) VALUES (29, 2);
INSERT INTO overall_athletes (athlete_id, overall_id) VALUES (35, 2);
INSERT INTO overall_athletes (athlete_id, overall_id) VALUES (50, 2);
INSERT INTO overall_athletes (athlete_id, overall_id) VALUES (47, 2);
INSERT INTO overall_athletes (athlete_id, overall_id) VALUES (45, 2);
INSERT INTO overall_athletes (athlete_id, overall_id) VALUES (19, 2);
INSERT INTO overall_athletes (athlete_id, overall_id) VALUES (23, 2);
INSERT INTO overall_athletes (athlete_id, overall_id) VALUES (44, 2);
INSERT INTO overall_athletes (athlete_id, overall_id) VALUES (40, 2);
INSERT INTO overall_athletes (athlete_id, overall_id) VALUES (6, 2);
INSERT INTO overall_athletes (athlete_id, overall_id) VALUES (4, 2);
INSERT INTO overall_athletes (athlete_id, overall_id) VALUES (39, 2);
INSERT INTO overall_athletes (athlete_id, overall_id) VALUES (31, 2);
INSERT INTO overall_athletes (athlete_id, overall_id) VALUES (1, 2);
INSERT INTO overall_athletes (athlete_id, overall_id) VALUES (25, 3);
INSERT INTO overall_athletes (athlete_id, overall_id) VALUES (43, 3);
INSERT INTO overall_athletes (athlete_id, overall_id) VALUES (40, 3);
INSERT INTO overall_athletes (athlete_id, overall_id) VALUES (6, 3);
INSERT INTO overall_athletes (athlete_id, overall_id) VALUES (41, 3);
INSERT INTO overall_athletes (athlete_id, overall_id) VALUES (5, 4);
INSERT INTO overall_athletes (athlete_id, overall_id) VALUES (28, 4);
INSERT INTO overall_athletes (athlete_id, overall_id) VALUES (38, 4);
INSERT INTO overall_athletes (athlete_id, overall_id) VALUES (36, 4);
INSERT INTO overall_athletes (athlete_id, overall_id) VALUES (7, 4);
INSERT INTO overall_athletes (athlete_id, overall_id) VALUES (17, 4);
INSERT INTO overall_athletes (athlete_id, overall_id) VALUES (43, 4);
INSERT INTO overall_athletes (athlete_id, overall_id) VALUES (24, 4);
INSERT INTO overall_athletes (athlete_id, overall_id) VALUES (21, 4);
INSERT INTO overall_athletes (athlete_id, overall_id) VALUES (3, 4);
INSERT INTO overall_athletes (athlete_id, overall_id) VALUES (30, 4);
INSERT INTO overall_athletes (athlete_id, overall_id) VALUES (9, 4);
INSERT INTO overall_athletes (athlete_id, overall_id) VALUES (35, 4);
INSERT INTO overall_athletes (athlete_id, overall_id) VALUES (37, 4);
INSERT INTO overall_athletes (athlete_id, overall_id) VALUES (18, 4);
INSERT INTO overall_athletes (athlete_id, overall_id) VALUES (15, 4);
INSERT INTO overall_athletes (athlete_id, overall_id) VALUES (4, 4);
INSERT INTO overall_athletes (athlete_id, overall_id) VALUES (45, 4);
INSERT INTO overall_athletes (athlete_id, overall_id) VALUES (10, 4);
INSERT INTO overall_athletes (athlete_id, overall_id) VALUES (26, 4);
INSERT INTO overall_athletes (athlete_id, overall_id) VALUES (41, 4);
INSERT INTO overall_athletes (athlete_id, overall_id) VALUES (25, 4);
INSERT INTO overall_athletes (athlete_id, overall_id) VALUES (39, 4);
INSERT INTO overall_athletes (athlete_id, overall_id) VALUES (44, 4);
INSERT INTO overall_athletes (athlete_id, overall_id) VALUES (8, 4);
INSERT INTO overall_athletes (athlete_id, overall_id) VALUES (20, 4);
INSERT INTO overall_athletes (athlete_id, overall_id) VALUES (11, 4);
INSERT INTO overall_athletes (athlete_id, overall_id) VALUES (14, 4);
INSERT INTO overall_athletes (athlete_id, overall_id) VALUES (50, 4);
INSERT INTO overall_athletes (athlete_id, overall_id) VALUES (34, 4);
INSERT INTO overall_athletes (athlete_id, overall_id) VALUES (47, 4);
INSERT INTO overall_athletes (athlete_id, overall_id) VALUES (49, 4);
INSERT INTO overall_athletes (athlete_id, overall_id) VALUES (33, 4);
INSERT INTO overall_athletes (athlete_id, overall_id) VALUES (27, 4);
INSERT INTO overall_athletes (athlete_id, overall_id) VALUES (46, 4);
INSERT INTO overall_athletes (athlete_id, overall_id) VALUES (13, 4);
INSERT INTO overall_athletes (athlete_id, overall_id) VALUES (31, 4);
INSERT INTO overall_athletes (athlete_id, overall_id) VALUES (22, 4);
INSERT INTO overall_athletes (athlete_id, overall_id) VALUES (19, 4);
INSERT INTO overall_athletes (athlete_id, overall_id) VALUES (2, 4);
INSERT INTO overall_athletes (athlete_id, overall_id) VALUES (12, 4);
INSERT INTO overall_athletes (athlete_id, overall_id) VALUES (32, 4);
INSERT INTO overall_athletes (athlete_id, overall_id) VALUES (40, 4);
INSERT INTO overall_athletes (athlete_id, overall_id) VALUES (48, 4);
INSERT INTO overall_athletes (athlete_id, overall_id) VALUES (16, 4);
INSERT INTO overall_athletes (athlete_id, overall_id) VALUES (29, 4);
INSERT INTO overall_athletes (athlete_id, overall_id) VALUES (6, 4);
INSERT INTO overall_athletes (athlete_id, overall_id) VALUES (1, 4);
INSERT INTO overall_athletes (athlete_id, overall_id) VALUES (6, 5);
INSERT INTO overall_athletes (athlete_id, overall_id) VALUES (12, 5);
INSERT INTO overall_athletes (athlete_id, overall_id) VALUES (40, 5);
INSERT INTO overall_athletes (athlete_id, overall_id) VALUES (11, 5);
INSERT INTO overall_athletes (athlete_id, overall_id) VALUES (48, 5);
INSERT INTO overall_athletes (athlete_id, overall_id) VALUES (1, 5);
INSERT INTO overall_athletes (athlete_id, overall_id) VALUES (33, 5);
INSERT INTO overall_athletes (athlete_id, overall_id) VALUES (31, 5);
INSERT INTO overall_athletes (athlete_id, overall_id) VALUES (39, 5);
INSERT INTO overall_athletes (athlete_id, overall_id) VALUES (34, 6);
INSERT INTO overall_athletes (athlete_id, overall_id) VALUES (26, 6);
INSERT INTO overall_athletes (athlete_id, overall_id) VALUES (43, 6);
INSERT INTO overall_athletes (athlete_id, overall_id) VALUES (50, 6);
INSERT INTO overall_athletes (athlete_id, overall_id) VALUES (3, 6);
INSERT INTO overall_athletes (athlete_id, overall_id) VALUES (13, 6);
INSERT INTO overall_athletes (athlete_id, overall_id) VALUES (45, 6);
INSERT INTO overall_athletes (athlete_id, overall_id) VALUES (9, 6);
INSERT INTO overall_athletes (athlete_id, overall_id) VALUES (42, 6);
INSERT INTO overall_athletes (athlete_id, overall_id) VALUES (29, 6);
INSERT INTO overall_athletes (athlete_id, overall_id) VALUES (5, 6);
INSERT INTO overall_athletes (athlete_id, overall_id) VALUES (21, 6);
INSERT INTO overall_athletes (athlete_id, overall_id) VALUES (14, 6);
INSERT INTO overall_athletes (athlete_id, overall_id) VALUES (7, 6);
INSERT INTO overall_athletes (athlete_id, overall_id) VALUES (44, 6);
INSERT INTO overall_athletes (athlete_id, overall_id) VALUES (36, 6);
INSERT INTO overall_athletes (athlete_id, overall_id) VALUES (25, 6);
INSERT INTO overall_athletes (athlete_id, overall_id) VALUES (35, 6);
INSERT INTO overall_athletes (athlete_id, overall_id) VALUES (10, 6);
INSERT INTO overall_athletes (athlete_id, overall_id) VALUES (28, 6);
INSERT INTO overall_athletes (athlete_id, overall_id) VALUES (46, 6);
INSERT INTO overall_athletes (athlete_id, overall_id) VALUES (27, 6);
INSERT INTO overall_athletes (athlete_id, overall_id) VALUES (23, 6);
INSERT INTO overall_athletes (athlete_id, overall_id) VALUES (49, 6);
INSERT INTO overall_athletes (athlete_id, overall_id) VALUES (38, 6);
INSERT INTO overall_athletes (athlete_id, overall_id) VALUES (37, 6);
INSERT INTO overall_athletes (athlete_id, overall_id) VALUES (32, 6);
INSERT INTO overall_athletes (athlete_id, overall_id) VALUES (22, 6);
INSERT INTO overall_athletes (athlete_id, overall_id) VALUES (39, 6);
INSERT INTO overall_athletes (athlete_id, overall_id) VALUES (31, 6);
INSERT INTO overall_athletes (athlete_id, overall_id) VALUES (30, 6);
INSERT INTO overall_athletes (athlete_id, overall_id) VALUES (24, 6);
INSERT INTO overall_athletes (athlete_id, overall_id) VALUES (17, 6);
INSERT INTO overall_athletes (athlete_id, overall_id) VALUES (48, 6);
INSERT INTO overall_athletes (athlete_id, overall_id) VALUES (2, 7);
INSERT INTO overall_athletes (athlete_id, overall_id) VALUES (11, 7);
INSERT INTO overall_athletes (athlete_id, overall_id) VALUES (16, 7);
INSERT INTO overall_athletes (athlete_id, overall_id) VALUES (3, 7);
INSERT INTO overall_athletes (athlete_id, overall_id) VALUES (42, 8);
INSERT INTO overall_athletes (athlete_id, overall_id) VALUES (7, 8);
INSERT INTO overall_athletes (athlete_id, overall_id) VALUES (30, 8);
INSERT INTO overall_athletes (athlete_id, overall_id) VALUES (23, 8);
INSERT INTO overall_athletes (athlete_id, overall_id) VALUES (9, 8);
INSERT INTO overall_athletes (athlete_id, overall_id) VALUES (36, 8);
INSERT INTO overall_athletes (athlete_id, overall_id) VALUES (45, 8);
INSERT INTO overall_athletes (athlete_id, overall_id) VALUES (47, 8);
INSERT INTO overall_athletes (athlete_id, overall_id) VALUES (44, 8);
INSERT INTO overall_athletes (athlete_id, overall_id) VALUES (6, 8);
INSERT INTO overall_athletes (athlete_id, overall_id) VALUES (24, 8);
INSERT INTO overall_athletes (athlete_id, overall_id) VALUES (49, 8);
INSERT INTO overall_athletes (athlete_id, overall_id) VALUES (22, 8);
INSERT INTO overall_athletes (athlete_id, overall_id) VALUES (38, 8);
INSERT INTO overall_athletes (athlete_id, overall_id) VALUES (50, 8);
INSERT INTO overall_athletes (athlete_id, overall_id) VALUES (39, 8);
INSERT INTO overall_athletes (athlete_id, overall_id) VALUES (14, 8);
INSERT INTO overall_athletes (athlete_id, overall_id) VALUES (31, 8);
INSERT INTO overall_athletes (athlete_id, overall_id) VALUES (15, 8);
INSERT INTO overall_athletes (athlete_id, overall_id) VALUES (20, 8);
INSERT INTO overall_athletes (athlete_id, overall_id) VALUES (19, 8);
INSERT INTO overall_athletes (athlete_id, overall_id) VALUES (48, 8);
INSERT INTO overall_athletes (athlete_id, overall_id) VALUES (2, 8);
INSERT INTO overall_athletes (athlete_id, overall_id) VALUES (47, 9);
INSERT INTO overall_athletes (athlete_id, overall_id) VALUES (43, 9);
INSERT INTO overall_athletes (athlete_id, overall_id) VALUES (31, 9);
INSERT INTO overall_athletes (athlete_id, overall_id) VALUES (21, 9);
INSERT INTO overall_athletes (athlete_id, overall_id) VALUES (19, 9);
INSERT INTO overall_athletes (athlete_id, overall_id) VALUES (9, 9);
INSERT INTO overall_athletes (athlete_id, overall_id) VALUES (34, 9);
INSERT INTO overall_athletes (athlete_id, overall_id) VALUES (28, 9);
INSERT INTO overall_athletes (athlete_id, overall_id) VALUES (42, 9);
INSERT INTO overall_athletes (athlete_id, overall_id) VALUES (30, 9);
INSERT INTO overall_athletes (athlete_id, overall_id) VALUES (2, 9);
INSERT INTO overall_athletes (athlete_id, overall_id) VALUES (18, 9);
INSERT INTO overall_athletes (athlete_id, overall_id) VALUES (8, 9);
INSERT INTO overall_athletes (athlete_id, overall_id) VALUES (49, 9);
INSERT INTO overall_athletes (athlete_id, overall_id) VALUES (16, 9);
INSERT INTO overall_athletes (athlete_id, overall_id) VALUES (48, 9);
INSERT INTO overall_athletes (athlete_id, overall_id) VALUES (11, 9);
INSERT INTO overall_athletes (athlete_id, overall_id) VALUES (20, 9);
INSERT INTO overall_athletes (athlete_id, overall_id) VALUES (4, 9);
INSERT INTO overall_athletes (athlete_id, overall_id) VALUES (15, 9);
INSERT INTO overall_athletes (athlete_id, overall_id) VALUES (46, 9);
INSERT INTO overall_athletes (athlete_id, overall_id) VALUES (6, 9);
INSERT INTO overall_athletes (athlete_id, overall_id) VALUES (41, 9);
INSERT INTO overall_athletes (athlete_id, overall_id) VALUES (50, 9);
INSERT INTO overall_athletes (athlete_id, overall_id) VALUES (12, 9);
INSERT INTO overall_athletes (athlete_id, overall_id) VALUES (26, 9);
INSERT INTO overall_athletes (athlete_id, overall_id) VALUES (45, 9);
INSERT INTO overall_athletes (athlete_id, overall_id) VALUES (7, 9);
INSERT INTO overall_athletes (athlete_id, overall_id) VALUES (35, 9);
INSERT INTO overall_athletes (athlete_id, overall_id) VALUES (38, 9);
INSERT INTO overall_athletes (athlete_id, overall_id) VALUES (22, 9);
INSERT INTO overall_athletes (athlete_id, overall_id) VALUES (17, 9);
INSERT INTO overall_athletes (athlete_id, overall_id) VALUES (40, 9);
INSERT INTO overall_athletes (athlete_id, overall_id) VALUES (37, 9);
INSERT INTO overall_athletes (athlete_id, overall_id) VALUES (25, 9);
INSERT INTO overall_athletes (athlete_id, overall_id) VALUES (44, 9);
INSERT INTO overall_athletes (athlete_id, overall_id) VALUES (3, 9);
INSERT INTO overall_athletes (athlete_id, overall_id) VALUES (27, 9);
INSERT INTO overall_athletes (athlete_id, overall_id) VALUES (5, 9);
INSERT INTO overall_athletes (athlete_id, overall_id) VALUES (32, 9);
INSERT INTO overall_athletes (athlete_id, overall_id) VALUES (10, 9);
INSERT INTO overall_athletes (athlete_id, overall_id) VALUES (13, 9);
INSERT INTO overall_athletes (athlete_id, overall_id) VALUES (25, 10);
INSERT INTO overall_athletes (athlete_id, overall_id) VALUES (45, 10);
INSERT INTO overall_athletes (athlete_id, overall_id) VALUES (32, 10);
INSERT INTO overall_athletes (athlete_id, overall_id) VALUES (30, 10);
INSERT INTO overall_athletes (athlete_id, overall_id) VALUES (34, 10);
INSERT INTO overall_athletes (athlete_id, overall_id) VALUES (29, 10);
INSERT INTO overall_athletes (athlete_id, overall_id) VALUES (49, 10);
INSERT INTO overall_athletes (athlete_id, overall_id) VALUES (39, 10);
INSERT INTO overall_athletes (athlete_id, overall_id) VALUES (27, 10);
INSERT INTO overall_athletes (athlete_id, overall_id) VALUES (1, 10);
INSERT INTO overall_athletes (athlete_id, overall_id) VALUES (22, 10);
INSERT INTO overall_athletes (athlete_id, overall_id) VALUES (37, 10);
INSERT INTO overall_athletes (athlete_id, overall_id) VALUES (44, 10);
INSERT INTO overall_athletes (athlete_id, overall_id) VALUES (15, 10);
INSERT INTO overall_athletes (athlete_id, overall_id) VALUES (14, 10);
INSERT INTO overall_athletes (athlete_id, overall_id) VALUES (50, 10);
INSERT INTO overall_athletes (athlete_id, overall_id) VALUES (33, 10);
INSERT INTO overall_athletes (athlete_id, overall_id) VALUES (42, 10);
INSERT INTO overall_athletes (athlete_id, overall_id) VALUES (8, 10);
INSERT INTO overall_athletes (athlete_id, overall_id) VALUES (20, 10);
INSERT INTO overall_athletes (athlete_id, overall_id) VALUES (7, 10);
INSERT INTO overall_athletes (athlete_id, overall_id) VALUES (46, 10);
INSERT INTO overall_athletes (athlete_id, overall_id) VALUES (6, 10);
INSERT INTO overall_athletes (athlete_id, overall_id) VALUES (47, 10);
INSERT INTO overall_athletes (athlete_id, overall_id) VALUES (31, 10);
INSERT INTO overall_athletes (athlete_id, overall_id) VALUES (26, 10);
INSERT INTO overall_athletes (athlete_id, overall_id) VALUES (21, 10);
INSERT INTO overall_athletes (athlete_id, overall_id) VALUES (10, 10);
INSERT INTO overall_athletes (athlete_id, overall_id) VALUES (35, 10);
INSERT INTO overall_athletes (athlete_id, overall_id) VALUES (13, 10);
INSERT INTO overall_athletes (athlete_id, overall_id) VALUES (16, 10);
INSERT INTO overall_athletes (athlete_id, overall_id) VALUES (18, 10);
INSERT INTO overall_athletes (athlete_id, overall_id) VALUES (36, 10);
INSERT INTO overall_athletes (athlete_id, overall_id) VALUES (12, 10);
INSERT INTO overall_athletes (athlete_id, overall_id) VALUES (38, 10);
INSERT INTO overall_athletes (athlete_id, overall_id) VALUES (9, 10);
INSERT INTO overall_athletes (athlete_id, overall_id) VALUES (5, 10);
INSERT INTO overall_athletes (athlete_id, overall_id) VALUES (41, 10);
INSERT INTO overall_athletes (athlete_id, overall_id) VALUES (40, 10);
INSERT INTO overall_athletes (athlete_id, overall_id) VALUES (24, 10);
INSERT INTO overall_athletes (athlete_id, overall_id) VALUES (2, 10);
INSERT INTO overall_athletes (athlete_id, overall_id) VALUES (19, 10);
INSERT INTO overall_athletes (athlete_id, overall_id) VALUES (3, 10);
