INSERT INTO category (description, gender, end_age, start_age, id, name) VALUES ('Some random description.', 'Female', 25, 10, 1, 'buy');
INSERT INTO category (description, gender, end_age, start_age, id, name) VALUES ('Some random description.', 'Female', 33, 18, 2, 'sometimes');
INSERT INTO category (description, gender, end_age, start_age, id, name) VALUES ('Some random description.', 'Female', 26, 10, 3, 'lead');
INSERT INTO category (description, gender, end_age, start_age, id, name) VALUES ('Some random description.', 'Male', 26, 20, 4, 'attorney');
INSERT INTO category (description, gender, end_age, start_age, id, name) VALUES ('Some random description.', 'Female', 26, 13, 5, 'central');
INSERT INTO category (description, gender, end_age, start_age, id, name) VALUES ('Some random description.', 'Female', 23, 16, 6, 'be');
INSERT INTO category (description, gender, end_age, start_age, id, name) VALUES ('Some random description.', 'Male', 21, 13, 7, 'soon');
INSERT INTO category (description, gender, end_age, start_age, id, name) VALUES ('Some random description.', 'Male', 23, 13, 8, 'itself');
INSERT INTO category (description, gender, end_age, start_age, id, name) VALUES ('Some random description.', 'Male', 29, 18, 9, 'parent');
INSERT INTO category (description, gender, end_age, start_age, id, name) VALUES ('Some random description.', 'Male', 35, 17, 10, 'along');
INSERT INTO team (description, date_of_creation, location, logo_url, id, name) VALUES ('Some random description.', '2015-06-15', 'Sanchezberg', 'https://dummyimage.com/622x1013', 1, 'Yates-Gonzalez');
INSERT INTO team (description, date_of_creation, location, logo_url, id, name) VALUES ('Some random description.', '2006-12-07', 'Williamsonbury', 'https://www.lorempixel.com/819/983', 2, 'Martin-Hendricks');
INSERT INTO team (description, date_of_creation, location, logo_url, id, name) VALUES ('Some random description.', '2002-04-15', 'South Andrewshire', 'https://placeimg.com/966/651/any', 3, 'Francis, Webb and Oneal');
INSERT INTO team (description, date_of_creation, location, logo_url, id, name) VALUES ('Some random description.', '2020-12-02', 'Jasmineview', 'https://dummyimage.com/210x8', 4, 'Myers, Acosta and Higgins');
INSERT INTO team (description, date_of_creation, location, logo_url, id, name) VALUES ('Some random description.', '2005-11-07', 'Wattsfort', 'https://placekitten.com/24/195', 5, 'Sims-Morris');
INSERT INTO team (description, date_of_creation, location, logo_url, id, name) VALUES ('Some random description.', '2014-01-14', 'Holmesmouth', 'https://dummyimage.com/228x693', 6, 'Montoya, Wolf and Ramirez');
INSERT INTO team (description, date_of_creation, location, logo_url, id, name) VALUES ('Some random description.', '2008-09-02', 'Kristinafort', 'https://www.lorempixel.com/564/567', 7, 'Peterson, Duncan and Smith');
INSERT INTO team (description, date_of_creation, location, logo_url, id, name) VALUES ('Some random description.', '2003-03-07', 'Port Glenda', 'https://placeimg.com/810/511/any', 8, 'Ingram Group');
INSERT INTO team (description, date_of_creation, location, logo_url, id, name) VALUES ('Some random description.', '2005-11-21', 'Port Alvin', 'https://dummyimage.com/636x466', 9, 'Hickman PLC');
INSERT INTO team (description, date_of_creation, location, logo_url, id, name) VALUES ('Some random description.', '2000-05-09', 'Lake Sherry', 'https://placekitten.com/751/793', 10, 'Ochoa, Griffith and Bailey');
INSERT INTO tournament (description, end_date, start_date, location, id, name) VALUES ('Some random description.', '2013-12-26', '2013-12-21', 'Crawfordport', 1, 'drug');
INSERT INTO tournament (description, end_date, start_date, location, id, name) VALUES ('Some random description.', '2016-12-20', '2016-12-12', 'Daleville', 2, 'school');
INSERT INTO tournament (description, end_date, start_date, location, id, name) VALUES ('Some random description.', '2015-01-05', '2014-12-28', 'Port Josephbury', 3, 'he');
INSERT INTO tournament (description, end_date, start_date, location, id, name) VALUES ('Some random description.', '2020-10-03', '2020-09-29', 'North Emily', 4, 'case');
INSERT INTO tournament (description, end_date, start_date, location, id, name) VALUES ('Some random description.', '2017-10-02', '2017-09-22', 'Smithberg', 5, 'general');
INSERT INTO tournament (description, end_date, start_date, location, id, name) VALUES ('Some random description.', '2006-06-19', '2006-06-14', 'Wellsmouth', 6, 'behavior');
INSERT INTO tournament (description, end_date, start_date, location, id, name) VALUES ('Some random description.', '2014-06-16', '2014-06-11', 'Patriciaberg', 7, 'audience');
INSERT INTO tournament (description, end_date, start_date, location, id, name) VALUES ('Some random description.', '2021-06-27', '2021-06-18', 'East Ashley', 8, 'wonder');
INSERT INTO tournament (description, end_date, start_date, location, id, name) VALUES ('Some random description.', '2011-08-11', '2011-08-08', 'Jamesside', 9, 'break');
INSERT INTO tournament (description, end_date, start_date, location, id, name) VALUES ('Some random description.', '2004-01-07', '2003-12-31', 'South Brenda', 10, 'magazine');
INSERT INTO athlete (name, gender, team_id, profile_photo_url, join_date, date_of_birth, id) VALUES ('Joyce Stanley', 'Female', 3, 'https://www.lorempixel.com/803/120', '2005-07-16', '1950-11-27', 1);
INSERT INTO athlete (name, gender, team_id, profile_photo_url, join_date, date_of_birth, id) VALUES ('Mark Walker', 'Male', 5, 'https://placeimg.com/992/1024/any', '2011-09-27', '1982-04-01', 2);
INSERT INTO athlete (name, gender, team_id, profile_photo_url, join_date, date_of_birth, id) VALUES ('Emily Everett', 'Female', 3, 'https://www.lorempixel.com/103/677', '2001-07-10', '1926-07-09', 3);
INSERT INTO athlete (name, gender, team_id, profile_photo_url, join_date, date_of_birth, id) VALUES ('Amanda Edwards', 'Female', 8, 'https://dummyimage.com/825x316', '2003-07-11', '2000-11-17', 4);
INSERT INTO athlete (name, gender, team_id, profile_photo_url, join_date, date_of_birth, id) VALUES ('Michelle Wright', 'Male', 8, 'https://dummyimage.com/118x419', '2015-08-01', '1973-08-03', 5);
INSERT INTO athlete (name, gender, team_id, profile_photo_url, join_date, date_of_birth, id) VALUES ('Jeremy Fisher', 'Male', 7, 'https://dummyimage.com/905x910', '2007-11-07', '1921-02-19', 6);
INSERT INTO athlete (name, gender, team_id, profile_photo_url, join_date, date_of_birth, id) VALUES ('Erin Kelly', 'Male', 6, 'https://dummyimage.com/989x456', '2016-08-24', '2004-11-11', 7);
INSERT INTO athlete (name, gender, team_id, profile_photo_url, join_date, date_of_birth, id) VALUES ('Eric Taylor', 'Male', 5, 'https://www.lorempixel.com/541/739', '2021-01-16', '1929-07-01', 8);
INSERT INTO athlete (name, gender, team_id, profile_photo_url, join_date, date_of_birth, id) VALUES ('Stacey Rodriguez', 'Male', 7, 'https://placekitten.com/345/267', '2012-06-01', '1940-08-02', 9);
INSERT INTO athlete (name, gender, team_id, profile_photo_url, join_date, date_of_birth, id) VALUES ('David Green', 'Female', 9, 'https://placekitten.com/838/142', '2005-01-22', '1971-10-02', 10);
INSERT INTO athlete (name, gender, team_id, profile_photo_url, join_date, date_of_birth, id) VALUES ('Sarah Price', 'Male', 9, 'https://placekitten.com/560/767', '2016-08-07', '2000-04-05', 11);
INSERT INTO athlete (name, gender, team_id, profile_photo_url, join_date, date_of_birth, id) VALUES ('Dawn Mclean', 'Female', 9, 'https://placeimg.com/99/989/any', '2014-12-08', '1916-01-17', 12);
INSERT INTO athlete (name, gender, team_id, profile_photo_url, join_date, date_of_birth, id) VALUES ('Billy Smith', 'Male', 7, 'https://placeimg.com/841/1003/any', '2017-07-10', '1924-05-04', 13);
INSERT INTO athlete (name, gender, team_id, profile_photo_url, join_date, date_of_birth, id) VALUES ('Carrie Wright', 'Male', 3, 'https://dummyimage.com/534x781', '2024-01-18', '1989-11-24', 14);
INSERT INTO athlete (name, gender, team_id, profile_photo_url, join_date, date_of_birth, id) VALUES ('Nicole Jones', 'Male', 5, 'https://placeimg.com/190/248/any', '2002-08-22', '1961-01-24', 15);
INSERT INTO athlete (name, gender, team_id, profile_photo_url, join_date, date_of_birth, id) VALUES ('Sean Wise', 'Female', 10, 'https://placeimg.com/596/824/any', '2018-08-21', '1950-03-03', 16);
INSERT INTO athlete (name, gender, team_id, profile_photo_url, join_date, date_of_birth, id) VALUES ('Cynthia Wright', 'Female', 8, 'https://placekitten.com/106/41', '2001-01-28', '1958-02-10', 17);
INSERT INTO athlete (name, gender, team_id, profile_photo_url, join_date, date_of_birth, id) VALUES ('Cassandra Hansen', 'Male', 3, 'https://www.lorempixel.com/659/673', '2012-07-13', '1953-10-15', 18);
INSERT INTO athlete (name, gender, team_id, profile_photo_url, join_date, date_of_birth, id) VALUES ('Chelsea Jackson', 'Male', 10, 'https://placekitten.com/388/796', '2023-01-02', '1931-07-17', 19);
INSERT INTO athlete (name, gender, team_id, profile_photo_url, join_date, date_of_birth, id) VALUES ('Alan Willis', 'Male', 8, 'https://dummyimage.com/232x153', '2014-05-03', '2010-07-01', 20);
INSERT INTO athlete (name, gender, team_id, profile_photo_url, join_date, date_of_birth, id) VALUES ('Wanda Young', 'Female', 5, 'https://placekitten.com/943/65', '2021-09-01', '1973-02-28', 21);
INSERT INTO athlete (name, gender, team_id, profile_photo_url, join_date, date_of_birth, id) VALUES ('Kathy Leonard', 'Female', 5, 'https://dummyimage.com/244x960', '2008-04-23', '1983-04-21', 22);
INSERT INTO athlete (name, gender, team_id, profile_photo_url, join_date, date_of_birth, id) VALUES ('Elizabeth Byrd', 'Male', 2, 'https://dummyimage.com/536x226', '2023-05-30', '2017-06-03', 23);
INSERT INTO athlete (name, gender, team_id, profile_photo_url, join_date, date_of_birth, id) VALUES ('Kathy Gonzalez', 'Male', 6, 'https://placeimg.com/687/413/any', '2013-06-14', '1909-08-16', 24);
INSERT INTO athlete (name, gender, team_id, profile_photo_url, join_date, date_of_birth, id) VALUES ('Cody Nguyen', 'Female', 9, 'https://dummyimage.com/312x177', '2005-01-31', '2001-12-07', 25);
INSERT INTO athlete (name, gender, team_id, profile_photo_url, join_date, date_of_birth, id) VALUES ('Crystal Gibson', 'Male', 3, 'https://www.lorempixel.com/574/252', '2011-01-27', '1992-03-05', 26);
INSERT INTO athlete (name, gender, team_id, profile_photo_url, join_date, date_of_birth, id) VALUES ('Elizabeth Flores', 'Female', 1, 'https://www.lorempixel.com/430/890', '2000-09-03', '2023-06-20', 27);
INSERT INTO athlete (name, gender, team_id, profile_photo_url, join_date, date_of_birth, id) VALUES ('Cheryl Hernandez', 'Female', 1, 'https://www.lorempixel.com/284/84', '2018-05-18', '1944-03-10', 28);
INSERT INTO athlete (name, gender, team_id, profile_photo_url, join_date, date_of_birth, id) VALUES ('Deborah Rose', 'Female', 10, 'https://www.lorempixel.com/890/285', '2014-05-03', '1995-06-18', 29);
INSERT INTO athlete (name, gender, team_id, profile_photo_url, join_date, date_of_birth, id) VALUES ('Jessica Cruz', 'Male', 8, 'https://dummyimage.com/766x154', '2014-08-21', '1971-09-10', 30);
INSERT INTO athlete (name, gender, team_id, profile_photo_url, join_date, date_of_birth, id) VALUES ('Heather Villa', 'Female', 6, 'https://placekitten.com/732/57', '2017-07-12', '1962-07-24', 31);
INSERT INTO athlete (name, gender, team_id, profile_photo_url, join_date, date_of_birth, id) VALUES ('Kimberly Sanders', 'Male', 8, 'https://placeimg.com/822/492/any', '2022-08-27', '1910-09-19', 32);
INSERT INTO athlete (name, gender, team_id, profile_photo_url, join_date, date_of_birth, id) VALUES ('Melissa Walker', 'Male', 3, 'https://dummyimage.com/89x683', '2010-01-11', '1976-09-13', 33);
INSERT INTO athlete (name, gender, team_id, profile_photo_url, join_date, date_of_birth, id) VALUES ('Lisa Gomez', 'Female', 2, 'https://placekitten.com/447/631', '2007-01-30', '2022-04-20', 34);
INSERT INTO athlete (name, gender, team_id, profile_photo_url, join_date, date_of_birth, id) VALUES ('Traci Swanson', 'Male', 5, 'https://www.lorempixel.com/663/653', '2017-07-04', '1958-02-18', 35);
INSERT INTO athlete (name, gender, team_id, profile_photo_url, join_date, date_of_birth, id) VALUES ('Monica Morgan', 'Male', 10, 'https://dummyimage.com/751x10', '2023-12-19', '1974-02-03', 36);
INSERT INTO athlete (name, gender, team_id, profile_photo_url, join_date, date_of_birth, id) VALUES ('Jeffrey Stevens', 'Female', 8, 'https://placekitten.com/338/687', '2004-06-04', '1946-11-26', 37);
INSERT INTO athlete (name, gender, team_id, profile_photo_url, join_date, date_of_birth, id) VALUES ('Rachel Parker', 'Female', 3, 'https://dummyimage.com/503x283', '2014-11-06', '2009-08-28', 38);
INSERT INTO athlete (name, gender, team_id, profile_photo_url, join_date, date_of_birth, id) VALUES ('Megan Norris', 'Male', 2, 'https://dummyimage.com/479x808', '2006-03-31', '2017-05-30', 39);
INSERT INTO athlete (name, gender, team_id, profile_photo_url, join_date, date_of_birth, id) VALUES ('Nancy Richard', 'Male', 3, 'https://dummyimage.com/217x29', '2002-09-12', '1999-09-25', 40);
INSERT INTO athlete (name, gender, team_id, profile_photo_url, join_date, date_of_birth, id) VALUES ('Jessica Hernandez', 'Male', 5, 'https://placekitten.com/861/386', '2024-05-05', '2002-10-24', 41);
INSERT INTO athlete (name, gender, team_id, profile_photo_url, join_date, date_of_birth, id) VALUES ('Kari Stewart', 'Male', 9, 'https://dummyimage.com/21x554', '2017-03-19', '1933-07-02', 42);
INSERT INTO athlete (name, gender, team_id, profile_photo_url, join_date, date_of_birth, id) VALUES ('Deborah Hess', 'Female', 4, 'https://dummyimage.com/477x423', '2022-04-22', '1973-09-24', 43);
INSERT INTO athlete (name, gender, team_id, profile_photo_url, join_date, date_of_birth, id) VALUES ('David Williams', 'Male', 10, 'https://dummyimage.com/423x742', '2021-07-14', '1945-01-28', 44);
INSERT INTO athlete (name, gender, team_id, profile_photo_url, join_date, date_of_birth, id) VALUES ('Daniel Clark', 'Female', 4, 'https://www.lorempixel.com/285/661', '2014-04-08', '1997-01-08', 45);
INSERT INTO athlete (name, gender, team_id, profile_photo_url, join_date, date_of_birth, id) VALUES ('Kimberly Mcgee', 'Female', 1, 'https://placeimg.com/621/177/any', '2013-11-04', '2012-04-09', 46);
INSERT INTO athlete (name, gender, team_id, profile_photo_url, join_date, date_of_birth, id) VALUES ('Dawn Brown', 'Male', 2, 'https://www.lorempixel.com/987/69', '2014-11-11', '1987-08-12', 47);
INSERT INTO athlete (name, gender, team_id, profile_photo_url, join_date, date_of_birth, id) VALUES ('Kelly Koch', 'Male', 3, 'https://placekitten.com/745/553', '2005-07-30', '2003-11-27', 48);
INSERT INTO athlete (name, gender, team_id, profile_photo_url, join_date, date_of_birth, id) VALUES ('Jasmine Rivers', 'Female', 9, 'https://www.lorempixel.com/80/407', '2006-07-24', '2022-03-17', 49);
INSERT INTO athlete (name, gender, team_id, profile_photo_url, join_date, date_of_birth, id) VALUES ('Adam Garcia', 'Female', 9, 'https://placekitten.com/425/337', '2008-04-27', '1969-12-25', 50);
INSERT INTO tournament_categories (category_id, tournament_id) VALUES (3, 1);
INSERT INTO tournament_categories (category_id, tournament_id) VALUES (9, 1);
INSERT INTO tournament_categories (category_id, tournament_id) VALUES (2, 1);
INSERT INTO tournament_categories (category_id, tournament_id) VALUES (4, 1);
INSERT INTO tournament_categories (category_id, tournament_id) VALUES (5, 1);
INSERT INTO tournament_categories (category_id, tournament_id) VALUES (6, 1);
INSERT INTO tournament_categories (category_id, tournament_id) VALUES (7, 2);
INSERT INTO tournament_categories (category_id, tournament_id) VALUES (6, 2);
INSERT INTO tournament_categories (category_id, tournament_id) VALUES (2, 3);
INSERT INTO tournament_categories (category_id, tournament_id) VALUES (7, 3);
INSERT INTO tournament_categories (category_id, tournament_id) VALUES (8, 4);
INSERT INTO tournament_categories (category_id, tournament_id) VALUES (2, 5);
INSERT INTO tournament_categories (category_id, tournament_id) VALUES (3, 5);
INSERT INTO tournament_categories (category_id, tournament_id) VALUES (8, 5);
INSERT INTO tournament_categories (category_id, tournament_id) VALUES (1, 6);
INSERT INTO tournament_categories (category_id, tournament_id) VALUES (10, 6);
INSERT INTO tournament_categories (category_id, tournament_id) VALUES (8, 6);
INSERT INTO tournament_categories (category_id, tournament_id) VALUES (3, 6);
INSERT INTO tournament_categories (category_id, tournament_id) VALUES (7, 6);
INSERT INTO tournament_categories (category_id, tournament_id) VALUES (6, 6);
INSERT INTO tournament_categories (category_id, tournament_id) VALUES (9, 7);
INSERT INTO tournament_categories (category_id, tournament_id) VALUES (5, 7);
INSERT INTO tournament_categories (category_id, tournament_id) VALUES (4, 7);
INSERT INTO tournament_categories (category_id, tournament_id) VALUES (3, 7);
INSERT INTO tournament_categories (category_id, tournament_id) VALUES (10, 7);
INSERT INTO tournament_categories (category_id, tournament_id) VALUES (2, 7);
INSERT INTO tournament_categories (category_id, tournament_id) VALUES (6, 7);
INSERT INTO tournament_categories (category_id, tournament_id) VALUES (1, 7);
INSERT INTO tournament_categories (category_id, tournament_id) VALUES (8, 7);
INSERT INTO tournament_categories (category_id, tournament_id) VALUES (5, 8);
INSERT INTO tournament_categories (category_id, tournament_id) VALUES (3, 8);
INSERT INTO tournament_categories (category_id, tournament_id) VALUES (1, 8);
INSERT INTO tournament_categories (category_id, tournament_id) VALUES (9, 8);
INSERT INTO tournament_categories (category_id, tournament_id) VALUES (10, 8);
INSERT INTO tournament_categories (category_id, tournament_id) VALUES (8, 8);
INSERT INTO tournament_categories (category_id, tournament_id) VALUES (6, 8);
INSERT INTO tournament_categories (category_id, tournament_id) VALUES (7, 8);
INSERT INTO tournament_categories (category_id, tournament_id) VALUES (4, 8);
INSERT INTO tournament_categories (category_id, tournament_id) VALUES (6, 9);
INSERT INTO tournament_categories (category_id, tournament_id) VALUES (9, 9);
INSERT INTO tournament_categories (category_id, tournament_id) VALUES (10, 9);
INSERT INTO tournament_categories (category_id, tournament_id) VALUES (2, 9);
INSERT INTO tournament_categories (category_id, tournament_id) VALUES (3, 9);
INSERT INTO tournament_categories (category_id, tournament_id) VALUES (3, 10);
INSERT INTO tournament_categories (category_id, tournament_id) VALUES (8, 10);
INSERT INTO tournament_categories (category_id, tournament_id) VALUES (7, 10);
INSERT INTO tournament_categories (category_id, tournament_id) VALUES (9, 10);
INSERT INTO tournament_categories (category_id, tournament_id) VALUES (4, 10);
INSERT INTO tournament_categories (category_id, tournament_id) VALUES (2, 10);
INSERT INTO tournament_categories (category_id, tournament_id) VALUES (5, 10);
INSERT INTO tournament_categories (category_id, tournament_id) VALUES (6, 10);
INSERT INTO tournament_categories (category_id, tournament_id) VALUES (10, 10);
INSERT INTO achievement (position, category_id, id, tournament_id) VALUES (1, 2, 1, 7);
INSERT INTO achievement (position, category_id, id, tournament_id) VALUES (3, 9, 2, 4);
INSERT INTO achievement (position, category_id, id, tournament_id) VALUES (3, 2, 3, 5);
INSERT INTO achievement (position, category_id, id, tournament_id) VALUES (3, 9, 4, 3);
INSERT INTO achievement (position, category_id, id, tournament_id) VALUES (1, 3, 5, 9);
INSERT INTO achievement (position, category_id, id, tournament_id) VALUES (1, 8, 6, 2);
INSERT INTO achievement (position, category_id, id, tournament_id) VALUES (3, 8, 7, 4);
INSERT INTO achievement (position, category_id, id, tournament_id) VALUES (3, 6, 8, 8);
INSERT INTO achievement (position, category_id, id, tournament_id) VALUES (3, 8, 9, 4);
INSERT INTO achievement (position, category_id, id, tournament_id) VALUES (2, 3, 10, 10);
INSERT INTO achievement (position, category_id, id, tournament_id) VALUES (3, 10, 11, 6);
INSERT INTO achievement (position, category_id, id, tournament_id) VALUES (3, 3, 12, 5);
INSERT INTO achievement (position, category_id, id, tournament_id) VALUES (2, 8, 13, 8);
INSERT INTO achievement (position, category_id, id, tournament_id) VALUES (3, 4, 14, 3);
INSERT INTO achievement (position, category_id, id, tournament_id) VALUES (3, 5, 15, 4);
INSERT INTO achievement (position, category_id, id, tournament_id) VALUES (1, 9, 16, 8);
INSERT INTO achievement (position, category_id, id, tournament_id) VALUES (2, 3, 17, 8);
INSERT INTO achievement (position, category_id, id, tournament_id) VALUES (3, 7, 18, 2);
INSERT INTO achievement (position, category_id, id, tournament_id) VALUES (2, 7, 19, 1);
INSERT INTO achievement (position, category_id, id, tournament_id) VALUES (2, 3, 20, 10);
INSERT INTO achievement (position, category_id, id, tournament_id) VALUES (1, 4, 21, 1);
INSERT INTO achievement (position, category_id, id, tournament_id) VALUES (2, 6, 22, 9);
INSERT INTO achievement (position, category_id, id, tournament_id) VALUES (3, 5, 23, 1);
INSERT INTO achievement (position, category_id, id, tournament_id) VALUES (1, 8, 24, 8);
INSERT INTO achievement (position, category_id, id, tournament_id) VALUES (2, 5, 25, 1);
INSERT INTO achievement (position, category_id, id, tournament_id) VALUES (1, 9, 26, 6);
INSERT INTO achievement (position, category_id, id, tournament_id) VALUES (1, 8, 27, 2);
INSERT INTO achievement (position, category_id, id, tournament_id) VALUES (2, 8, 28, 3);
INSERT INTO achievement (position, category_id, id, tournament_id) VALUES (3, 3, 29, 9);
INSERT INTO achievement (position, category_id, id, tournament_id) VALUES (3, 8, 30, 7);
INSERT INTO result (point, cat_id, athlete_id, result, id, tournament_id) VALUES (8, 7, 10, 'Some random description.', 1, 4);
INSERT INTO result (point, cat_id, athlete_id, result, id, tournament_id) VALUES (43, 10, 17, 'Some random description.', 2, 4);
INSERT INTO result (point, cat_id, athlete_id, result, id, tournament_id) VALUES (7, 7, 27, 'Some random description.', 3, 2);
INSERT INTO result (point, cat_id, athlete_id, result, id, tournament_id) VALUES (75, 4, 2, 'Some random description.', 4, 6);
INSERT INTO result (point, cat_id, athlete_id, result, id, tournament_id) VALUES (61, 1, 20, 'Some random description.', 5, 7);
INSERT INTO result (point, cat_id, athlete_id, result, id, tournament_id) VALUES (20, 5, 25, 'Some random description.', 6, 10);
INSERT INTO result (point, cat_id, athlete_id, result, id, tournament_id) VALUES (77, 2, 41, 'Some random description.', 7, 3);
INSERT INTO result (point, cat_id, athlete_id, result, id, tournament_id) VALUES (60, 4, 15, 'Some random description.', 8, 10);
INSERT INTO result (point, cat_id, athlete_id, result, id, tournament_id) VALUES (6, 4, 14, 'Some random description.', 9, 6);
INSERT INTO result (point, cat_id, athlete_id, result, id, tournament_id) VALUES (63, 6, 20, 'Some random description.', 10, 1);
INSERT INTO result (point, cat_id, athlete_id, result, id, tournament_id) VALUES (43, 6, 26, 'Some random description.', 11, 5);
INSERT INTO result (point, cat_id, athlete_id, result, id, tournament_id) VALUES (61, 9, 45, 'Some random description.', 12, 7);
INSERT INTO result (point, cat_id, athlete_id, result, id, tournament_id) VALUES (40, 9, 14, 'Some random description.', 13, 5);
INSERT INTO result (point, cat_id, athlete_id, result, id, tournament_id) VALUES (37, 3, 12, 'Some random description.', 14, 2);
INSERT INTO result (point, cat_id, athlete_id, result, id, tournament_id) VALUES (88, 9, 38, 'Some random description.', 15, 1);
INSERT INTO result (point, cat_id, athlete_id, result, id, tournament_id) VALUES (94, 7, 37, 'Some random description.', 16, 9);
INSERT INTO result (point, cat_id, athlete_id, result, id, tournament_id) VALUES (6, 1, 43, 'Some random description.', 17, 9);
INSERT INTO result (point, cat_id, athlete_id, result, id, tournament_id) VALUES (91, 6, 34, 'Some random description.', 18, 3);
INSERT INTO result (point, cat_id, athlete_id, result, id, tournament_id) VALUES (100, 9, 11, 'Some random description.', 19, 2);
INSERT INTO result (point, cat_id, athlete_id, result, id, tournament_id) VALUES (9, 7, 19, 'Some random description.', 20, 3);
INSERT INTO result (point, cat_id, athlete_id, result, id, tournament_id) VALUES (90, 10, 42, 'Some random description.', 21, 8);
INSERT INTO result (point, cat_id, athlete_id, result, id, tournament_id) VALUES (58, 2, 12, 'Some random description.', 22, 3);
INSERT INTO result (point, cat_id, athlete_id, result, id, tournament_id) VALUES (99, 9, 1, 'Some random description.', 23, 1);
INSERT INTO result (point, cat_id, athlete_id, result, id, tournament_id) VALUES (71, 7, 23, 'Some random description.', 24, 1);
INSERT INTO result (point, cat_id, athlete_id, result, id, tournament_id) VALUES (83, 2, 40, 'Some random description.', 25, 10);
INSERT INTO result (point, cat_id, athlete_id, result, id, tournament_id) VALUES (67, 2, 30, 'Some random description.', 26, 1);
INSERT INTO result (point, cat_id, athlete_id, result, id, tournament_id) VALUES (8, 10, 36, 'Some random description.', 27, 2);
INSERT INTO result (point, cat_id, athlete_id, result, id, tournament_id) VALUES (35, 6, 47, 'Some random description.', 28, 4);
INSERT INTO result (point, cat_id, athlete_id, result, id, tournament_id) VALUES (68, 6, 41, 'Some random description.', 29, 3);
INSERT INTO result (point, cat_id, athlete_id, result, id, tournament_id) VALUES (41, 7, 37, 'Some random description.', 30, 6);
INSERT INTO result (point, cat_id, athlete_id, result, id, tournament_id) VALUES (21, 1, 40, 'Some random description.', 31, 4);
INSERT INTO result (point, cat_id, athlete_id, result, id, tournament_id) VALUES (17, 8, 32, 'Some random description.', 32, 7);
INSERT INTO result (point, cat_id, athlete_id, result, id, tournament_id) VALUES (60, 7, 29, 'Some random description.', 33, 2);
INSERT INTO result (point, cat_id, athlete_id, result, id, tournament_id) VALUES (56, 5, 17, 'Some random description.', 34, 9);
INSERT INTO result (point, cat_id, athlete_id, result, id, tournament_id) VALUES (72, 1, 26, 'Some random description.', 35, 5);
INSERT INTO result (point, cat_id, athlete_id, result, id, tournament_id) VALUES (18, 3, 12, 'Some random description.', 36, 10);
INSERT INTO result (point, cat_id, athlete_id, result, id, tournament_id) VALUES (66, 7, 2, 'Some random description.', 37, 8);
INSERT INTO result (point, cat_id, athlete_id, result, id, tournament_id) VALUES (47, 8, 8, 'Some random description.', 38, 7);
INSERT INTO result (point, cat_id, athlete_id, result, id, tournament_id) VALUES (32, 5, 19, 'Some random description.', 39, 8);
INSERT INTO result (point, cat_id, athlete_id, result, id, tournament_id) VALUES (75, 2, 12, 'Some random description.', 40, 7);
INSERT INTO result (point, cat_id, athlete_id, result, id, tournament_id) VALUES (16, 9, 14, 'Some random description.', 41, 8);
INSERT INTO result (point, cat_id, athlete_id, result, id, tournament_id) VALUES (69, 5, 22, 'Some random description.', 42, 1);
INSERT INTO result (point, cat_id, athlete_id, result, id, tournament_id) VALUES (50, 6, 9, 'Some random description.', 43, 4);
INSERT INTO result (point, cat_id, athlete_id, result, id, tournament_id) VALUES (20, 6, 8, 'Some random description.', 44, 5);
INSERT INTO result (point, cat_id, athlete_id, result, id, tournament_id) VALUES (19, 10, 36, 'Some random description.', 45, 9);
INSERT INTO result (point, cat_id, athlete_id, result, id, tournament_id) VALUES (44, 9, 9, 'Some random description.', 46, 9);
INSERT INTO result (point, cat_id, athlete_id, result, id, tournament_id) VALUES (20, 5, 9, 'Some random description.', 47, 8);
INSERT INTO result (point, cat_id, athlete_id, result, id, tournament_id) VALUES (26, 2, 20, 'Some random description.', 48, 7);
INSERT INTO result (point, cat_id, athlete_id, result, id, tournament_id) VALUES (12, 3, 49, 'Some random description.', 49, 3);
INSERT INTO result (point, cat_id, athlete_id, result, id, tournament_id) VALUES (54, 10, 14, 'Some random description.', 50, 3);
INSERT INTO ranking (best_result, cat_id, point, id, description) VALUES (23, 1, 151, 1, 'Some random description.');
INSERT INTO ranking (best_result, cat_id, point, id, description) VALUES (39, 8, 412, 2, 'Some random description.');
INSERT INTO ranking (best_result, cat_id, point, id, description) VALUES (16, 9, 969, 3, 'Some random description.');
INSERT INTO ranking (best_result, cat_id, point, id, description) VALUES (33, 8, 421, 4, 'Some random description.');
INSERT INTO ranking (best_result, cat_id, point, id, description) VALUES (36, 8, 310, 5, 'Some random description.');
INSERT INTO ranking (best_result, cat_id, point, id, description) VALUES (43, 1, 957, 6, 'Some random description.');
INSERT INTO ranking (best_result, cat_id, point, id, description) VALUES (49, 10, 762, 7, 'Some random description.');
INSERT INTO ranking (best_result, cat_id, point, id, description) VALUES (11, 7, 447, 8, 'Some random description.');
INSERT INTO ranking (best_result, cat_id, point, id, description) VALUES (8, 4, 120, 9, 'Some random description.');
INSERT INTO ranking (best_result, cat_id, point, id, description) VALUES (31, 7, 720, 10, 'Some random description.');
INSERT INTO ranking (best_result, cat_id, point, id, description) VALUES (23, 3, 308, 11, 'Some random description.');
INSERT INTO ranking (best_result, cat_id, point, id, description) VALUES (29, 2, 523, 12, 'Some random description.');
INSERT INTO ranking (best_result, cat_id, point, id, description) VALUES (31, 10, 246, 13, 'Some random description.');
INSERT INTO ranking (best_result, cat_id, point, id, description) VALUES (4, 6, 328, 14, 'Some random description.');
INSERT INTO ranking (best_result, cat_id, point, id, description) VALUES (20, 8, 899, 15, 'Some random description.');
INSERT INTO ranking (best_result, cat_id, point, id, description) VALUES (5, 4, 659, 16, 'Some random description.');
INSERT INTO ranking (best_result, cat_id, point, id, description) VALUES (36, 9, 962, 17, 'Some random description.');
INSERT INTO ranking (best_result, cat_id, point, id, description) VALUES (41, 8, 625, 18, 'Some random description.');
INSERT INTO ranking (best_result, cat_id, point, id, description) VALUES (48, 3, 166, 19, 'Some random description.');
INSERT INTO ranking (best_result, cat_id, point, id, description) VALUES (29, 6, 484, 20, 'Some random description.');
INSERT INTO athlete_rankings (ranking_id, athlete_id) VALUES (15, 1);
INSERT INTO athlete_rankings (ranking_id, athlete_id) VALUES (2, 1);
INSERT INTO athlete_rankings (ranking_id, athlete_id) VALUES (18, 1);
INSERT INTO athlete_rankings (ranking_id, athlete_id) VALUES (17, 1);
INSERT INTO athlete_rankings (ranking_id, athlete_id) VALUES (5, 1);
INSERT INTO athlete_rankings (ranking_id, athlete_id) VALUES (19, 1);
INSERT INTO athlete_rankings (ranking_id, athlete_id) VALUES (11, 1);
INSERT INTO athlete_rankings (ranking_id, athlete_id) VALUES (10, 1);
INSERT INTO athlete_rankings (ranking_id, athlete_id) VALUES (6, 1);
INSERT INTO athlete_rankings (ranking_id, athlete_id) VALUES (14, 1);
INSERT INTO athlete_rankings (ranking_id, athlete_id) VALUES (20, 1);
INSERT INTO athlete_rankings (ranking_id, athlete_id) VALUES (8, 1);
INSERT INTO athlete_rankings (ranking_id, athlete_id) VALUES (12, 1);
INSERT INTO athlete_rankings (ranking_id, athlete_id) VALUES (3, 1);
INSERT INTO athlete_rankings (ranking_id, athlete_id) VALUES (13, 1);
INSERT INTO athlete_rankings (ranking_id, athlete_id) VALUES (9, 1);
INSERT INTO athlete_rankings (ranking_id, athlete_id) VALUES (16, 1);
INSERT INTO athlete_rankings (ranking_id, athlete_id) VALUES (4, 1);
INSERT INTO athlete_rankings (ranking_id, athlete_id) VALUES (1, 1);
INSERT INTO athlete_rankings (ranking_id, athlete_id) VALUES (7, 1);
INSERT INTO athlete_rankings (ranking_id, athlete_id) VALUES (18, 2);
INSERT INTO athlete_rankings (ranking_id, athlete_id) VALUES (1, 2);
INSERT INTO athlete_rankings (ranking_id, athlete_id) VALUES (13, 2);
INSERT INTO athlete_rankings (ranking_id, athlete_id) VALUES (3, 2);
INSERT INTO athlete_rankings (ranking_id, athlete_id) VALUES (19, 2);
INSERT INTO athlete_rankings (ranking_id, athlete_id) VALUES (4, 2);
INSERT INTO athlete_rankings (ranking_id, athlete_id) VALUES (11, 2);
INSERT INTO athlete_rankings (ranking_id, athlete_id) VALUES (20, 2);
INSERT INTO athlete_rankings (ranking_id, athlete_id) VALUES (14, 2);
INSERT INTO athlete_rankings (ranking_id, athlete_id) VALUES (7, 2);
INSERT INTO athlete_rankings (ranking_id, athlete_id) VALUES (2, 2);
INSERT INTO athlete_rankings (ranking_id, athlete_id) VALUES (5, 2);
INSERT INTO athlete_rankings (ranking_id, athlete_id) VALUES (17, 2);
INSERT INTO athlete_rankings (ranking_id, athlete_id) VALUES (15, 2);
INSERT INTO athlete_rankings (ranking_id, athlete_id) VALUES (12, 2);
INSERT INTO athlete_rankings (ranking_id, athlete_id) VALUES (14, 3);
INSERT INTO athlete_rankings (ranking_id, athlete_id) VALUES (10, 3);
INSERT INTO athlete_rankings (ranking_id, athlete_id) VALUES (11, 3);
INSERT INTO athlete_rankings (ranking_id, athlete_id) VALUES (4, 3);
INSERT INTO athlete_rankings (ranking_id, athlete_id) VALUES (19, 3);
INSERT INTO athlete_rankings (ranking_id, athlete_id) VALUES (8, 3);
INSERT INTO athlete_rankings (ranking_id, athlete_id) VALUES (15, 3);
INSERT INTO athlete_rankings (ranking_id, athlete_id) VALUES (1, 3);
INSERT INTO athlete_rankings (ranking_id, athlete_id) VALUES (6, 3);
INSERT INTO athlete_rankings (ranking_id, athlete_id) VALUES (20, 3);
INSERT INTO athlete_rankings (ranking_id, athlete_id) VALUES (15, 4);
INSERT INTO athlete_rankings (ranking_id, athlete_id) VALUES (3, 4);
INSERT INTO athlete_rankings (ranking_id, athlete_id) VALUES (17, 4);
INSERT INTO athlete_rankings (ranking_id, athlete_id) VALUES (10, 5);
INSERT INTO athlete_rankings (ranking_id, athlete_id) VALUES (15, 5);
INSERT INTO athlete_rankings (ranking_id, athlete_id) VALUES (1, 5);
INSERT INTO athlete_rankings (ranking_id, athlete_id) VALUES (18, 5);
INSERT INTO athlete_rankings (ranking_id, athlete_id) VALUES (9, 5);
INSERT INTO athlete_rankings (ranking_id, athlete_id) VALUES (13, 6);
INSERT INTO athlete_rankings (ranking_id, athlete_id) VALUES (2, 6);
INSERT INTO athlete_rankings (ranking_id, athlete_id) VALUES (5, 7);
INSERT INTO athlete_rankings (ranking_id, athlete_id) VALUES (7, 7);
INSERT INTO athlete_rankings (ranking_id, athlete_id) VALUES (14, 7);
INSERT INTO athlete_rankings (ranking_id, athlete_id) VALUES (10, 7);
INSERT INTO athlete_rankings (ranking_id, athlete_id) VALUES (6, 7);
INSERT INTO athlete_rankings (ranking_id, athlete_id) VALUES (13, 7);
INSERT INTO athlete_rankings (ranking_id, athlete_id) VALUES (4, 7);
INSERT INTO athlete_rankings (ranking_id, athlete_id) VALUES (12, 7);
INSERT INTO athlete_rankings (ranking_id, athlete_id) VALUES (16, 8);
INSERT INTO athlete_rankings (ranking_id, athlete_id) VALUES (4, 8);
INSERT INTO athlete_rankings (ranking_id, athlete_id) VALUES (20, 8);
INSERT INTO athlete_rankings (ranking_id, athlete_id) VALUES (11, 8);
INSERT INTO athlete_rankings (ranking_id, athlete_id) VALUES (7, 8);
INSERT INTO athlete_rankings (ranking_id, athlete_id) VALUES (5, 8);
INSERT INTO athlete_rankings (ranking_id, athlete_id) VALUES (9, 8);
INSERT INTO athlete_rankings (ranking_id, athlete_id) VALUES (14, 8);
INSERT INTO athlete_rankings (ranking_id, athlete_id) VALUES (19, 8);
INSERT INTO athlete_rankings (ranking_id, athlete_id) VALUES (1, 8);
INSERT INTO athlete_rankings (ranking_id, athlete_id) VALUES (3, 8);
INSERT INTO athlete_rankings (ranking_id, athlete_id) VALUES (18, 8);
INSERT INTO athlete_rankings (ranking_id, athlete_id) VALUES (13, 8);
INSERT INTO athlete_rankings (ranking_id, athlete_id) VALUES (17, 8);
INSERT INTO athlete_rankings (ranking_id, athlete_id) VALUES (17, 9);
INSERT INTO athlete_rankings (ranking_id, athlete_id) VALUES (2, 9);
INSERT INTO athlete_rankings (ranking_id, athlete_id) VALUES (3, 9);
INSERT INTO athlete_rankings (ranking_id, athlete_id) VALUES (20, 9);
INSERT INTO athlete_rankings (ranking_id, athlete_id) VALUES (13, 9);
INSERT INTO athlete_rankings (ranking_id, athlete_id) VALUES (19, 9);
INSERT INTO athlete_rankings (ranking_id, athlete_id) VALUES (7, 9);
INSERT INTO athlete_rankings (ranking_id, athlete_id) VALUES (11, 10);
INSERT INTO athlete_rankings (ranking_id, athlete_id) VALUES (7, 10);
INSERT INTO athlete_rankings (ranking_id, athlete_id) VALUES (17, 10);
INSERT INTO athlete_rankings (ranking_id, athlete_id) VALUES (10, 10);
INSERT INTO athlete_rankings (ranking_id, athlete_id) VALUES (15, 10);
INSERT INTO athlete_rankings (ranking_id, athlete_id) VALUES (4, 10);
INSERT INTO athlete_rankings (ranking_id, athlete_id) VALUES (14, 10);
INSERT INTO athlete_rankings (ranking_id, athlete_id) VALUES (8, 10);
INSERT INTO athlete_rankings (ranking_id, athlete_id) VALUES (19, 10);
INSERT INTO athlete_rankings (ranking_id, athlete_id) VALUES (11, 11);
INSERT INTO athlete_rankings (ranking_id, athlete_id) VALUES (3, 11);
INSERT INTO athlete_rankings (ranking_id, athlete_id) VALUES (5, 11);
INSERT INTO athlete_rankings (ranking_id, athlete_id) VALUES (4, 11);
INSERT INTO athlete_rankings (ranking_id, athlete_id) VALUES (8, 11);
INSERT INTO athlete_rankings (ranking_id, athlete_id) VALUES (19, 11);
INSERT INTO athlete_rankings (ranking_id, athlete_id) VALUES (13, 11);
INSERT INTO athlete_rankings (ranking_id, athlete_id) VALUES (14, 11);
INSERT INTO athlete_rankings (ranking_id, athlete_id) VALUES (18, 11);
INSERT INTO athlete_rankings (ranking_id, athlete_id) VALUES (6, 11);
INSERT INTO athlete_rankings (ranking_id, athlete_id) VALUES (12, 11);
INSERT INTO athlete_rankings (ranking_id, athlete_id) VALUES (20, 11);
INSERT INTO athlete_rankings (ranking_id, athlete_id) VALUES (2, 11);
INSERT INTO athlete_rankings (ranking_id, athlete_id) VALUES (1, 11);
INSERT INTO athlete_rankings (ranking_id, athlete_id) VALUES (7, 11);
INSERT INTO athlete_rankings (ranking_id, athlete_id) VALUES (9, 11);
INSERT INTO athlete_rankings (ranking_id, athlete_id) VALUES (17, 11);
INSERT INTO athlete_rankings (ranking_id, athlete_id) VALUES (16, 11);
INSERT INTO athlete_rankings (ranking_id, athlete_id) VALUES (15, 11);
INSERT INTO athlete_rankings (ranking_id, athlete_id) VALUES (10, 11);
INSERT INTO athlete_rankings (ranking_id, athlete_id) VALUES (18, 12);
INSERT INTO athlete_rankings (ranking_id, athlete_id) VALUES (7, 12);
INSERT INTO athlete_rankings (ranking_id, athlete_id) VALUES (4, 12);
INSERT INTO athlete_rankings (ranking_id, athlete_id) VALUES (16, 12);
INSERT INTO athlete_rankings (ranking_id, athlete_id) VALUES (2, 12);
INSERT INTO athlete_rankings (ranking_id, athlete_id) VALUES (17, 12);
INSERT INTO athlete_rankings (ranking_id, athlete_id) VALUES (20, 12);
INSERT INTO athlete_rankings (ranking_id, athlete_id) VALUES (3, 12);
INSERT INTO athlete_rankings (ranking_id, athlete_id) VALUES (8, 12);
INSERT INTO athlete_rankings (ranking_id, athlete_id) VALUES (11, 12);
INSERT INTO athlete_rankings (ranking_id, athlete_id) VALUES (13, 12);
INSERT INTO athlete_rankings (ranking_id, athlete_id) VALUES (10, 12);
INSERT INTO athlete_rankings (ranking_id, athlete_id) VALUES (15, 12);
INSERT INTO athlete_rankings (ranking_id, athlete_id) VALUES (9, 12);
INSERT INTO athlete_rankings (ranking_id, athlete_id) VALUES (14, 12);
INSERT INTO athlete_rankings (ranking_id, athlete_id) VALUES (12, 12);
INSERT INTO athlete_rankings (ranking_id, athlete_id) VALUES (5, 12);
INSERT INTO athlete_rankings (ranking_id, athlete_id) VALUES (19, 12);
INSERT INTO athlete_rankings (ranking_id, athlete_id) VALUES (1, 12);
INSERT INTO athlete_rankings (ranking_id, athlete_id) VALUES (19, 13);
INSERT INTO athlete_rankings (ranking_id, athlete_id) VALUES (3, 14);
INSERT INTO athlete_rankings (ranking_id, athlete_id) VALUES (4, 14);
INSERT INTO athlete_rankings (ranking_id, athlete_id) VALUES (13, 14);
INSERT INTO athlete_rankings (ranking_id, athlete_id) VALUES (9, 15);
INSERT INTO athlete_rankings (ranking_id, athlete_id) VALUES (3, 15);
INSERT INTO athlete_rankings (ranking_id, athlete_id) VALUES (10, 16);
INSERT INTO athlete_rankings (ranking_id, athlete_id) VALUES (13, 16);
INSERT INTO athlete_rankings (ranking_id, athlete_id) VALUES (17, 16);
INSERT INTO athlete_rankings (ranking_id, athlete_id) VALUES (7, 16);
INSERT INTO athlete_rankings (ranking_id, athlete_id) VALUES (3, 16);
INSERT INTO athlete_rankings (ranking_id, athlete_id) VALUES (14, 16);
INSERT INTO athlete_rankings (ranking_id, athlete_id) VALUES (20, 16);
INSERT INTO athlete_rankings (ranking_id, athlete_id) VALUES (16, 16);
INSERT INTO athlete_rankings (ranking_id, athlete_id) VALUES (2, 16);
INSERT INTO athlete_rankings (ranking_id, athlete_id) VALUES (6, 16);
INSERT INTO athlete_rankings (ranking_id, athlete_id) VALUES (9, 16);
INSERT INTO athlete_rankings (ranking_id, athlete_id) VALUES (12, 16);
INSERT INTO athlete_rankings (ranking_id, athlete_id) VALUES (15, 16);
INSERT INTO athlete_rankings (ranking_id, athlete_id) VALUES (15, 17);
INSERT INTO athlete_rankings (ranking_id, athlete_id) VALUES (11, 18);
INSERT INTO athlete_rankings (ranking_id, athlete_id) VALUES (19, 18);
INSERT INTO athlete_rankings (ranking_id, athlete_id) VALUES (20, 18);
INSERT INTO athlete_rankings (ranking_id, athlete_id) VALUES (9, 18);
INSERT INTO athlete_rankings (ranking_id, athlete_id) VALUES (4, 18);
INSERT INTO athlete_rankings (ranking_id, athlete_id) VALUES (5, 18);
INSERT INTO athlete_rankings (ranking_id, athlete_id) VALUES (13, 18);
INSERT INTO athlete_rankings (ranking_id, athlete_id) VALUES (18, 18);
INSERT INTO athlete_rankings (ranking_id, athlete_id) VALUES (14, 18);
INSERT INTO athlete_rankings (ranking_id, athlete_id) VALUES (15, 18);
INSERT INTO athlete_rankings (ranking_id, athlete_id) VALUES (3, 18);
INSERT INTO athlete_rankings (ranking_id, athlete_id) VALUES (1, 18);
INSERT INTO athlete_rankings (ranking_id, athlete_id) VALUES (6, 18);
INSERT INTO athlete_rankings (ranking_id, athlete_id) VALUES (17, 18);
INSERT INTO athlete_rankings (ranking_id, athlete_id) VALUES (16, 18);
INSERT INTO athlete_rankings (ranking_id, athlete_id) VALUES (10, 18);
INSERT INTO athlete_rankings (ranking_id, athlete_id) VALUES (17, 19);
INSERT INTO athlete_rankings (ranking_id, athlete_id) VALUES (16, 19);
INSERT INTO athlete_rankings (ranking_id, athlete_id) VALUES (6, 19);
INSERT INTO athlete_rankings (ranking_id, athlete_id) VALUES (18, 19);
INSERT INTO athlete_rankings (ranking_id, athlete_id) VALUES (4, 19);
INSERT INTO athlete_rankings (ranking_id, athlete_id) VALUES (12, 19);
INSERT INTO athlete_rankings (ranking_id, athlete_id) VALUES (14, 19);
INSERT INTO athlete_rankings (ranking_id, athlete_id) VALUES (13, 19);
INSERT INTO athlete_rankings (ranking_id, athlete_id) VALUES (5, 19);
INSERT INTO athlete_rankings (ranking_id, athlete_id) VALUES (3, 19);
INSERT INTO athlete_rankings (ranking_id, athlete_id) VALUES (10, 19);
INSERT INTO athlete_rankings (ranking_id, athlete_id) VALUES (7, 19);
INSERT INTO athlete_rankings (ranking_id, athlete_id) VALUES (20, 19);
INSERT INTO athlete_rankings (ranking_id, athlete_id) VALUES (15, 19);
INSERT INTO athlete_rankings (ranking_id, athlete_id) VALUES (11, 19);
INSERT INTO athlete_rankings (ranking_id, athlete_id) VALUES (1, 19);
INSERT INTO athlete_rankings (ranking_id, athlete_id) VALUES (9, 19);
INSERT INTO athlete_rankings (ranking_id, athlete_id) VALUES (8, 19);
INSERT INTO athlete_rankings (ranking_id, athlete_id) VALUES (10, 20);
INSERT INTO athlete_rankings (ranking_id, athlete_id) VALUES (14, 20);
INSERT INTO athlete_rankings (ranking_id, athlete_id) VALUES (11, 20);
INSERT INTO athlete_rankings (ranking_id, athlete_id) VALUES (3, 20);
INSERT INTO athlete_rankings (ranking_id, athlete_id) VALUES (15, 20);
INSERT INTO athlete_rankings (ranking_id, athlete_id) VALUES (2, 20);
INSERT INTO athlete_rankings (ranking_id, athlete_id) VALUES (17, 20);
INSERT INTO athlete_rankings (ranking_id, athlete_id) VALUES (6, 20);
INSERT INTO athlete_rankings (ranking_id, athlete_id) VALUES (14, 21);
INSERT INTO athlete_rankings (ranking_id, athlete_id) VALUES (11, 21);
INSERT INTO athlete_rankings (ranking_id, athlete_id) VALUES (3, 21);
INSERT INTO athlete_rankings (ranking_id, athlete_id) VALUES (16, 21);
INSERT INTO athlete_rankings (ranking_id, athlete_id) VALUES (10, 21);
INSERT INTO athlete_rankings (ranking_id, athlete_id) VALUES (12, 21);
INSERT INTO athlete_rankings (ranking_id, athlete_id) VALUES (15, 21);
INSERT INTO athlete_rankings (ranking_id, athlete_id) VALUES (18, 21);
INSERT INTO athlete_rankings (ranking_id, athlete_id) VALUES (8, 21);
INSERT INTO athlete_rankings (ranking_id, athlete_id) VALUES (19, 21);
INSERT INTO athlete_rankings (ranking_id, athlete_id) VALUES (5, 21);
INSERT INTO athlete_rankings (ranking_id, athlete_id) VALUES (20, 21);
INSERT INTO athlete_rankings (ranking_id, athlete_id) VALUES (2, 21);
INSERT INTO athlete_rankings (ranking_id, athlete_id) VALUES (3, 22);
INSERT INTO athlete_rankings (ranking_id, athlete_id) VALUES (14, 22);
INSERT INTO athlete_rankings (ranking_id, athlete_id) VALUES (9, 22);
INSERT INTO athlete_rankings (ranking_id, athlete_id) VALUES (4, 22);
INSERT INTO athlete_rankings (ranking_id, athlete_id) VALUES (15, 22);
INSERT INTO athlete_rankings (ranking_id, athlete_id) VALUES (16, 22);
INSERT INTO athlete_rankings (ranking_id, athlete_id) VALUES (13, 22);
INSERT INTO athlete_rankings (ranking_id, athlete_id) VALUES (11, 22);
INSERT INTO athlete_rankings (ranking_id, athlete_id) VALUES (10, 22);
INSERT INTO athlete_rankings (ranking_id, athlete_id) VALUES (18, 22);
INSERT INTO athlete_rankings (ranking_id, athlete_id) VALUES (1, 22);
INSERT INTO athlete_rankings (ranking_id, athlete_id) VALUES (6, 22);
INSERT INTO athlete_rankings (ranking_id, athlete_id) VALUES (19, 23);
INSERT INTO athlete_rankings (ranking_id, athlete_id) VALUES (13, 23);
INSERT INTO athlete_rankings (ranking_id, athlete_id) VALUES (14, 23);
INSERT INTO athlete_rankings (ranking_id, athlete_id) VALUES (11, 23);
INSERT INTO athlete_rankings (ranking_id, athlete_id) VALUES (12, 24);
INSERT INTO athlete_rankings (ranking_id, athlete_id) VALUES (11, 24);
INSERT INTO athlete_rankings (ranking_id, athlete_id) VALUES (4, 25);
INSERT INTO athlete_rankings (ranking_id, athlete_id) VALUES (14, 25);
INSERT INTO athlete_rankings (ranking_id, athlete_id) VALUES (20, 25);
INSERT INTO athlete_rankings (ranking_id, athlete_id) VALUES (2, 25);
INSERT INTO athlete_rankings (ranking_id, athlete_id) VALUES (18, 25);
INSERT INTO athlete_rankings (ranking_id, athlete_id) VALUES (6, 25);
INSERT INTO athlete_rankings (ranking_id, athlete_id) VALUES (12, 25);
INSERT INTO athlete_rankings (ranking_id, athlete_id) VALUES (3, 25);
INSERT INTO athlete_rankings (ranking_id, athlete_id) VALUES (10, 25);
INSERT INTO athlete_rankings (ranking_id, athlete_id) VALUES (15, 25);
INSERT INTO athlete_rankings (ranking_id, athlete_id) VALUES (19, 25);
INSERT INTO athlete_rankings (ranking_id, athlete_id) VALUES (9, 25);
INSERT INTO athlete_rankings (ranking_id, athlete_id) VALUES (17, 25);
INSERT INTO athlete_rankings (ranking_id, athlete_id) VALUES (7, 25);
INSERT INTO athlete_rankings (ranking_id, athlete_id) VALUES (16, 25);
INSERT INTO athlete_rankings (ranking_id, athlete_id) VALUES (13, 25);
INSERT INTO athlete_rankings (ranking_id, athlete_id) VALUES (8, 25);
INSERT INTO athlete_rankings (ranking_id, athlete_id) VALUES (20, 26);
INSERT INTO athlete_rankings (ranking_id, athlete_id) VALUES (17, 26);
INSERT INTO athlete_rankings (ranking_id, athlete_id) VALUES (1, 26);
INSERT INTO athlete_rankings (ranking_id, athlete_id) VALUES (10, 26);
INSERT INTO athlete_rankings (ranking_id, athlete_id) VALUES (11, 26);
INSERT INTO athlete_rankings (ranking_id, athlete_id) VALUES (19, 26);
INSERT INTO athlete_rankings (ranking_id, athlete_id) VALUES (5, 26);
INSERT INTO athlete_rankings (ranking_id, athlete_id) VALUES (9, 26);
INSERT INTO athlete_rankings (ranking_id, athlete_id) VALUES (6, 26);
INSERT INTO athlete_rankings (ranking_id, athlete_id) VALUES (7, 26);
INSERT INTO athlete_rankings (ranking_id, athlete_id) VALUES (13, 26);
INSERT INTO athlete_rankings (ranking_id, athlete_id) VALUES (2, 26);
INSERT INTO athlete_rankings (ranking_id, athlete_id) VALUES (12, 26);
INSERT INTO athlete_rankings (ranking_id, athlete_id) VALUES (18, 26);
INSERT INTO athlete_rankings (ranking_id, athlete_id) VALUES (4, 26);
INSERT INTO athlete_rankings (ranking_id, athlete_id) VALUES (3, 26);
INSERT INTO athlete_rankings (ranking_id, athlete_id) VALUES (8, 26);
INSERT INTO athlete_rankings (ranking_id, athlete_id) VALUES (15, 26);
INSERT INTO athlete_rankings (ranking_id, athlete_id) VALUES (16, 26);
INSERT INTO athlete_rankings (ranking_id, athlete_id) VALUES (14, 26);
INSERT INTO athlete_rankings (ranking_id, athlete_id) VALUES (8, 27);
INSERT INTO athlete_rankings (ranking_id, athlete_id) VALUES (15, 27);
INSERT INTO athlete_rankings (ranking_id, athlete_id) VALUES (18, 27);
INSERT INTO athlete_rankings (ranking_id, athlete_id) VALUES (9, 27);
INSERT INTO athlete_rankings (ranking_id, athlete_id) VALUES (7, 27);
INSERT INTO athlete_rankings (ranking_id, athlete_id) VALUES (12, 27);
INSERT INTO athlete_rankings (ranking_id, athlete_id) VALUES (20, 28);
INSERT INTO athlete_rankings (ranking_id, athlete_id) VALUES (9, 28);
INSERT INTO athlete_rankings (ranking_id, athlete_id) VALUES (2, 28);
INSERT INTO athlete_rankings (ranking_id, athlete_id) VALUES (11, 28);
INSERT INTO athlete_rankings (ranking_id, athlete_id) VALUES (17, 29);
INSERT INTO athlete_rankings (ranking_id, athlete_id) VALUES (13, 29);
INSERT INTO athlete_rankings (ranking_id, athlete_id) VALUES (14, 29);
INSERT INTO athlete_rankings (ranking_id, athlete_id) VALUES (12, 29);
INSERT INTO athlete_rankings (ranking_id, athlete_id) VALUES (10, 29);
INSERT INTO athlete_rankings (ranking_id, athlete_id) VALUES (2, 29);
INSERT INTO athlete_rankings (ranking_id, athlete_id) VALUES (11, 29);
INSERT INTO athlete_rankings (ranking_id, athlete_id) VALUES (6, 29);
INSERT INTO athlete_rankings (ranking_id, athlete_id) VALUES (19, 29);
INSERT INTO athlete_rankings (ranking_id, athlete_id) VALUES (7, 29);
INSERT INTO athlete_rankings (ranking_id, athlete_id) VALUES (16, 29);
INSERT INTO athlete_rankings (ranking_id, athlete_id) VALUES (5, 29);
INSERT INTO athlete_rankings (ranking_id, athlete_id) VALUES (1, 29);
INSERT INTO athlete_rankings (ranking_id, athlete_id) VALUES (18, 29);
INSERT INTO athlete_rankings (ranking_id, athlete_id) VALUES (20, 29);
INSERT INTO athlete_rankings (ranking_id, athlete_id) VALUES (15, 29);
INSERT INTO athlete_rankings (ranking_id, athlete_id) VALUES (6, 30);
INSERT INTO athlete_rankings (ranking_id, athlete_id) VALUES (15, 30);
INSERT INTO athlete_rankings (ranking_id, athlete_id) VALUES (16, 30);
INSERT INTO athlete_rankings (ranking_id, athlete_id) VALUES (9, 30);
INSERT INTO athlete_rankings (ranking_id, athlete_id) VALUES (3, 30);
INSERT INTO athlete_rankings (ranking_id, athlete_id) VALUES (2, 30);
INSERT INTO athlete_rankings (ranking_id, athlete_id) VALUES (10, 30);
INSERT INTO athlete_rankings (ranking_id, athlete_id) VALUES (5, 30);
INSERT INTO athlete_rankings (ranking_id, athlete_id) VALUES (17, 30);
INSERT INTO athlete_rankings (ranking_id, athlete_id) VALUES (20, 30);
INSERT INTO athlete_rankings (ranking_id, athlete_id) VALUES (14, 31);
INSERT INTO athlete_rankings (ranking_id, athlete_id) VALUES (6, 31);
INSERT INTO athlete_rankings (ranking_id, athlete_id) VALUES (11, 31);
INSERT INTO athlete_rankings (ranking_id, athlete_id) VALUES (13, 31);
INSERT INTO athlete_rankings (ranking_id, athlete_id) VALUES (8, 31);
INSERT INTO athlete_rankings (ranking_id, athlete_id) VALUES (2, 31);
INSERT INTO athlete_rankings (ranking_id, athlete_id) VALUES (11, 32);
INSERT INTO athlete_rankings (ranking_id, athlete_id) VALUES (19, 32);
INSERT INTO athlete_rankings (ranking_id, athlete_id) VALUES (2, 32);
INSERT INTO athlete_rankings (ranking_id, athlete_id) VALUES (5, 32);
INSERT INTO athlete_rankings (ranking_id, athlete_id) VALUES (17, 32);
INSERT INTO athlete_rankings (ranking_id, athlete_id) VALUES (6, 33);
INSERT INTO athlete_rankings (ranking_id, athlete_id) VALUES (9, 33);
INSERT INTO athlete_rankings (ranking_id, athlete_id) VALUES (18, 33);
INSERT INTO athlete_rankings (ranking_id, athlete_id) VALUES (13, 33);
INSERT INTO athlete_rankings (ranking_id, athlete_id) VALUES (5, 33);
INSERT INTO athlete_rankings (ranking_id, athlete_id) VALUES (11, 33);
INSERT INTO athlete_rankings (ranking_id, athlete_id) VALUES (20, 33);
INSERT INTO athlete_rankings (ranking_id, athlete_id) VALUES (15, 33);
INSERT INTO athlete_rankings (ranking_id, athlete_id) VALUES (17, 33);
INSERT INTO athlete_rankings (ranking_id, athlete_id) VALUES (4, 33);
INSERT INTO athlete_rankings (ranking_id, athlete_id) VALUES (13, 34);
INSERT INTO athlete_rankings (ranking_id, athlete_id) VALUES (5, 34);
INSERT INTO athlete_rankings (ranking_id, athlete_id) VALUES (20, 35);
INSERT INTO athlete_rankings (ranking_id, athlete_id) VALUES (8, 35);
INSERT INTO athlete_rankings (ranking_id, athlete_id) VALUES (11, 35);
INSERT INTO athlete_rankings (ranking_id, athlete_id) VALUES (10, 35);
INSERT INTO athlete_rankings (ranking_id, athlete_id) VALUES (13, 35);
INSERT INTO athlete_rankings (ranking_id, athlete_id) VALUES (9, 35);
INSERT INTO athlete_rankings (ranking_id, athlete_id) VALUES (12, 35);
INSERT INTO athlete_rankings (ranking_id, athlete_id) VALUES (3, 35);
INSERT INTO athlete_rankings (ranking_id, athlete_id) VALUES (1, 35);
INSERT INTO athlete_rankings (ranking_id, athlete_id) VALUES (17, 35);
INSERT INTO athlete_rankings (ranking_id, athlete_id) VALUES (19, 35);
INSERT INTO athlete_rankings (ranking_id, athlete_id) VALUES (7, 35);
INSERT INTO athlete_rankings (ranking_id, athlete_id) VALUES (15, 35);
INSERT INTO athlete_rankings (ranking_id, athlete_id) VALUES (7, 36);
INSERT INTO athlete_rankings (ranking_id, athlete_id) VALUES (19, 36);
INSERT INTO athlete_rankings (ranking_id, athlete_id) VALUES (15, 36);
INSERT INTO athlete_rankings (ranking_id, athlete_id) VALUES (5, 36);
INSERT INTO athlete_rankings (ranking_id, athlete_id) VALUES (1, 36);
INSERT INTO athlete_rankings (ranking_id, athlete_id) VALUES (10, 36);
INSERT INTO athlete_rankings (ranking_id, athlete_id) VALUES (4, 36);
INSERT INTO athlete_rankings (ranking_id, athlete_id) VALUES (16, 36);
INSERT INTO athlete_rankings (ranking_id, athlete_id) VALUES (3, 36);
INSERT INTO athlete_rankings (ranking_id, athlete_id) VALUES (8, 36);
INSERT INTO athlete_rankings (ranking_id, athlete_id) VALUES (12, 36);
INSERT INTO athlete_rankings (ranking_id, athlete_id) VALUES (2, 36);
INSERT INTO athlete_rankings (ranking_id, athlete_id) VALUES (13, 36);
INSERT INTO athlete_rankings (ranking_id, athlete_id) VALUES (17, 36);
INSERT INTO athlete_rankings (ranking_id, athlete_id) VALUES (20, 36);
INSERT INTO athlete_rankings (ranking_id, athlete_id) VALUES (14, 36);
INSERT INTO athlete_rankings (ranking_id, athlete_id) VALUES (4, 37);
INSERT INTO athlete_rankings (ranking_id, athlete_id) VALUES (9, 37);
INSERT INTO athlete_rankings (ranking_id, athlete_id) VALUES (2, 37);
INSERT INTO athlete_rankings (ranking_id, athlete_id) VALUES (20, 37);
INSERT INTO athlete_rankings (ranking_id, athlete_id) VALUES (19, 37);
INSERT INTO athlete_rankings (ranking_id, athlete_id) VALUES (3, 37);
INSERT INTO athlete_rankings (ranking_id, athlete_id) VALUES (16, 37);
INSERT INTO athlete_rankings (ranking_id, athlete_id) VALUES (10, 37);
INSERT INTO athlete_rankings (ranking_id, athlete_id) VALUES (11, 38);
INSERT INTO athlete_rankings (ranking_id, athlete_id) VALUES (7, 38);
INSERT INTO athlete_rankings (ranking_id, athlete_id) VALUES (14, 38);
INSERT INTO athlete_rankings (ranking_id, athlete_id) VALUES (2, 38);
INSERT INTO athlete_rankings (ranking_id, athlete_id) VALUES (16, 38);
INSERT INTO athlete_rankings (ranking_id, athlete_id) VALUES (1, 38);
INSERT INTO athlete_rankings (ranking_id, athlete_id) VALUES (13, 38);
INSERT INTO athlete_rankings (ranking_id, athlete_id) VALUES (6, 38);
INSERT INTO athlete_rankings (ranking_id, athlete_id) VALUES (10, 38);
INSERT INTO athlete_rankings (ranking_id, athlete_id) VALUES (19, 38);
INSERT INTO athlete_rankings (ranking_id, athlete_id) VALUES (15, 38);
INSERT INTO athlete_rankings (ranking_id, athlete_id) VALUES (4, 38);
INSERT INTO athlete_rankings (ranking_id, athlete_id) VALUES (5, 38);
INSERT INTO athlete_rankings (ranking_id, athlete_id) VALUES (18, 38);
INSERT INTO athlete_rankings (ranking_id, athlete_id) VALUES (17, 38);
INSERT INTO athlete_rankings (ranking_id, athlete_id) VALUES (20, 38);
INSERT INTO athlete_rankings (ranking_id, athlete_id) VALUES (9, 38);
INSERT INTO athlete_rankings (ranking_id, athlete_id) VALUES (3, 38);
INSERT INTO athlete_rankings (ranking_id, athlete_id) VALUES (12, 38);
INSERT INTO athlete_rankings (ranking_id, athlete_id) VALUES (16, 39);
INSERT INTO athlete_rankings (ranking_id, athlete_id) VALUES (3, 39);
INSERT INTO athlete_rankings (ranking_id, athlete_id) VALUES (19, 39);
INSERT INTO athlete_rankings (ranking_id, athlete_id) VALUES (20, 39);
INSERT INTO athlete_rankings (ranking_id, athlete_id) VALUES (15, 40);
INSERT INTO athlete_rankings (ranking_id, athlete_id) VALUES (20, 40);
INSERT INTO athlete_rankings (ranking_id, athlete_id) VALUES (14, 40);
INSERT INTO athlete_rankings (ranking_id, athlete_id) VALUES (6, 40);
INSERT INTO athlete_rankings (ranking_id, athlete_id) VALUES (8, 40);
INSERT INTO athlete_rankings (ranking_id, athlete_id) VALUES (13, 40);
INSERT INTO athlete_rankings (ranking_id, athlete_id) VALUES (12, 40);
INSERT INTO athlete_rankings (ranking_id, athlete_id) VALUES (17, 40);
INSERT INTO athlete_rankings (ranking_id, athlete_id) VALUES (3, 40);
INSERT INTO athlete_rankings (ranking_id, athlete_id) VALUES (10, 40);
INSERT INTO athlete_rankings (ranking_id, athlete_id) VALUES (4, 40);
INSERT INTO athlete_rankings (ranking_id, athlete_id) VALUES (13, 41);
INSERT INTO athlete_rankings (ranking_id, athlete_id) VALUES (10, 41);
INSERT INTO athlete_rankings (ranking_id, athlete_id) VALUES (6, 41);
INSERT INTO athlete_rankings (ranking_id, athlete_id) VALUES (12, 41);
INSERT INTO athlete_rankings (ranking_id, athlete_id) VALUES (16, 41);
INSERT INTO athlete_rankings (ranking_id, athlete_id) VALUES (1, 42);
INSERT INTO athlete_rankings (ranking_id, athlete_id) VALUES (5, 43);
INSERT INTO athlete_rankings (ranking_id, athlete_id) VALUES (7, 43);
INSERT INTO athlete_rankings (ranking_id, athlete_id) VALUES (9, 43);
INSERT INTO athlete_rankings (ranking_id, athlete_id) VALUES (19, 43);
INSERT INTO athlete_rankings (ranking_id, athlete_id) VALUES (12, 43);
INSERT INTO athlete_rankings (ranking_id, athlete_id) VALUES (2, 43);
INSERT INTO athlete_rankings (ranking_id, athlete_id) VALUES (3, 43);
INSERT INTO athlete_rankings (ranking_id, athlete_id) VALUES (6, 43);
INSERT INTO athlete_rankings (ranking_id, athlete_id) VALUES (10, 43);
INSERT INTO athlete_rankings (ranking_id, athlete_id) VALUES (15, 43);
INSERT INTO athlete_rankings (ranking_id, athlete_id) VALUES (16, 43);
INSERT INTO athlete_rankings (ranking_id, athlete_id) VALUES (8, 43);
INSERT INTO athlete_rankings (ranking_id, athlete_id) VALUES (1, 43);
INSERT INTO athlete_rankings (ranking_id, athlete_id) VALUES (6, 44);
INSERT INTO athlete_rankings (ranking_id, athlete_id) VALUES (10, 44);
INSERT INTO athlete_rankings (ranking_id, athlete_id) VALUES (6, 45);
INSERT INTO athlete_rankings (ranking_id, athlete_id) VALUES (17, 45);
INSERT INTO athlete_rankings (ranking_id, athlete_id) VALUES (19, 45);
INSERT INTO athlete_rankings (ranking_id, athlete_id) VALUES (16, 45);
INSERT INTO athlete_rankings (ranking_id, athlete_id) VALUES (4, 45);
INSERT INTO athlete_rankings (ranking_id, athlete_id) VALUES (20, 45);
INSERT INTO athlete_rankings (ranking_id, athlete_id) VALUES (5, 45);
INSERT INTO athlete_rankings (ranking_id, athlete_id) VALUES (11, 45);
INSERT INTO athlete_rankings (ranking_id, athlete_id) VALUES (12, 45);
INSERT INTO athlete_rankings (ranking_id, athlete_id) VALUES (1, 45);
INSERT INTO athlete_rankings (ranking_id, athlete_id) VALUES (14, 45);
INSERT INTO athlete_rankings (ranking_id, athlete_id) VALUES (9, 45);
INSERT INTO athlete_rankings (ranking_id, athlete_id) VALUES (8, 45);
INSERT INTO athlete_rankings (ranking_id, athlete_id) VALUES (18, 45);
INSERT INTO athlete_rankings (ranking_id, athlete_id) VALUES (2, 45);
INSERT INTO athlete_rankings (ranking_id, athlete_id) VALUES (15, 45);
INSERT INTO athlete_rankings (ranking_id, athlete_id) VALUES (3, 45);
INSERT INTO athlete_rankings (ranking_id, athlete_id) VALUES (13, 45);
INSERT INTO athlete_rankings (ranking_id, athlete_id) VALUES (10, 45);
INSERT INTO athlete_rankings (ranking_id, athlete_id) VALUES (7, 45);
INSERT INTO athlete_rankings (ranking_id, athlete_id) VALUES (14, 46);
INSERT INTO athlete_rankings (ranking_id, athlete_id) VALUES (11, 46);
INSERT INTO athlete_rankings (ranking_id, athlete_id) VALUES (3, 46);
INSERT INTO athlete_rankings (ranking_id, athlete_id) VALUES (9, 46);
INSERT INTO athlete_rankings (ranking_id, athlete_id) VALUES (2, 46);
INSERT INTO athlete_rankings (ranking_id, athlete_id) VALUES (17, 46);
INSERT INTO athlete_rankings (ranking_id, athlete_id) VALUES (15, 46);
INSERT INTO athlete_rankings (ranking_id, athlete_id) VALUES (12, 46);
INSERT INTO athlete_rankings (ranking_id, athlete_id) VALUES (1, 46);
INSERT INTO athlete_rankings (ranking_id, athlete_id) VALUES (16, 46);
INSERT INTO athlete_rankings (ranking_id, athlete_id) VALUES (18, 46);
INSERT INTO athlete_rankings (ranking_id, athlete_id) VALUES (20, 47);
INSERT INTO athlete_rankings (ranking_id, athlete_id) VALUES (5, 47);
INSERT INTO athlete_rankings (ranking_id, athlete_id) VALUES (11, 47);
INSERT INTO athlete_rankings (ranking_id, athlete_id) VALUES (6, 47);
INSERT INTO athlete_rankings (ranking_id, athlete_id) VALUES (19, 47);
INSERT INTO athlete_rankings (ranking_id, athlete_id) VALUES (8, 47);
INSERT INTO athlete_rankings (ranking_id, athlete_id) VALUES (10, 47);
INSERT INTO athlete_rankings (ranking_id, athlete_id) VALUES (17, 47);
INSERT INTO athlete_rankings (ranking_id, athlete_id) VALUES (14, 47);
INSERT INTO athlete_rankings (ranking_id, athlete_id) VALUES (4, 47);
INSERT INTO athlete_rankings (ranking_id, athlete_id) VALUES (18, 47);
INSERT INTO athlete_rankings (ranking_id, athlete_id) VALUES (15, 47);
INSERT INTO athlete_rankings (ranking_id, athlete_id) VALUES (2, 47);
INSERT INTO athlete_rankings (ranking_id, athlete_id) VALUES (20, 48);
INSERT INTO athlete_rankings (ranking_id, athlete_id) VALUES (1, 48);
INSERT INTO athlete_rankings (ranking_id, athlete_id) VALUES (12, 48);
INSERT INTO athlete_rankings (ranking_id, athlete_id) VALUES (6, 48);
INSERT INTO athlete_rankings (ranking_id, athlete_id) VALUES (11, 48);
INSERT INTO athlete_rankings (ranking_id, athlete_id) VALUES (18, 48);
INSERT INTO athlete_rankings (ranking_id, athlete_id) VALUES (9, 48);
INSERT INTO athlete_rankings (ranking_id, athlete_id) VALUES (10, 48);
INSERT INTO athlete_rankings (ranking_id, athlete_id) VALUES (14, 48);
INSERT INTO athlete_rankings (ranking_id, athlete_id) VALUES (3, 48);
INSERT INTO athlete_rankings (ranking_id, athlete_id) VALUES (2, 48);
INSERT INTO athlete_rankings (ranking_id, athlete_id) VALUES (16, 49);
INSERT INTO athlete_rankings (ranking_id, athlete_id) VALUES (4, 49);
INSERT INTO athlete_rankings (ranking_id, athlete_id) VALUES (10, 49);
INSERT INTO athlete_rankings (ranking_id, athlete_id) VALUES (15, 49);
INSERT INTO athlete_rankings (ranking_id, athlete_id) VALUES (11, 49);
INSERT INTO athlete_rankings (ranking_id, athlete_id) VALUES (20, 49);
INSERT INTO athlete_rankings (ranking_id, athlete_id) VALUES (14, 49);
INSERT INTO athlete_rankings (ranking_id, athlete_id) VALUES (13, 49);
INSERT INTO athlete_rankings (ranking_id, athlete_id) VALUES (3, 49);
INSERT INTO athlete_rankings (ranking_id, athlete_id) VALUES (18, 49);
INSERT INTO athlete_rankings (ranking_id, athlete_id) VALUES (6, 49);
INSERT INTO athlete_rankings (ranking_id, athlete_id) VALUES (19, 49);
INSERT INTO athlete_rankings (ranking_id, athlete_id) VALUES (8, 49);
INSERT INTO athlete_rankings (ranking_id, athlete_id) VALUES (12, 49);
INSERT INTO athlete_rankings (ranking_id, athlete_id) VALUES (17, 49);
INSERT INTO athlete_rankings (ranking_id, athlete_id) VALUES (14, 50);
INSERT INTO athlete_rankings (ranking_id, athlete_id) VALUES (19, 50);
INSERT INTO athlete_rankings (ranking_id, athlete_id) VALUES (11, 50);
INSERT INTO athlete_rankings (ranking_id, athlete_id) VALUES (10, 50);
INSERT INTO athlete_rankings (ranking_id, athlete_id) VALUES (9, 50);
INSERT INTO athlete_rankings (ranking_id, athlete_id) VALUES (5, 50);
INSERT INTO athlete_rankings (ranking_id, athlete_id) VALUES (15, 50);
INSERT INTO athlete_rankings (ranking_id, athlete_id) VALUES (16, 50);
INSERT INTO athlete_rankings (ranking_id, athlete_id) VALUES (12, 50);
INSERT INTO athlete_rankings (ranking_id, athlete_id) VALUES (13, 50);
INSERT INTO athlete_rankings (ranking_id, athlete_id) VALUES (7, 50);
INSERT INTO athlete_rankings (ranking_id, athlete_id) VALUES (1, 50);
INSERT INTO athlete_rankings (ranking_id, athlete_id) VALUES (6, 50);
INSERT INTO athlete_achievements (achievement_id, athlete_id) VALUES (6, 1);
INSERT INTO athlete_achievements (achievement_id, athlete_id) VALUES (24, 1);
INSERT INTO athlete_achievements (achievement_id, athlete_id) VALUES (29, 1);
INSERT INTO athlete_achievements (achievement_id, athlete_id) VALUES (11, 1);
INSERT INTO athlete_achievements (achievement_id, athlete_id) VALUES (23, 1);
INSERT INTO athlete_achievements (achievement_id, athlete_id) VALUES (4, 1);
INSERT INTO athlete_achievements (achievement_id, athlete_id) VALUES (20, 1);
INSERT INTO athlete_achievements (achievement_id, athlete_id) VALUES (21, 1);
INSERT INTO athlete_achievements (achievement_id, athlete_id) VALUES (1, 1);
INSERT INTO athlete_achievements (achievement_id, athlete_id) VALUES (13, 1);
INSERT INTO athlete_achievements (achievement_id, athlete_id) VALUES (22, 1);
INSERT INTO athlete_achievements (achievement_id, athlete_id) VALUES (28, 1);
INSERT INTO athlete_achievements (achievement_id, athlete_id) VALUES (7, 1);
INSERT INTO athlete_achievements (achievement_id, athlete_id) VALUES (9, 1);
INSERT INTO athlete_achievements (achievement_id, athlete_id) VALUES (3, 1);
INSERT INTO athlete_achievements (achievement_id, athlete_id) VALUES (18, 1);
INSERT INTO athlete_achievements (achievement_id, athlete_id) VALUES (5, 1);
INSERT INTO athlete_achievements (achievement_id, athlete_id) VALUES (27, 1);
INSERT INTO athlete_achievements (achievement_id, athlete_id) VALUES (8, 1);
INSERT INTO athlete_achievements (achievement_id, athlete_id) VALUES (10, 1);
INSERT INTO athlete_achievements (achievement_id, athlete_id) VALUES (14, 1);
INSERT INTO athlete_achievements (achievement_id, athlete_id) VALUES (17, 1);
INSERT INTO athlete_achievements (achievement_id, athlete_id) VALUES (19, 1);
INSERT INTO athlete_achievements (achievement_id, athlete_id) VALUES (26, 1);
INSERT INTO athlete_achievements (achievement_id, athlete_id) VALUES (15, 1);
INSERT INTO athlete_achievements (achievement_id, athlete_id) VALUES (30, 1);
INSERT INTO athlete_achievements (achievement_id, athlete_id) VALUES (2, 1);
INSERT INTO athlete_achievements (achievement_id, athlete_id) VALUES (12, 1);
INSERT INTO athlete_achievements (achievement_id, athlete_id) VALUES (18, 2);
INSERT INTO athlete_achievements (achievement_id, athlete_id) VALUES (3, 2);
INSERT INTO athlete_achievements (achievement_id, athlete_id) VALUES (8, 2);
INSERT INTO athlete_achievements (achievement_id, athlete_id) VALUES (26, 2);
INSERT INTO athlete_achievements (achievement_id, athlete_id) VALUES (16, 2);
INSERT INTO athlete_achievements (achievement_id, athlete_id) VALUES (9, 2);
INSERT INTO athlete_achievements (achievement_id, athlete_id) VALUES (28, 2);
INSERT INTO athlete_achievements (achievement_id, athlete_id) VALUES (20, 2);
INSERT INTO athlete_achievements (achievement_id, athlete_id) VALUES (1, 2);
INSERT INTO athlete_achievements (achievement_id, athlete_id) VALUES (2, 2);
INSERT INTO athlete_achievements (achievement_id, athlete_id) VALUES (6, 2);
INSERT INTO athlete_achievements (achievement_id, athlete_id) VALUES (7, 2);
INSERT INTO athlete_achievements (achievement_id, athlete_id) VALUES (22, 2);
INSERT INTO athlete_achievements (achievement_id, athlete_id) VALUES (4, 2);
INSERT INTO athlete_achievements (achievement_id, athlete_id) VALUES (12, 2);
INSERT INTO athlete_achievements (achievement_id, athlete_id) VALUES (14, 2);
INSERT INTO athlete_achievements (achievement_id, athlete_id) VALUES (15, 2);
INSERT INTO athlete_achievements (achievement_id, athlete_id) VALUES (21, 2);
INSERT INTO athlete_achievements (achievement_id, athlete_id) VALUES (13, 2);
INSERT INTO athlete_achievements (achievement_id, athlete_id) VALUES (9, 3);
INSERT INTO athlete_achievements (achievement_id, athlete_id) VALUES (17, 3);
INSERT INTO athlete_achievements (achievement_id, athlete_id) VALUES (2, 3);
INSERT INTO athlete_achievements (achievement_id, athlete_id) VALUES (12, 3);
INSERT INTO athlete_achievements (achievement_id, athlete_id) VALUES (1, 3);
INSERT INTO athlete_achievements (achievement_id, athlete_id) VALUES (6, 3);
INSERT INTO athlete_achievements (achievement_id, athlete_id) VALUES (29, 3);
INSERT INTO athlete_achievements (achievement_id, athlete_id) VALUES (13, 3);
INSERT INTO athlete_achievements (achievement_id, athlete_id) VALUES (30, 3);
INSERT INTO athlete_achievements (achievement_id, athlete_id) VALUES (16, 4);
INSERT INTO athlete_achievements (achievement_id, athlete_id) VALUES (21, 4);
INSERT INTO athlete_achievements (achievement_id, athlete_id) VALUES (3, 4);
INSERT INTO athlete_achievements (achievement_id, athlete_id) VALUES (6, 4);
INSERT INTO athlete_achievements (achievement_id, athlete_id) VALUES (17, 4);
INSERT INTO athlete_achievements (achievement_id, athlete_id) VALUES (27, 4);
INSERT INTO athlete_achievements (achievement_id, athlete_id) VALUES (25, 4);
INSERT INTO athlete_achievements (achievement_id, athlete_id) VALUES (12, 4);
INSERT INTO athlete_achievements (achievement_id, athlete_id) VALUES (20, 4);
INSERT INTO athlete_achievements (achievement_id, athlete_id) VALUES (7, 4);
INSERT INTO athlete_achievements (achievement_id, athlete_id) VALUES (15, 4);
INSERT INTO athlete_achievements (achievement_id, athlete_id) VALUES (9, 4);
INSERT INTO athlete_achievements (achievement_id, athlete_id) VALUES (22, 5);
INSERT INTO athlete_achievements (achievement_id, athlete_id) VALUES (7, 5);
INSERT INTO athlete_achievements (achievement_id, athlete_id) VALUES (16, 5);
INSERT INTO athlete_achievements (achievement_id, athlete_id) VALUES (30, 5);
INSERT INTO athlete_achievements (achievement_id, athlete_id) VALUES (2, 5);
INSERT INTO athlete_achievements (achievement_id, athlete_id) VALUES (24, 5);
INSERT INTO athlete_achievements (achievement_id, athlete_id) VALUES (29, 5);
INSERT INTO athlete_achievements (achievement_id, athlete_id) VALUES (6, 5);
INSERT INTO athlete_achievements (achievement_id, athlete_id) VALUES (12, 5);
INSERT INTO athlete_achievements (achievement_id, athlete_id) VALUES (3, 5);
INSERT INTO athlete_achievements (achievement_id, athlete_id) VALUES (18, 5);
INSERT INTO athlete_achievements (achievement_id, athlete_id) VALUES (10, 5);
INSERT INTO athlete_achievements (achievement_id, athlete_id) VALUES (27, 5);
INSERT INTO athlete_achievements (achievement_id, athlete_id) VALUES (8, 5);
INSERT INTO athlete_achievements (achievement_id, athlete_id) VALUES (18, 6);
INSERT INTO athlete_achievements (achievement_id, athlete_id) VALUES (3, 6);
INSERT INTO athlete_achievements (achievement_id, athlete_id) VALUES (30, 6);
INSERT INTO athlete_achievements (achievement_id, athlete_id) VALUES (16, 6);
INSERT INTO athlete_achievements (achievement_id, athlete_id) VALUES (13, 6);
INSERT INTO athlete_achievements (achievement_id, athlete_id) VALUES (23, 6);
INSERT INTO athlete_achievements (achievement_id, athlete_id) VALUES (25, 6);
INSERT INTO athlete_achievements (achievement_id, athlete_id) VALUES (27, 7);
INSERT INTO athlete_achievements (achievement_id, athlete_id) VALUES (16, 7);
INSERT INTO athlete_achievements (achievement_id, athlete_id) VALUES (24, 7);
INSERT INTO athlete_achievements (achievement_id, athlete_id) VALUES (18, 7);
INSERT INTO athlete_achievements (achievement_id, athlete_id) VALUES (8, 7);
INSERT INTO athlete_achievements (achievement_id, athlete_id) VALUES (17, 7);
INSERT INTO athlete_achievements (achievement_id, athlete_id) VALUES (20, 7);
INSERT INTO athlete_achievements (achievement_id, athlete_id) VALUES (2, 7);
INSERT INTO athlete_achievements (achievement_id, athlete_id) VALUES (14, 7);
INSERT INTO athlete_achievements (achievement_id, athlete_id) VALUES (12, 7);
INSERT INTO athlete_achievements (achievement_id, athlete_id) VALUES (23, 7);
INSERT INTO athlete_achievements (achievement_id, athlete_id) VALUES (21, 7);
INSERT INTO athlete_achievements (achievement_id, athlete_id) VALUES (3, 7);
INSERT INTO athlete_achievements (achievement_id, athlete_id) VALUES (9, 7);
INSERT INTO athlete_achievements (achievement_id, athlete_id) VALUES (6, 7);
INSERT INTO athlete_achievements (achievement_id, athlete_id) VALUES (25, 7);
INSERT INTO athlete_achievements (achievement_id, athlete_id) VALUES (11, 7);
INSERT INTO athlete_achievements (achievement_id, athlete_id) VALUES (28, 7);
INSERT INTO athlete_achievements (achievement_id, athlete_id) VALUES (1, 7);
INSERT INTO athlete_achievements (achievement_id, athlete_id) VALUES (19, 7);
INSERT INTO athlete_achievements (achievement_id, athlete_id) VALUES (10, 7);
INSERT INTO athlete_achievements (achievement_id, athlete_id) VALUES (26, 7);
INSERT INTO athlete_achievements (achievement_id, athlete_id) VALUES (13, 7);
INSERT INTO athlete_achievements (achievement_id, athlete_id) VALUES (15, 7);
INSERT INTO athlete_achievements (achievement_id, athlete_id) VALUES (22, 7);
INSERT INTO athlete_achievements (achievement_id, athlete_id) VALUES (30, 7);
INSERT INTO athlete_achievements (achievement_id, athlete_id) VALUES (5, 7);
INSERT INTO athlete_achievements (achievement_id, athlete_id) VALUES (4, 7);
INSERT INTO athlete_achievements (achievement_id, athlete_id) VALUES (29, 7);
INSERT INTO athlete_achievements (achievement_id, athlete_id) VALUES (7, 7);
INSERT INTO athlete_achievements (achievement_id, athlete_id) VALUES (25, 8);
INSERT INTO athlete_achievements (achievement_id, athlete_id) VALUES (6, 8);
INSERT INTO athlete_achievements (achievement_id, athlete_id) VALUES (11, 8);
INSERT INTO athlete_achievements (achievement_id, athlete_id) VALUES (27, 8);
INSERT INTO athlete_achievements (achievement_id, athlete_id) VALUES (20, 8);
INSERT INTO athlete_achievements (achievement_id, athlete_id) VALUES (15, 8);
INSERT INTO athlete_achievements (achievement_id, athlete_id) VALUES (21, 8);
INSERT INTO athlete_achievements (achievement_id, athlete_id) VALUES (10, 8);
INSERT INTO athlete_achievements (achievement_id, athlete_id) VALUES (17, 8);
INSERT INTO athlete_achievements (achievement_id, athlete_id) VALUES (30, 8);
INSERT INTO athlete_achievements (achievement_id, athlete_id) VALUES (22, 8);
INSERT INTO athlete_achievements (achievement_id, athlete_id) VALUES (9, 8);
INSERT INTO athlete_achievements (achievement_id, athlete_id) VALUES (13, 8);
INSERT INTO athlete_achievements (achievement_id, athlete_id) VALUES (16, 8);
INSERT INTO athlete_achievements (achievement_id, athlete_id) VALUES (29, 8);
INSERT INTO athlete_achievements (achievement_id, athlete_id) VALUES (2, 8);
INSERT INTO athlete_achievements (achievement_id, athlete_id) VALUES (4, 8);
INSERT INTO athlete_achievements (achievement_id, athlete_id) VALUES (24, 8);
INSERT INTO athlete_achievements (achievement_id, athlete_id) VALUES (18, 8);
INSERT INTO athlete_achievements (achievement_id, athlete_id) VALUES (19, 8);
INSERT INTO athlete_achievements (achievement_id, athlete_id) VALUES (5, 8);
INSERT INTO athlete_achievements (achievement_id, athlete_id) VALUES (14, 8);
INSERT INTO athlete_achievements (achievement_id, athlete_id) VALUES (28, 8);
INSERT INTO athlete_achievements (achievement_id, athlete_id) VALUES (7, 8);
INSERT INTO athlete_achievements (achievement_id, athlete_id) VALUES (1, 8);
INSERT INTO athlete_achievements (achievement_id, athlete_id) VALUES (23, 8);
INSERT INTO athlete_achievements (achievement_id, athlete_id) VALUES (26, 8);
INSERT INTO athlete_achievements (achievement_id, athlete_id) VALUES (3, 8);
INSERT INTO athlete_achievements (achievement_id, athlete_id) VALUES (8, 8);
INSERT INTO athlete_achievements (achievement_id, athlete_id) VALUES (10, 9);
INSERT INTO athlete_achievements (achievement_id, athlete_id) VALUES (17, 9);
INSERT INTO athlete_achievements (achievement_id, athlete_id) VALUES (4, 9);
INSERT INTO athlete_achievements (achievement_id, athlete_id) VALUES (1, 10);
INSERT INTO athlete_achievements (achievement_id, athlete_id) VALUES (5, 10);
INSERT INTO athlete_achievements (achievement_id, athlete_id) VALUES (18, 10);
INSERT INTO athlete_achievements (achievement_id, athlete_id) VALUES (8, 10);
INSERT INTO athlete_achievements (achievement_id, athlete_id) VALUES (15, 10);
INSERT INTO athlete_achievements (achievement_id, athlete_id) VALUES (20, 10);
INSERT INTO athlete_achievements (achievement_id, athlete_id) VALUES (26, 10);
INSERT INTO athlete_achievements (achievement_id, athlete_id) VALUES (23, 10);
INSERT INTO athlete_achievements (achievement_id, athlete_id) VALUES (12, 10);
INSERT INTO athlete_achievements (achievement_id, athlete_id) VALUES (7, 10);
INSERT INTO athlete_achievements (achievement_id, athlete_id) VALUES (6, 10);
INSERT INTO athlete_achievements (achievement_id, athlete_id) VALUES (4, 10);
INSERT INTO athlete_achievements (achievement_id, athlete_id) VALUES (11, 10);
INSERT INTO athlete_achievements (achievement_id, athlete_id) VALUES (14, 10);
INSERT INTO athlete_achievements (achievement_id, athlete_id) VALUES (13, 10);
INSERT INTO athlete_achievements (achievement_id, athlete_id) VALUES (29, 10);
INSERT INTO athlete_achievements (achievement_id, athlete_id) VALUES (24, 10);
INSERT INTO athlete_achievements (achievement_id, athlete_id) VALUES (28, 10);
INSERT INTO athlete_achievements (achievement_id, athlete_id) VALUES (2, 10);
INSERT INTO athlete_achievements (achievement_id, athlete_id) VALUES (17, 10);
INSERT INTO athlete_achievements (achievement_id, athlete_id) VALUES (10, 11);
INSERT INTO athlete_achievements (achievement_id, athlete_id) VALUES (19, 11);
INSERT INTO athlete_achievements (achievement_id, athlete_id) VALUES (23, 11);
INSERT INTO athlete_achievements (achievement_id, athlete_id) VALUES (30, 11);
INSERT INTO athlete_achievements (achievement_id, athlete_id) VALUES (3, 11);
INSERT INTO athlete_achievements (achievement_id, athlete_id) VALUES (25, 11);
INSERT INTO athlete_achievements (achievement_id, athlete_id) VALUES (29, 11);
INSERT INTO athlete_achievements (achievement_id, athlete_id) VALUES (21, 11);
INSERT INTO athlete_achievements (achievement_id, athlete_id) VALUES (13, 11);
INSERT INTO athlete_achievements (achievement_id, athlete_id) VALUES (12, 11);
INSERT INTO athlete_achievements (achievement_id, athlete_id) VALUES (5, 11);
INSERT INTO athlete_achievements (achievement_id, athlete_id) VALUES (26, 11);
INSERT INTO athlete_achievements (achievement_id, athlete_id) VALUES (1, 11);
INSERT INTO athlete_achievements (achievement_id, athlete_id) VALUES (8, 11);
INSERT INTO athlete_achievements (achievement_id, athlete_id) VALUES (15, 11);
INSERT INTO athlete_achievements (achievement_id, athlete_id) VALUES (28, 12);
INSERT INTO athlete_achievements (achievement_id, athlete_id) VALUES (26, 12);
INSERT INTO athlete_achievements (achievement_id, athlete_id) VALUES (17, 12);
INSERT INTO athlete_achievements (achievement_id, athlete_id) VALUES (26, 13);
INSERT INTO athlete_achievements (achievement_id, athlete_id) VALUES (9, 13);
INSERT INTO athlete_achievements (achievement_id, athlete_id) VALUES (14, 13);
INSERT INTO athlete_achievements (achievement_id, athlete_id) VALUES (16, 13);
INSERT INTO athlete_achievements (achievement_id, athlete_id) VALUES (3, 13);
INSERT INTO athlete_achievements (achievement_id, athlete_id) VALUES (3, 14);
INSERT INTO athlete_achievements (achievement_id, athlete_id) VALUES (30, 14);
INSERT INTO athlete_achievements (achievement_id, athlete_id) VALUES (5, 14);
INSERT INTO athlete_achievements (achievement_id, athlete_id) VALUES (20, 14);
INSERT INTO athlete_achievements (achievement_id, athlete_id) VALUES (24, 14);
INSERT INTO athlete_achievements (achievement_id, athlete_id) VALUES (28, 15);
INSERT INTO athlete_achievements (achievement_id, athlete_id) VALUES (10, 15);
INSERT INTO athlete_achievements (achievement_id, athlete_id) VALUES (13, 15);
INSERT INTO athlete_achievements (achievement_id, athlete_id) VALUES (11, 15);
INSERT INTO athlete_achievements (achievement_id, athlete_id) VALUES (30, 15);
INSERT INTO athlete_achievements (achievement_id, athlete_id) VALUES (4, 15);
INSERT INTO athlete_achievements (achievement_id, athlete_id) VALUES (20, 15);
INSERT INTO athlete_achievements (achievement_id, athlete_id) VALUES (7, 15);
INSERT INTO athlete_achievements (achievement_id, athlete_id) VALUES (9, 15);
INSERT INTO athlete_achievements (achievement_id, athlete_id) VALUES (4, 16);
INSERT INTO athlete_achievements (achievement_id, athlete_id) VALUES (9, 16);
INSERT INTO athlete_achievements (achievement_id, athlete_id) VALUES (19, 16);
INSERT INTO athlete_achievements (achievement_id, athlete_id) VALUES (12, 16);
INSERT INTO athlete_achievements (achievement_id, athlete_id) VALUES (6, 16);
INSERT INTO athlete_achievements (achievement_id, athlete_id) VALUES (13, 16);
INSERT INTO athlete_achievements (achievement_id, athlete_id) VALUES (24, 16);
INSERT INTO athlete_achievements (achievement_id, athlete_id) VALUES (11, 16);
INSERT INTO athlete_achievements (achievement_id, athlete_id) VALUES (2, 16);
INSERT INTO athlete_achievements (achievement_id, athlete_id) VALUES (7, 16);
INSERT INTO athlete_achievements (achievement_id, athlete_id) VALUES (15, 16);
INSERT INTO athlete_achievements (achievement_id, athlete_id) VALUES (27, 16);
INSERT INTO athlete_achievements (achievement_id, athlete_id) VALUES (22, 16);
INSERT INTO athlete_achievements (achievement_id, athlete_id) VALUES (16, 16);
INSERT INTO athlete_achievements (achievement_id, athlete_id) VALUES (30, 16);
INSERT INTO athlete_achievements (achievement_id, athlete_id) VALUES (17, 16);
INSERT INTO athlete_achievements (achievement_id, athlete_id) VALUES (1, 16);
INSERT INTO athlete_achievements (achievement_id, athlete_id) VALUES (25, 16);
INSERT INTO athlete_achievements (achievement_id, athlete_id) VALUES (10, 17);
INSERT INTO athlete_achievements (achievement_id, athlete_id) VALUES (29, 17);
INSERT INTO athlete_achievements (achievement_id, athlete_id) VALUES (8, 17);
INSERT INTO athlete_achievements (achievement_id, athlete_id) VALUES (13, 17);
INSERT INTO athlete_achievements (achievement_id, athlete_id) VALUES (11, 17);
INSERT INTO athlete_achievements (achievement_id, athlete_id) VALUES (15, 17);
INSERT INTO athlete_achievements (achievement_id, athlete_id) VALUES (6, 17);
INSERT INTO athlete_achievements (achievement_id, athlete_id) VALUES (3, 17);
INSERT INTO athlete_achievements (achievement_id, athlete_id) VALUES (16, 17);
INSERT INTO athlete_achievements (achievement_id, athlete_id) VALUES (9, 17);
INSERT INTO athlete_achievements (achievement_id, athlete_id) VALUES (18, 17);
INSERT INTO athlete_achievements (achievement_id, athlete_id) VALUES (20, 17);
INSERT INTO athlete_achievements (achievement_id, athlete_id) VALUES (5, 17);
INSERT INTO athlete_achievements (achievement_id, athlete_id) VALUES (30, 17);
INSERT INTO athlete_achievements (achievement_id, athlete_id) VALUES (19, 17);
INSERT INTO athlete_achievements (achievement_id, athlete_id) VALUES (17, 17);
INSERT INTO athlete_achievements (achievement_id, athlete_id) VALUES (27, 17);
INSERT INTO athlete_achievements (achievement_id, athlete_id) VALUES (4, 18);
INSERT INTO athlete_achievements (achievement_id, athlete_id) VALUES (22, 18);
INSERT INTO athlete_achievements (achievement_id, athlete_id) VALUES (27, 18);
INSERT INTO athlete_achievements (achievement_id, athlete_id) VALUES (23, 18);
INSERT INTO athlete_achievements (achievement_id, athlete_id) VALUES (2, 18);
INSERT INTO athlete_achievements (achievement_id, athlete_id) VALUES (16, 18);
INSERT INTO athlete_achievements (achievement_id, athlete_id) VALUES (21, 18);
INSERT INTO athlete_achievements (achievement_id, athlete_id) VALUES (25, 18);
INSERT INTO athlete_achievements (achievement_id, athlete_id) VALUES (1, 18);
INSERT INTO athlete_achievements (achievement_id, athlete_id) VALUES (26, 18);
INSERT INTO athlete_achievements (achievement_id, athlete_id) VALUES (7, 18);
INSERT INTO athlete_achievements (achievement_id, athlete_id) VALUES (13, 18);
INSERT INTO athlete_achievements (achievement_id, athlete_id) VALUES (18, 18);
INSERT INTO athlete_achievements (achievement_id, athlete_id) VALUES (12, 18);
INSERT INTO athlete_achievements (achievement_id, athlete_id) VALUES (24, 18);
INSERT INTO athlete_achievements (achievement_id, athlete_id) VALUES (26, 19);
INSERT INTO athlete_achievements (achievement_id, athlete_id) VALUES (28, 19);
INSERT INTO athlete_achievements (achievement_id, athlete_id) VALUES (29, 19);
INSERT INTO athlete_achievements (achievement_id, athlete_id) VALUES (1, 19);
INSERT INTO athlete_achievements (achievement_id, athlete_id) VALUES (7, 19);
INSERT INTO athlete_achievements (achievement_id, athlete_id) VALUES (6, 19);
INSERT INTO athlete_achievements (achievement_id, athlete_id) VALUES (21, 19);
INSERT INTO athlete_achievements (achievement_id, athlete_id) VALUES (25, 19);
INSERT INTO athlete_achievements (achievement_id, athlete_id) VALUES (8, 19);
INSERT INTO athlete_achievements (achievement_id, athlete_id) VALUES (18, 19);
INSERT INTO athlete_achievements (achievement_id, athlete_id) VALUES (5, 19);
INSERT INTO athlete_achievements (achievement_id, athlete_id) VALUES (16, 19);
INSERT INTO athlete_achievements (achievement_id, athlete_id) VALUES (12, 19);
INSERT INTO athlete_achievements (achievement_id, athlete_id) VALUES (20, 19);
INSERT INTO athlete_achievements (achievement_id, athlete_id) VALUES (19, 19);
INSERT INTO athlete_achievements (achievement_id, athlete_id) VALUES (14, 19);
INSERT INTO athlete_achievements (achievement_id, athlete_id) VALUES (15, 19);
INSERT INTO athlete_achievements (achievement_id, athlete_id) VALUES (22, 20);
INSERT INTO athlete_achievements (achievement_id, athlete_id) VALUES (15, 20);
INSERT INTO athlete_achievements (achievement_id, athlete_id) VALUES (17, 20);
INSERT INTO athlete_achievements (achievement_id, athlete_id) VALUES (29, 20);
INSERT INTO athlete_achievements (achievement_id, athlete_id) VALUES (26, 20);
INSERT INTO athlete_achievements (achievement_id, athlete_id) VALUES (18, 20);
INSERT INTO athlete_achievements (achievement_id, athlete_id) VALUES (20, 20);
INSERT INTO athlete_achievements (achievement_id, athlete_id) VALUES (25, 20);
INSERT INTO athlete_achievements (achievement_id, athlete_id) VALUES (19, 20);
INSERT INTO athlete_achievements (achievement_id, athlete_id) VALUES (30, 20);
INSERT INTO athlete_achievements (achievement_id, athlete_id) VALUES (4, 20);
INSERT INTO athlete_achievements (achievement_id, athlete_id) VALUES (2, 21);
INSERT INTO athlete_achievements (achievement_id, athlete_id) VALUES (28, 21);
INSERT INTO athlete_achievements (achievement_id, athlete_id) VALUES (29, 21);
INSERT INTO athlete_achievements (achievement_id, athlete_id) VALUES (11, 21);
INSERT INTO athlete_achievements (achievement_id, athlete_id) VALUES (25, 21);
INSERT INTO athlete_achievements (achievement_id, athlete_id) VALUES (16, 22);
INSERT INTO athlete_achievements (achievement_id, athlete_id) VALUES (9, 22);
INSERT INTO athlete_achievements (achievement_id, athlete_id) VALUES (19, 22);
INSERT INTO athlete_achievements (achievement_id, athlete_id) VALUES (12, 22);
INSERT INTO athlete_achievements (achievement_id, athlete_id) VALUES (23, 22);
INSERT INTO athlete_achievements (achievement_id, athlete_id) VALUES (30, 22);
INSERT INTO athlete_achievements (achievement_id, athlete_id) VALUES (4, 22);
INSERT INTO athlete_achievements (achievement_id, athlete_id) VALUES (11, 22);
INSERT INTO athlete_achievements (achievement_id, athlete_id) VALUES (22, 22);
INSERT INTO athlete_achievements (achievement_id, athlete_id) VALUES (2, 22);
INSERT INTO athlete_achievements (achievement_id, athlete_id) VALUES (17, 22);
INSERT INTO athlete_achievements (achievement_id, athlete_id) VALUES (8, 22);
INSERT INTO athlete_achievements (achievement_id, athlete_id) VALUES (15, 22);
INSERT INTO athlete_achievements (achievement_id, athlete_id) VALUES (27, 22);
INSERT INTO athlete_achievements (achievement_id, athlete_id) VALUES (25, 22);
INSERT INTO athlete_achievements (achievement_id, athlete_id) VALUES (6, 22);
INSERT INTO athlete_achievements (achievement_id, athlete_id) VALUES (3, 22);
INSERT INTO athlete_achievements (achievement_id, athlete_id) VALUES (13, 22);
INSERT INTO athlete_achievements (achievement_id, athlete_id) VALUES (7, 22);
INSERT INTO athlete_achievements (achievement_id, athlete_id) VALUES (10, 22);
INSERT INTO athlete_achievements (achievement_id, athlete_id) VALUES (4, 23);
INSERT INTO athlete_achievements (achievement_id, athlete_id) VALUES (3, 23);
INSERT INTO athlete_achievements (achievement_id, athlete_id) VALUES (5, 23);
INSERT INTO athlete_achievements (achievement_id, athlete_id) VALUES (10, 23);
INSERT INTO athlete_achievements (achievement_id, athlete_id) VALUES (6, 23);
INSERT INTO athlete_achievements (achievement_id, athlete_id) VALUES (11, 23);
INSERT INTO athlete_achievements (achievement_id, athlete_id) VALUES (1, 23);
INSERT INTO athlete_achievements (achievement_id, athlete_id) VALUES (20, 23);
INSERT INTO athlete_achievements (achievement_id, athlete_id) VALUES (8, 23);
INSERT INTO athlete_achievements (achievement_id, athlete_id) VALUES (27, 23);
INSERT INTO athlete_achievements (achievement_id, athlete_id) VALUES (26, 23);
INSERT INTO athlete_achievements (achievement_id, athlete_id) VALUES (14, 23);
INSERT INTO athlete_achievements (achievement_id, athlete_id) VALUES (21, 23);
INSERT INTO athlete_achievements (achievement_id, athlete_id) VALUES (19, 23);
INSERT INTO athlete_achievements (achievement_id, athlete_id) VALUES (30, 23);
INSERT INTO athlete_achievements (achievement_id, athlete_id) VALUES (18, 23);
INSERT INTO athlete_achievements (achievement_id, athlete_id) VALUES (23, 23);
INSERT INTO athlete_achievements (achievement_id, athlete_id) VALUES (7, 23);
INSERT INTO athlete_achievements (achievement_id, athlete_id) VALUES (16, 23);
INSERT INTO athlete_achievements (achievement_id, athlete_id) VALUES (2, 23);
INSERT INTO athlete_achievements (achievement_id, athlete_id) VALUES (12, 23);
INSERT INTO athlete_achievements (achievement_id, athlete_id) VALUES (28, 23);
INSERT INTO athlete_achievements (achievement_id, athlete_id) VALUES (13, 23);
INSERT INTO athlete_achievements (achievement_id, athlete_id) VALUES (22, 23);
INSERT INTO athlete_achievements (achievement_id, athlete_id) VALUES (15, 23);
INSERT INTO athlete_achievements (achievement_id, athlete_id) VALUES (29, 23);
INSERT INTO athlete_achievements (achievement_id, athlete_id) VALUES (25, 23);
INSERT INTO athlete_achievements (achievement_id, athlete_id) VALUES (9, 23);
INSERT INTO athlete_achievements (achievement_id, athlete_id) VALUES (17, 23);
INSERT INTO athlete_achievements (achievement_id, athlete_id) VALUES (11, 24);
INSERT INTO athlete_achievements (achievement_id, athlete_id) VALUES (5, 24);
INSERT INTO athlete_achievements (achievement_id, athlete_id) VALUES (23, 24);
INSERT INTO athlete_achievements (achievement_id, athlete_id) VALUES (28, 24);
INSERT INTO athlete_achievements (achievement_id, athlete_id) VALUES (24, 24);
INSERT INTO athlete_achievements (achievement_id, athlete_id) VALUES (20, 24);
INSERT INTO athlete_achievements (achievement_id, athlete_id) VALUES (30, 24);
INSERT INTO athlete_achievements (achievement_id, athlete_id) VALUES (27, 24);
INSERT INTO athlete_achievements (achievement_id, athlete_id) VALUES (2, 24);
INSERT INTO athlete_achievements (achievement_id, athlete_id) VALUES (25, 24);
INSERT INTO athlete_achievements (achievement_id, athlete_id) VALUES (16, 24);
INSERT INTO athlete_achievements (achievement_id, athlete_id) VALUES (8, 24);
INSERT INTO athlete_achievements (achievement_id, athlete_id) VALUES (1, 24);
INSERT INTO athlete_achievements (achievement_id, athlete_id) VALUES (3, 24);
INSERT INTO athlete_achievements (achievement_id, athlete_id) VALUES (26, 24);
INSERT INTO athlete_achievements (achievement_id, athlete_id) VALUES (29, 24);
INSERT INTO athlete_achievements (achievement_id, athlete_id) VALUES (17, 24);
INSERT INTO athlete_achievements (achievement_id, athlete_id) VALUES (21, 24);
INSERT INTO athlete_achievements (achievement_id, athlete_id) VALUES (10, 24);
INSERT INTO athlete_achievements (achievement_id, athlete_id) VALUES (4, 25);
INSERT INTO athlete_achievements (achievement_id, athlete_id) VALUES (6, 25);
INSERT INTO athlete_achievements (achievement_id, athlete_id) VALUES (7, 25);
INSERT INTO athlete_achievements (achievement_id, athlete_id) VALUES (14, 25);
INSERT INTO athlete_achievements (achievement_id, athlete_id) VALUES (8, 25);
INSERT INTO athlete_achievements (achievement_id, athlete_id) VALUES (27, 25);
INSERT INTO athlete_achievements (achievement_id, athlete_id) VALUES (30, 25);
INSERT INTO athlete_achievements (achievement_id, athlete_id) VALUES (29, 25);
INSERT INTO athlete_achievements (achievement_id, athlete_id) VALUES (12, 25);
INSERT INTO athlete_achievements (achievement_id, athlete_id) VALUES (16, 25);
INSERT INTO athlete_achievements (achievement_id, athlete_id) VALUES (22, 25);
INSERT INTO athlete_achievements (achievement_id, athlete_id) VALUES (21, 25);
INSERT INTO athlete_achievements (achievement_id, athlete_id) VALUES (18, 25);
INSERT INTO athlete_achievements (achievement_id, athlete_id) VALUES (13, 25);
INSERT INTO athlete_achievements (achievement_id, athlete_id) VALUES (2, 25);
INSERT INTO athlete_achievements (achievement_id, athlete_id) VALUES (5, 25);
INSERT INTO athlete_achievements (achievement_id, athlete_id) VALUES (19, 25);
INSERT INTO athlete_achievements (achievement_id, athlete_id) VALUES (20, 25);
INSERT INTO athlete_achievements (achievement_id, athlete_id) VALUES (23, 26);
INSERT INTO athlete_achievements (achievement_id, athlete_id) VALUES (2, 26);
INSERT INTO athlete_achievements (achievement_id, athlete_id) VALUES (27, 26);
INSERT INTO athlete_achievements (achievement_id, athlete_id) VALUES (6, 27);
INSERT INTO athlete_achievements (achievement_id, athlete_id) VALUES (24, 27);
INSERT INTO athlete_achievements (achievement_id, athlete_id) VALUES (21, 27);
INSERT INTO athlete_achievements (achievement_id, athlete_id) VALUES (12, 27);
INSERT INTO athlete_achievements (achievement_id, athlete_id) VALUES (27, 27);
INSERT INTO athlete_achievements (achievement_id, athlete_id) VALUES (19, 27);
INSERT INTO athlete_achievements (achievement_id, athlete_id) VALUES (15, 27);
INSERT INTO athlete_achievements (achievement_id, athlete_id) VALUES (10, 28);
INSERT INTO athlete_achievements (achievement_id, athlete_id) VALUES (7, 28);
INSERT INTO athlete_achievements (achievement_id, athlete_id) VALUES (1, 28);
INSERT INTO athlete_achievements (achievement_id, athlete_id) VALUES (11, 28);
INSERT INTO athlete_achievements (achievement_id, athlete_id) VALUES (24, 28);
INSERT INTO athlete_achievements (achievement_id, athlete_id) VALUES (16, 28);
INSERT INTO athlete_achievements (achievement_id, athlete_id) VALUES (4, 28);
INSERT INTO athlete_achievements (achievement_id, athlete_id) VALUES (17, 28);
INSERT INTO athlete_achievements (achievement_id, athlete_id) VALUES (23, 28);
INSERT INTO athlete_achievements (achievement_id, athlete_id) VALUES (15, 28);
INSERT INTO athlete_achievements (achievement_id, athlete_id) VALUES (5, 28);
INSERT INTO athlete_achievements (achievement_id, athlete_id) VALUES (6, 28);
INSERT INTO athlete_achievements (achievement_id, athlete_id) VALUES (29, 28);
INSERT INTO athlete_achievements (achievement_id, athlete_id) VALUES (3, 28);
INSERT INTO athlete_achievements (achievement_id, athlete_id) VALUES (22, 28);
INSERT INTO athlete_achievements (achievement_id, athlete_id) VALUES (20, 28);
INSERT INTO athlete_achievements (achievement_id, athlete_id) VALUES (9, 28);
INSERT INTO athlete_achievements (achievement_id, athlete_id) VALUES (2, 28);
INSERT INTO athlete_achievements (achievement_id, athlete_id) VALUES (19, 28);
INSERT INTO athlete_achievements (achievement_id, athlete_id) VALUES (9, 29);
INSERT INTO athlete_achievements (achievement_id, athlete_id) VALUES (28, 29);
INSERT INTO athlete_achievements (achievement_id, athlete_id) VALUES (12, 29);
INSERT INTO athlete_achievements (achievement_id, athlete_id) VALUES (21, 29);
INSERT INTO athlete_achievements (achievement_id, athlete_id) VALUES (6, 29);
INSERT INTO athlete_achievements (achievement_id, athlete_id) VALUES (11, 29);
INSERT INTO athlete_achievements (achievement_id, athlete_id) VALUES (16, 29);
INSERT INTO athlete_achievements (achievement_id, athlete_id) VALUES (22, 29);
INSERT INTO athlete_achievements (achievement_id, athlete_id) VALUES (14, 29);
INSERT INTO athlete_achievements (achievement_id, athlete_id) VALUES (20, 29);
INSERT INTO athlete_achievements (achievement_id, athlete_id) VALUES (18, 29);
INSERT INTO athlete_achievements (achievement_id, athlete_id) VALUES (15, 29);
INSERT INTO athlete_achievements (achievement_id, athlete_id) VALUES (10, 29);
INSERT INTO athlete_achievements (achievement_id, athlete_id) VALUES (1, 29);
INSERT INTO athlete_achievements (achievement_id, athlete_id) VALUES (30, 29);
INSERT INTO athlete_achievements (achievement_id, athlete_id) VALUES (17, 29);
INSERT INTO athlete_achievements (achievement_id, athlete_id) VALUES (7, 29);
INSERT INTO athlete_achievements (achievement_id, athlete_id) VALUES (19, 29);
INSERT INTO athlete_achievements (achievement_id, athlete_id) VALUES (8, 29);
INSERT INTO athlete_achievements (achievement_id, athlete_id) VALUES (13, 29);
INSERT INTO athlete_achievements (achievement_id, athlete_id) VALUES (26, 29);
INSERT INTO athlete_achievements (achievement_id, athlete_id) VALUES (2, 29);
INSERT INTO athlete_achievements (achievement_id, athlete_id) VALUES (27, 29);
INSERT INTO athlete_achievements (achievement_id, athlete_id) VALUES (25, 29);
INSERT INTO athlete_achievements (achievement_id, athlete_id) VALUES (1, 30);
INSERT INTO athlete_achievements (achievement_id, athlete_id) VALUES (26, 30);
INSERT INTO athlete_achievements (achievement_id, athlete_id) VALUES (19, 30);
INSERT INTO athlete_achievements (achievement_id, athlete_id) VALUES (27, 30);
INSERT INTO athlete_achievements (achievement_id, athlete_id) VALUES (23, 30);
INSERT INTO athlete_achievements (achievement_id, athlete_id) VALUES (9, 30);
INSERT INTO athlete_achievements (achievement_id, athlete_id) VALUES (24, 30);
INSERT INTO athlete_achievements (achievement_id, athlete_id) VALUES (25, 30);
INSERT INTO athlete_achievements (achievement_id, athlete_id) VALUES (8, 30);
INSERT INTO athlete_achievements (achievement_id, athlete_id) VALUES (4, 30);
INSERT INTO athlete_achievements (achievement_id, athlete_id) VALUES (29, 30);
INSERT INTO athlete_achievements (achievement_id, athlete_id) VALUES (20, 30);
INSERT INTO athlete_achievements (achievement_id, athlete_id) VALUES (10, 30);
INSERT INTO athlete_achievements (achievement_id, athlete_id) VALUES (7, 30);
INSERT INTO athlete_achievements (achievement_id, athlete_id) VALUES (11, 30);
INSERT INTO athlete_achievements (achievement_id, athlete_id) VALUES (6, 30);
INSERT INTO athlete_achievements (achievement_id, athlete_id) VALUES (30, 30);
INSERT INTO athlete_achievements (achievement_id, athlete_id) VALUES (3, 30);
INSERT INTO athlete_achievements (achievement_id, athlete_id) VALUES (22, 30);
INSERT INTO athlete_achievements (achievement_id, athlete_id) VALUES (30, 31);
INSERT INTO athlete_achievements (achievement_id, athlete_id) VALUES (27, 31);
INSERT INTO athlete_achievements (achievement_id, athlete_id) VALUES (14, 31);
INSERT INTO athlete_achievements (achievement_id, athlete_id) VALUES (21, 31);
INSERT INTO athlete_achievements (achievement_id, athlete_id) VALUES (26, 31);
INSERT INTO athlete_achievements (achievement_id, athlete_id) VALUES (18, 31);
INSERT INTO athlete_achievements (achievement_id, athlete_id) VALUES (16, 32);
INSERT INTO athlete_achievements (achievement_id, athlete_id) VALUES (10, 32);
INSERT INTO athlete_achievements (achievement_id, athlete_id) VALUES (23, 32);
INSERT INTO athlete_achievements (achievement_id, athlete_id) VALUES (21, 32);
INSERT INTO athlete_achievements (achievement_id, athlete_id) VALUES (26, 32);
INSERT INTO athlete_achievements (achievement_id, athlete_id) VALUES (5, 32);
INSERT INTO athlete_achievements (achievement_id, athlete_id) VALUES (27, 32);
INSERT INTO athlete_achievements (achievement_id, athlete_id) VALUES (3, 33);
INSERT INTO athlete_achievements (achievement_id, athlete_id) VALUES (20, 33);
INSERT INTO athlete_achievements (achievement_id, athlete_id) VALUES (7, 33);
INSERT INTO athlete_achievements (achievement_id, athlete_id) VALUES (14, 33);
INSERT INTO athlete_achievements (achievement_id, athlete_id) VALUES (9, 33);
INSERT INTO athlete_achievements (achievement_id, athlete_id) VALUES (28, 33);
INSERT INTO athlete_achievements (achievement_id, athlete_id) VALUES (6, 33);
INSERT INTO athlete_achievements (achievement_id, athlete_id) VALUES (5, 33);
INSERT INTO athlete_achievements (achievement_id, athlete_id) VALUES (23, 33);
INSERT INTO athlete_achievements (achievement_id, athlete_id) VALUES (11, 33);
INSERT INTO athlete_achievements (achievement_id, athlete_id) VALUES (26, 33);
INSERT INTO athlete_achievements (achievement_id, athlete_id) VALUES (21, 33);
INSERT INTO athlete_achievements (achievement_id, athlete_id) VALUES (18, 33);
INSERT INTO athlete_achievements (achievement_id, athlete_id) VALUES (1, 33);
INSERT INTO athlete_achievements (achievement_id, athlete_id) VALUES (29, 33);
INSERT INTO athlete_achievements (achievement_id, athlete_id) VALUES (10, 33);
INSERT INTO athlete_achievements (achievement_id, athlete_id) VALUES (8, 33);
INSERT INTO athlete_achievements (achievement_id, athlete_id) VALUES (17, 33);
INSERT INTO athlete_achievements (achievement_id, athlete_id) VALUES (12, 33);
INSERT INTO athlete_achievements (achievement_id, athlete_id) VALUES (13, 33);
INSERT INTO athlete_achievements (achievement_id, athlete_id) VALUES (2, 33);
INSERT INTO athlete_achievements (achievement_id, athlete_id) VALUES (24, 33);
INSERT INTO athlete_achievements (achievement_id, athlete_id) VALUES (27, 33);
INSERT INTO athlete_achievements (achievement_id, athlete_id) VALUES (22, 33);
INSERT INTO athlete_achievements (achievement_id, athlete_id) VALUES (16, 33);
INSERT INTO athlete_achievements (achievement_id, athlete_id) VALUES (15, 33);
INSERT INTO athlete_achievements (achievement_id, athlete_id) VALUES (25, 33);
INSERT INTO athlete_achievements (achievement_id, athlete_id) VALUES (4, 33);
INSERT INTO athlete_achievements (achievement_id, athlete_id) VALUES (30, 33);
INSERT INTO athlete_achievements (achievement_id, athlete_id) VALUES (19, 33);
INSERT INTO athlete_achievements (achievement_id, athlete_id) VALUES (18, 34);
INSERT INTO athlete_achievements (achievement_id, athlete_id) VALUES (13, 34);
INSERT INTO athlete_achievements (achievement_id, athlete_id) VALUES (21, 35);
INSERT INTO athlete_achievements (achievement_id, athlete_id) VALUES (20, 35);
INSERT INTO athlete_achievements (achievement_id, athlete_id) VALUES (17, 35);
INSERT INTO athlete_achievements (achievement_id, athlete_id) VALUES (1, 35);
INSERT INTO athlete_achievements (achievement_id, athlete_id) VALUES (10, 35);
INSERT INTO athlete_achievements (achievement_id, athlete_id) VALUES (7, 35);
INSERT INTO athlete_achievements (achievement_id, athlete_id) VALUES (11, 35);
INSERT INTO athlete_achievements (achievement_id, athlete_id) VALUES (8, 35);
INSERT INTO athlete_achievements (achievement_id, athlete_id) VALUES (26, 35);
INSERT INTO athlete_achievements (achievement_id, athlete_id) VALUES (18, 35);
INSERT INTO athlete_achievements (achievement_id, athlete_id) VALUES (12, 35);
INSERT INTO athlete_achievements (achievement_id, athlete_id) VALUES (3, 35);
INSERT INTO athlete_achievements (achievement_id, athlete_id) VALUES (4, 35);
INSERT INTO athlete_achievements (achievement_id, athlete_id) VALUES (9, 35);
INSERT INTO athlete_achievements (achievement_id, athlete_id) VALUES (14, 35);
INSERT INTO athlete_achievements (achievement_id, athlete_id) VALUES (27, 35);
INSERT INTO athlete_achievements (achievement_id, athlete_id) VALUES (13, 35);
INSERT INTO athlete_achievements (achievement_id, athlete_id) VALUES (22, 35);
INSERT INTO athlete_achievements (achievement_id, athlete_id) VALUES (24, 35);
INSERT INTO athlete_achievements (achievement_id, athlete_id) VALUES (6, 35);
INSERT INTO athlete_achievements (achievement_id, athlete_id) VALUES (5, 36);
INSERT INTO athlete_achievements (achievement_id, athlete_id) VALUES (3, 36);
INSERT INTO athlete_achievements (achievement_id, athlete_id) VALUES (4, 36);
INSERT INTO athlete_achievements (achievement_id, athlete_id) VALUES (7, 36);
INSERT INTO athlete_achievements (achievement_id, athlete_id) VALUES (19, 36);
INSERT INTO athlete_achievements (achievement_id, athlete_id) VALUES (15, 36);
INSERT INTO athlete_achievements (achievement_id, athlete_id) VALUES (29, 36);
INSERT INTO athlete_achievements (achievement_id, athlete_id) VALUES (16, 36);
INSERT INTO athlete_achievements (achievement_id, athlete_id) VALUES (18, 36);
INSERT INTO athlete_achievements (achievement_id, athlete_id) VALUES (8, 36);
INSERT INTO athlete_achievements (achievement_id, athlete_id) VALUES (26, 36);
INSERT INTO athlete_achievements (achievement_id, athlete_id) VALUES (17, 37);
INSERT INTO athlete_achievements (achievement_id, athlete_id) VALUES (14, 37);
INSERT INTO athlete_achievements (achievement_id, athlete_id) VALUES (13, 37);
INSERT INTO athlete_achievements (achievement_id, athlete_id) VALUES (27, 37);
INSERT INTO athlete_achievements (achievement_id, athlete_id) VALUES (26, 37);
INSERT INTO athlete_achievements (achievement_id, athlete_id) VALUES (2, 37);
INSERT INTO athlete_achievements (achievement_id, athlete_id) VALUES (24, 37);
INSERT INTO athlete_achievements (achievement_id, athlete_id) VALUES (29, 37);
INSERT INTO athlete_achievements (achievement_id, athlete_id) VALUES (10, 37);
INSERT INTO athlete_achievements (achievement_id, athlete_id) VALUES (4, 37);
INSERT INTO athlete_achievements (achievement_id, athlete_id) VALUES (18, 37);
INSERT INTO athlete_achievements (achievement_id, athlete_id) VALUES (8, 37);
INSERT INTO athlete_achievements (achievement_id, athlete_id) VALUES (20, 37);
INSERT INTO athlete_achievements (achievement_id, athlete_id) VALUES (15, 37);
INSERT INTO athlete_achievements (achievement_id, athlete_id) VALUES (5, 37);
INSERT INTO athlete_achievements (achievement_id, athlete_id) VALUES (16, 37);
INSERT INTO athlete_achievements (achievement_id, athlete_id) VALUES (22, 37);
INSERT INTO athlete_achievements (achievement_id, athlete_id) VALUES (10, 38);
INSERT INTO athlete_achievements (achievement_id, athlete_id) VALUES (24, 38);
INSERT INTO athlete_achievements (achievement_id, athlete_id) VALUES (30, 38);
INSERT INTO athlete_achievements (achievement_id, athlete_id) VALUES (11, 38);
INSERT INTO athlete_achievements (achievement_id, athlete_id) VALUES (12, 38);
INSERT INTO athlete_achievements (achievement_id, athlete_id) VALUES (16, 38);
INSERT INTO athlete_achievements (achievement_id, athlete_id) VALUES (7, 38);
INSERT INTO athlete_achievements (achievement_id, athlete_id) VALUES (5, 38);
INSERT INTO athlete_achievements (achievement_id, athlete_id) VALUES (22, 38);
INSERT INTO athlete_achievements (achievement_id, athlete_id) VALUES (1, 38);
INSERT INTO athlete_achievements (achievement_id, athlete_id) VALUES (28, 38);
INSERT INTO athlete_achievements (achievement_id, athlete_id) VALUES (8, 38);
INSERT INTO athlete_achievements (achievement_id, athlete_id) VALUES (27, 38);
INSERT INTO athlete_achievements (achievement_id, athlete_id) VALUES (20, 38);
INSERT INTO athlete_achievements (achievement_id, athlete_id) VALUES (2, 38);
INSERT INTO athlete_achievements (achievement_id, athlete_id) VALUES (18, 38);
INSERT INTO athlete_achievements (achievement_id, athlete_id) VALUES (14, 38);
INSERT INTO athlete_achievements (achievement_id, athlete_id) VALUES (19, 38);
INSERT INTO athlete_achievements (achievement_id, athlete_id) VALUES (9, 38);
INSERT INTO athlete_achievements (achievement_id, athlete_id) VALUES (25, 38);
INSERT INTO athlete_achievements (achievement_id, athlete_id) VALUES (17, 38);
INSERT INTO athlete_achievements (achievement_id, athlete_id) VALUES (26, 38);
INSERT INTO athlete_achievements (achievement_id, athlete_id) VALUES (21, 38);
INSERT INTO athlete_achievements (achievement_id, athlete_id) VALUES (6, 38);
INSERT INTO athlete_achievements (achievement_id, athlete_id) VALUES (1, 39);
INSERT INTO athlete_achievements (achievement_id, athlete_id) VALUES (3, 39);
INSERT INTO athlete_achievements (achievement_id, athlete_id) VALUES (11, 39);
INSERT INTO athlete_achievements (achievement_id, athlete_id) VALUES (17, 39);
INSERT INTO athlete_achievements (achievement_id, athlete_id) VALUES (19, 39);
INSERT INTO athlete_achievements (achievement_id, athlete_id) VALUES (24, 39);
INSERT INTO athlete_achievements (achievement_id, athlete_id) VALUES (9, 39);
INSERT INTO athlete_achievements (achievement_id, athlete_id) VALUES (25, 39);
INSERT INTO athlete_achievements (achievement_id, athlete_id) VALUES (16, 39);
INSERT INTO athlete_achievements (achievement_id, athlete_id) VALUES (10, 39);
INSERT INTO athlete_achievements (achievement_id, athlete_id) VALUES (20, 39);
INSERT INTO athlete_achievements (achievement_id, athlete_id) VALUES (2, 39);
INSERT INTO athlete_achievements (achievement_id, athlete_id) VALUES (7, 39);
INSERT INTO athlete_achievements (achievement_id, athlete_id) VALUES (8, 39);
INSERT INTO athlete_achievements (achievement_id, athlete_id) VALUES (23, 39);
INSERT INTO athlete_achievements (achievement_id, athlete_id) VALUES (29, 39);
INSERT INTO athlete_achievements (achievement_id, athlete_id) VALUES (26, 39);
INSERT INTO athlete_achievements (achievement_id, athlete_id) VALUES (4, 40);
INSERT INTO athlete_achievements (achievement_id, athlete_id) VALUES (25, 40);
INSERT INTO athlete_achievements (achievement_id, athlete_id) VALUES (30, 40);
INSERT INTO athlete_achievements (achievement_id, athlete_id) VALUES (22, 40);
INSERT INTO athlete_achievements (achievement_id, athlete_id) VALUES (1, 40);
INSERT INTO athlete_achievements (achievement_id, athlete_id) VALUES (10, 40);
INSERT INTO athlete_achievements (achievement_id, athlete_id) VALUES (29, 40);
INSERT INTO athlete_achievements (achievement_id, athlete_id) VALUES (8, 40);
INSERT INTO athlete_achievements (achievement_id, athlete_id) VALUES (5, 41);
INSERT INTO athlete_achievements (achievement_id, athlete_id) VALUES (17, 41);
INSERT INTO athlete_achievements (achievement_id, athlete_id) VALUES (16, 41);
INSERT INTO athlete_achievements (achievement_id, athlete_id) VALUES (15, 41);
INSERT INTO athlete_achievements (achievement_id, athlete_id) VALUES (10, 41);
INSERT INTO athlete_achievements (achievement_id, athlete_id) VALUES (22, 41);
INSERT INTO athlete_achievements (achievement_id, athlete_id) VALUES (6, 41);
INSERT INTO athlete_achievements (achievement_id, athlete_id) VALUES (3, 41);
INSERT INTO athlete_achievements (achievement_id, athlete_id) VALUES (30, 41);
INSERT INTO athlete_achievements (achievement_id, athlete_id) VALUES (11, 41);
INSERT INTO athlete_achievements (achievement_id, athlete_id) VALUES (12, 41);
INSERT INTO athlete_achievements (achievement_id, athlete_id) VALUES (4, 41);
INSERT INTO athlete_achievements (achievement_id, athlete_id) VALUES (14, 41);
INSERT INTO athlete_achievements (achievement_id, athlete_id) VALUES (24, 41);
INSERT INTO athlete_achievements (achievement_id, athlete_id) VALUES (23, 41);
INSERT INTO athlete_achievements (achievement_id, athlete_id) VALUES (1, 41);
INSERT INTO athlete_achievements (achievement_id, athlete_id) VALUES (8, 41);
INSERT INTO athlete_achievements (achievement_id, athlete_id) VALUES (18, 41);
INSERT INTO athlete_achievements (achievement_id, athlete_id) VALUES (13, 41);
INSERT INTO athlete_achievements (achievement_id, athlete_id) VALUES (21, 41);
INSERT INTO athlete_achievements (achievement_id, athlete_id) VALUES (19, 41);
INSERT INTO athlete_achievements (achievement_id, athlete_id) VALUES (20, 41);
INSERT INTO athlete_achievements (achievement_id, athlete_id) VALUES (9, 41);
INSERT INTO athlete_achievements (achievement_id, athlete_id) VALUES (27, 41);
INSERT INTO athlete_achievements (achievement_id, athlete_id) VALUES (25, 41);
INSERT INTO athlete_achievements (achievement_id, athlete_id) VALUES (2, 41);
INSERT INTO athlete_achievements (achievement_id, athlete_id) VALUES (13, 42);
INSERT INTO athlete_achievements (achievement_id, athlete_id) VALUES (20, 42);
INSERT INTO athlete_achievements (achievement_id, athlete_id) VALUES (11, 42);
INSERT INTO athlete_achievements (achievement_id, athlete_id) VALUES (7, 42);
INSERT INTO athlete_achievements (achievement_id, athlete_id) VALUES (22, 42);
INSERT INTO athlete_achievements (achievement_id, athlete_id) VALUES (9, 43);
INSERT INTO athlete_achievements (achievement_id, athlete_id) VALUES (15, 43);
INSERT INTO athlete_achievements (achievement_id, athlete_id) VALUES (2, 43);
INSERT INTO athlete_achievements (achievement_id, athlete_id) VALUES (12, 43);
INSERT INTO athlete_achievements (achievement_id, athlete_id) VALUES (16, 43);
INSERT INTO athlete_achievements (achievement_id, athlete_id) VALUES (22, 43);
INSERT INTO athlete_achievements (achievement_id, athlete_id) VALUES (13, 43);
INSERT INTO athlete_achievements (achievement_id, athlete_id) VALUES (14, 43);
INSERT INTO athlete_achievements (achievement_id, athlete_id) VALUES (25, 43);
INSERT INTO athlete_achievements (achievement_id, athlete_id) VALUES (30, 43);
INSERT INTO athlete_achievements (achievement_id, athlete_id) VALUES (4, 43);
INSERT INTO athlete_achievements (achievement_id, athlete_id) VALUES (6, 43);
INSERT INTO athlete_achievements (achievement_id, athlete_id) VALUES (8, 43);
INSERT INTO athlete_achievements (achievement_id, athlete_id) VALUES (21, 43);
INSERT INTO athlete_achievements (achievement_id, athlete_id) VALUES (19, 43);
INSERT INTO athlete_achievements (achievement_id, athlete_id) VALUES (29, 43);
INSERT INTO athlete_achievements (achievement_id, athlete_id) VALUES (24, 43);
INSERT INTO athlete_achievements (achievement_id, athlete_id) VALUES (17, 43);
INSERT INTO athlete_achievements (achievement_id, athlete_id) VALUES (27, 43);
INSERT INTO athlete_achievements (achievement_id, athlete_id) VALUES (11, 43);
INSERT INTO athlete_achievements (achievement_id, athlete_id) VALUES (20, 43);
INSERT INTO athlete_achievements (achievement_id, athlete_id) VALUES (5, 43);
INSERT INTO athlete_achievements (achievement_id, athlete_id) VALUES (23, 43);
INSERT INTO athlete_achievements (achievement_id, athlete_id) VALUES (3, 43);
INSERT INTO athlete_achievements (achievement_id, athlete_id) VALUES (28, 43);
INSERT INTO athlete_achievements (achievement_id, athlete_id) VALUES (26, 43);
INSERT INTO athlete_achievements (achievement_id, athlete_id) VALUES (10, 44);
INSERT INTO athlete_achievements (achievement_id, athlete_id) VALUES (15, 44);
INSERT INTO athlete_achievements (achievement_id, athlete_id) VALUES (25, 44);
INSERT INTO athlete_achievements (achievement_id, athlete_id) VALUES (26, 44);
INSERT INTO athlete_achievements (achievement_id, athlete_id) VALUES (14, 44);
INSERT INTO athlete_achievements (achievement_id, athlete_id) VALUES (18, 44);
INSERT INTO athlete_achievements (achievement_id, athlete_id) VALUES (4, 44);
INSERT INTO athlete_achievements (achievement_id, athlete_id) VALUES (17, 44);
INSERT INTO athlete_achievements (achievement_id, athlete_id) VALUES (6, 44);
INSERT INTO athlete_achievements (achievement_id, athlete_id) VALUES (28, 44);
INSERT INTO athlete_achievements (achievement_id, athlete_id) VALUES (24, 44);
INSERT INTO athlete_achievements (achievement_id, athlete_id) VALUES (11, 44);
INSERT INTO athlete_achievements (achievement_id, athlete_id) VALUES (22, 44);
INSERT INTO athlete_achievements (achievement_id, athlete_id) VALUES (3, 45);
INSERT INTO athlete_achievements (achievement_id, athlete_id) VALUES (15, 45);
INSERT INTO athlete_achievements (achievement_id, athlete_id) VALUES (30, 45);
INSERT INTO athlete_achievements (achievement_id, athlete_id) VALUES (20, 45);
INSERT INTO athlete_achievements (achievement_id, athlete_id) VALUES (29, 45);
INSERT INTO athlete_achievements (achievement_id, athlete_id) VALUES (9, 45);
INSERT INTO athlete_achievements (achievement_id, athlete_id) VALUES (12, 46);
INSERT INTO athlete_achievements (achievement_id, athlete_id) VALUES (29, 46);
INSERT INTO athlete_achievements (achievement_id, athlete_id) VALUES (23, 46);
INSERT INTO athlete_achievements (achievement_id, athlete_id) VALUES (3, 46);
INSERT INTO athlete_achievements (achievement_id, athlete_id) VALUES (16, 46);
INSERT INTO athlete_achievements (achievement_id, athlete_id) VALUES (14, 47);
INSERT INTO athlete_achievements (achievement_id, athlete_id) VALUES (6, 47);
INSERT INTO athlete_achievements (achievement_id, athlete_id) VALUES (7, 47);
INSERT INTO athlete_achievements (achievement_id, athlete_id) VALUES (18, 47);
INSERT INTO athlete_achievements (achievement_id, athlete_id) VALUES (15, 47);
INSERT INTO athlete_achievements (achievement_id, athlete_id) VALUES (25, 47);
INSERT INTO athlete_achievements (achievement_id, athlete_id) VALUES (1, 47);
INSERT INTO athlete_achievements (achievement_id, athlete_id) VALUES (30, 47);
INSERT INTO athlete_achievements (achievement_id, athlete_id) VALUES (19, 47);
INSERT INTO athlete_achievements (achievement_id, athlete_id) VALUES (11, 47);
INSERT INTO athlete_achievements (achievement_id, athlete_id) VALUES (26, 47);
INSERT INTO athlete_achievements (achievement_id, athlete_id) VALUES (12, 47);
INSERT INTO athlete_achievements (achievement_id, athlete_id) VALUES (16, 48);
INSERT INTO athlete_achievements (achievement_id, athlete_id) VALUES (10, 48);
INSERT INTO athlete_achievements (achievement_id, athlete_id) VALUES (14, 48);
INSERT INTO athlete_achievements (achievement_id, athlete_id) VALUES (2, 48);
INSERT INTO athlete_achievements (achievement_id, athlete_id) VALUES (13, 48);
INSERT INTO athlete_achievements (achievement_id, athlete_id) VALUES (11, 48);
INSERT INTO athlete_achievements (achievement_id, athlete_id) VALUES (15, 49);
INSERT INTO athlete_achievements (achievement_id, athlete_id) VALUES (21, 49);
INSERT INTO athlete_achievements (achievement_id, athlete_id) VALUES (11, 49);
INSERT INTO athlete_achievements (achievement_id, athlete_id) VALUES (28, 49);
INSERT INTO athlete_achievements (achievement_id, athlete_id) VALUES (1, 49);
INSERT INTO athlete_achievements (achievement_id, athlete_id) VALUES (5, 49);
INSERT INTO athlete_achievements (achievement_id, athlete_id) VALUES (9, 49);
INSERT INTO athlete_achievements (achievement_id, athlete_id) VALUES (7, 49);
INSERT INTO athlete_achievements (achievement_id, athlete_id) VALUES (23, 49);
INSERT INTO athlete_achievements (achievement_id, athlete_id) VALUES (2, 49);
INSERT INTO athlete_achievements (achievement_id, athlete_id) VALUES (26, 49);
INSERT INTO athlete_achievements (achievement_id, athlete_id) VALUES (25, 49);
INSERT INTO athlete_achievements (achievement_id, athlete_id) VALUES (10, 50);
INSERT INTO athlete_achievements (achievement_id, athlete_id) VALUES (25, 50);
INSERT INTO athlete_achievements (achievement_id, athlete_id) VALUES (15, 50);
INSERT INTO athlete_achievements (achievement_id, athlete_id) VALUES (23, 50);
INSERT INTO athlete_achievements (achievement_id, athlete_id) VALUES (17, 50);
INSERT INTO athlete_achievements (achievement_id, athlete_id) VALUES (27, 50);
INSERT INTO athlete_achievements (achievement_id, athlete_id) VALUES (24, 50);
INSERT INTO athlete_achievements (achievement_id, athlete_id) VALUES (28, 50);
INSERT INTO athlete_achievements (achievement_id, athlete_id) VALUES (1, 50);
INSERT INTO athlete_achievements (achievement_id, athlete_id) VALUES (14, 50);
INSERT INTO athlete_achievements (achievement_id, athlete_id) VALUES (19, 50);
INSERT INTO athlete_achievements (achievement_id, athlete_id) VALUES (18, 50);
INSERT INTO athlete_achievements (achievement_id, athlete_id) VALUES (5, 50);
INSERT INTO athlete_achievements (achievement_id, athlete_id) VALUES (6, 50);
INSERT INTO athlete_achievements (achievement_id, athlete_id) VALUES (22, 50);
INSERT INTO athlete_achievements (achievement_id, athlete_id) VALUES (12, 50);
INSERT INTO athlete_achievements (achievement_id, athlete_id) VALUES (29, 50);
INSERT INTO athlete_achievements (achievement_id, athlete_id) VALUES (4, 50);
INSERT INTO athlete_achievements (achievement_id, athlete_id) VALUES (21, 50);
INSERT INTO athlete_achievements (achievement_id, athlete_id) VALUES (26, 50);
INSERT INTO athlete_achievements (achievement_id, athlete_id) VALUES (3, 50);
INSERT INTO athlete_achievements (achievement_id, athlete_id) VALUES (13, 50);
INSERT INTO overall (cat_id, id) VALUES (1, 1);
INSERT INTO overall (cat_id, id) VALUES (2, 2);
INSERT INTO overall (cat_id, id) VALUES (3, 3);
INSERT INTO overall (cat_id, id) VALUES (4, 4);
INSERT INTO overall (cat_id, id) VALUES (5, 5);
INSERT INTO overall (cat_id, id) VALUES (6, 6);
INSERT INTO overall (cat_id, id) VALUES (7, 7);
INSERT INTO overall (cat_id, id) VALUES (8, 8);
INSERT INTO overall (cat_id, id) VALUES (9, 9);
INSERT INTO overall (cat_id, id) VALUES (10, 10);
INSERT INTO overall_athletes (athlete_id, overall_id) VALUES (50, 1);
INSERT INTO overall_athletes (athlete_id, overall_id) VALUES (42, 1);
INSERT INTO overall_athletes (athlete_id, overall_id) VALUES (19, 1);
INSERT INTO overall_athletes (athlete_id, overall_id) VALUES (36, 1);
INSERT INTO overall_athletes (athlete_id, overall_id) VALUES (28, 1);
INSERT INTO overall_athletes (athlete_id, overall_id) VALUES (40, 1);
INSERT INTO overall_athletes (athlete_id, overall_id) VALUES (44, 1);
INSERT INTO overall_athletes (athlete_id, overall_id) VALUES (23, 1);
INSERT INTO overall_athletes (athlete_id, overall_id) VALUES (49, 1);
INSERT INTO overall_athletes (athlete_id, overall_id) VALUES (17, 1);
INSERT INTO overall_athletes (athlete_id, overall_id) VALUES (15, 1);
INSERT INTO overall_athletes (athlete_id, overall_id) VALUES (30, 1);
INSERT INTO overall_athletes (athlete_id, overall_id) VALUES (45, 1);
INSERT INTO overall_athletes (athlete_id, overall_id) VALUES (27, 1);
INSERT INTO overall_athletes (athlete_id, overall_id) VALUES (41, 1);
INSERT INTO overall_athletes (athlete_id, overall_id) VALUES (24, 1);
INSERT INTO overall_athletes (athlete_id, overall_id) VALUES (33, 1);
INSERT INTO overall_athletes (athlete_id, overall_id) VALUES (39, 1);
INSERT INTO overall_athletes (athlete_id, overall_id) VALUES (12, 2);
INSERT INTO overall_athletes (athlete_id, overall_id) VALUES (25, 2);
INSERT INTO overall_athletes (athlete_id, overall_id) VALUES (22, 2);
INSERT INTO overall_athletes (athlete_id, overall_id) VALUES (1, 2);
INSERT INTO overall_athletes (athlete_id, overall_id) VALUES (6, 2);
INSERT INTO overall_athletes (athlete_id, overall_id) VALUES (5, 2);
INSERT INTO overall_athletes (athlete_id, overall_id) VALUES (28, 2);
INSERT INTO overall_athletes (athlete_id, overall_id) VALUES (23, 2);
INSERT INTO overall_athletes (athlete_id, overall_id) VALUES (44, 2);
INSERT INTO overall_athletes (athlete_id, overall_id) VALUES (11, 2);
INSERT INTO overall_athletes (athlete_id, overall_id) VALUES (16, 2);
INSERT INTO overall_athletes (athlete_id, overall_id) VALUES (14, 2);
INSERT INTO overall_athletes (athlete_id, overall_id) VALUES (41, 2);
INSERT INTO overall_athletes (athlete_id, overall_id) VALUES (27, 2);
INSERT INTO overall_athletes (athlete_id, overall_id) VALUES (18, 2);
INSERT INTO overall_athletes (athlete_id, overall_id) VALUES (42, 2);
INSERT INTO overall_athletes (athlete_id, overall_id) VALUES (4, 2);
INSERT INTO overall_athletes (athlete_id, overall_id) VALUES (48, 2);
INSERT INTO overall_athletes (athlete_id, overall_id) VALUES (34, 2);
INSERT INTO overall_athletes (athlete_id, overall_id) VALUES (50, 2);
INSERT INTO overall_athletes (athlete_id, overall_id) VALUES (17, 2);
INSERT INTO overall_athletes (athlete_id, overall_id) VALUES (45, 2);
INSERT INTO overall_athletes (athlete_id, overall_id) VALUES (30, 2);
INSERT INTO overall_athletes (athlete_id, overall_id) VALUES (15, 2);
INSERT INTO overall_athletes (athlete_id, overall_id) VALUES (21, 2);
INSERT INTO overall_athletes (athlete_id, overall_id) VALUES (20, 2);
INSERT INTO overall_athletes (athlete_id, overall_id) VALUES (24, 2);
INSERT INTO overall_athletes (athlete_id, overall_id) VALUES (31, 2);
INSERT INTO overall_athletes (athlete_id, overall_id) VALUES (32, 2);
INSERT INTO overall_athletes (athlete_id, overall_id) VALUES (33, 2);
INSERT INTO overall_athletes (athlete_id, overall_id) VALUES (40, 2);
INSERT INTO overall_athletes (athlete_id, overall_id) VALUES (13, 2);
INSERT INTO overall_athletes (athlete_id, overall_id) VALUES (36, 2);
INSERT INTO overall_athletes (athlete_id, overall_id) VALUES (2, 2);
INSERT INTO overall_athletes (athlete_id, overall_id) VALUES (9, 2);
INSERT INTO overall_athletes (athlete_id, overall_id) VALUES (8, 2);
INSERT INTO overall_athletes (athlete_id, overall_id) VALUES (3, 2);
INSERT INTO overall_athletes (athlete_id, overall_id) VALUES (10, 2);
INSERT INTO overall_athletes (athlete_id, overall_id) VALUES (47, 2);
INSERT INTO overall_athletes (athlete_id, overall_id) VALUES (46, 2);
INSERT INTO overall_athletes (athlete_id, overall_id) VALUES (43, 2);
INSERT INTO overall_athletes (athlete_id, overall_id) VALUES (26, 2);
INSERT INTO overall_athletes (athlete_id, overall_id) VALUES (37, 2);
INSERT INTO overall_athletes (athlete_id, overall_id) VALUES (38, 2);
INSERT INTO overall_athletes (athlete_id, overall_id) VALUES (7, 2);
INSERT INTO overall_athletes (athlete_id, overall_id) VALUES (19, 2);
INSERT INTO overall_athletes (athlete_id, overall_id) VALUES (47, 3);
INSERT INTO overall_athletes (athlete_id, overall_id) VALUES (45, 3);
INSERT INTO overall_athletes (athlete_id, overall_id) VALUES (24, 3);
INSERT INTO overall_athletes (athlete_id, overall_id) VALUES (10, 3);
INSERT INTO overall_athletes (athlete_id, overall_id) VALUES (40, 3);
INSERT INTO overall_athletes (athlete_id, overall_id) VALUES (26, 3);
INSERT INTO overall_athletes (athlete_id, overall_id) VALUES (27, 3);
INSERT INTO overall_athletes (athlete_id, overall_id) VALUES (50, 3);
INSERT INTO overall_athletes (athlete_id, overall_id) VALUES (41, 3);
INSERT INTO overall_athletes (athlete_id, overall_id) VALUES (6, 3);
INSERT INTO overall_athletes (athlete_id, overall_id) VALUES (22, 3);
INSERT INTO overall_athletes (athlete_id, overall_id) VALUES (12, 3);
INSERT INTO overall_athletes (athlete_id, overall_id) VALUES (9, 3);
INSERT INTO overall_athletes (athlete_id, overall_id) VALUES (21, 3);
INSERT INTO overall_athletes (athlete_id, overall_id) VALUES (18, 3);
INSERT INTO overall_athletes (athlete_id, overall_id) VALUES (29, 3);
INSERT INTO overall_athletes (athlete_id, overall_id) VALUES (43, 3);
INSERT INTO overall_athletes (athlete_id, overall_id) VALUES (23, 3);
INSERT INTO overall_athletes (athlete_id, overall_id) VALUES (13, 3);
INSERT INTO overall_athletes (athlete_id, overall_id) VALUES (46, 3);
INSERT INTO overall_athletes (athlete_id, overall_id) VALUES (28, 3);
INSERT INTO overall_athletes (athlete_id, overall_id) VALUES (43, 4);
INSERT INTO overall_athletes (athlete_id, overall_id) VALUES (34, 4);
INSERT INTO overall_athletes (athlete_id, overall_id) VALUES (45, 4);
INSERT INTO overall_athletes (athlete_id, overall_id) VALUES (49, 4);
INSERT INTO overall_athletes (athlete_id, overall_id) VALUES (33, 4);
INSERT INTO overall_athletes (athlete_id, overall_id) VALUES (4, 4);
INSERT INTO overall_athletes (athlete_id, overall_id) VALUES (24, 4);
INSERT INTO overall_athletes (athlete_id, overall_id) VALUES (11, 4);
INSERT INTO overall_athletes (athlete_id, overall_id) VALUES (12, 4);
INSERT INTO overall_athletes (athlete_id, overall_id) VALUES (18, 4);
INSERT INTO overall_athletes (athlete_id, overall_id) VALUES (9, 4);
INSERT INTO overall_athletes (athlete_id, overall_id) VALUES (20, 4);
INSERT INTO overall_athletes (athlete_id, overall_id) VALUES (31, 4);
INSERT INTO overall_athletes (athlete_id, overall_id) VALUES (44, 4);
INSERT INTO overall_athletes (athlete_id, overall_id) VALUES (3, 4);
INSERT INTO overall_athletes (athlete_id, overall_id) VALUES (21, 4);
INSERT INTO overall_athletes (athlete_id, overall_id) VALUES (42, 4);
INSERT INTO overall_athletes (athlete_id, overall_id) VALUES (29, 4);
INSERT INTO overall_athletes (athlete_id, overall_id) VALUES (17, 4);
INSERT INTO overall_athletes (athlete_id, overall_id) VALUES (6, 4);
INSERT INTO overall_athletes (athlete_id, overall_id) VALUES (14, 4);
INSERT INTO overall_athletes (athlete_id, overall_id) VALUES (41, 4);
INSERT INTO overall_athletes (athlete_id, overall_id) VALUES (27, 4);
INSERT INTO overall_athletes (athlete_id, overall_id) VALUES (48, 4);
INSERT INTO overall_athletes (athlete_id, overall_id) VALUES (3, 5);
INSERT INTO overall_athletes (athlete_id, overall_id) VALUES (5, 5);
INSERT INTO overall_athletes (athlete_id, overall_id) VALUES (6, 5);
INSERT INTO overall_athletes (athlete_id, overall_id) VALUES (8, 5);
INSERT INTO overall_athletes (athlete_id, overall_id) VALUES (46, 5);
INSERT INTO overall_athletes (athlete_id, overall_id) VALUES (45, 6);
INSERT INTO overall_athletes (athlete_id, overall_id) VALUES (6, 6);
INSERT INTO overall_athletes (athlete_id, overall_id) VALUES (35, 6);
INSERT INTO overall_athletes (athlete_id, overall_id) VALUES (22, 6);
INSERT INTO overall_athletes (athlete_id, overall_id) VALUES (36, 6);
INSERT INTO overall_athletes (athlete_id, overall_id) VALUES (9, 6);
INSERT INTO overall_athletes (athlete_id, overall_id) VALUES (16, 6);
INSERT INTO overall_athletes (athlete_id, overall_id) VALUES (21, 6);
INSERT INTO overall_athletes (athlete_id, overall_id) VALUES (11, 6);
INSERT INTO overall_athletes (athlete_id, overall_id) VALUES (47, 6);
INSERT INTO overall_athletes (athlete_id, overall_id) VALUES (23, 6);
INSERT INTO overall_athletes (athlete_id, overall_id) VALUES (20, 6);
INSERT INTO overall_athletes (athlete_id, overall_id) VALUES (43, 6);
INSERT INTO overall_athletes (athlete_id, overall_id) VALUES (39, 6);
INSERT INTO overall_athletes (athlete_id, overall_id) VALUES (24, 6);
INSERT INTO overall_athletes (athlete_id, overall_id) VALUES (19, 6);
INSERT INTO overall_athletes (athlete_id, overall_id) VALUES (12, 6);
INSERT INTO overall_athletes (athlete_id, overall_id) VALUES (27, 6);
INSERT INTO overall_athletes (athlete_id, overall_id) VALUES (4, 6);
INSERT INTO overall_athletes (athlete_id, overall_id) VALUES (28, 6);
INSERT INTO overall_athletes (athlete_id, overall_id) VALUES (49, 6);
INSERT INTO overall_athletes (athlete_id, overall_id) VALUES (33, 6);
INSERT INTO overall_athletes (athlete_id, overall_id) VALUES (7, 6);
INSERT INTO overall_athletes (athlete_id, overall_id) VALUES (44, 7);
INSERT INTO overall_athletes (athlete_id, overall_id) VALUES (27, 8);
INSERT INTO overall_athletes (athlete_id, overall_id) VALUES (39, 8);
INSERT INTO overall_athletes (athlete_id, overall_id) VALUES (18, 8);
INSERT INTO overall_athletes (athlete_id, overall_id) VALUES (3, 8);
INSERT INTO overall_athletes (athlete_id, overall_id) VALUES (43, 8);
INSERT INTO overall_athletes (athlete_id, overall_id) VALUES (45, 8);
INSERT INTO overall_athletes (athlete_id, overall_id) VALUES (7, 8);
INSERT INTO overall_athletes (athlete_id, overall_id) VALUES (16, 8);
INSERT INTO overall_athletes (athlete_id, overall_id) VALUES (9, 8);
INSERT INTO overall_athletes (athlete_id, overall_id) VALUES (28, 8);
INSERT INTO overall_athletes (athlete_id, overall_id) VALUES (23, 8);
INSERT INTO overall_athletes (athlete_id, overall_id) VALUES (22, 8);
INSERT INTO overall_athletes (athlete_id, overall_id) VALUES (19, 8);
INSERT INTO overall_athletes (athlete_id, overall_id) VALUES (13, 8);
INSERT INTO overall_athletes (athlete_id, overall_id) VALUES (30, 8);
INSERT INTO overall_athletes (athlete_id, overall_id) VALUES (5, 8);
INSERT INTO overall_athletes (athlete_id, overall_id) VALUES (49, 8);
INSERT INTO overall_athletes (athlete_id, overall_id) VALUES (50, 8);
INSERT INTO overall_athletes (athlete_id, overall_id) VALUES (25, 8);
INSERT INTO overall_athletes (athlete_id, overall_id) VALUES (38, 8);
INSERT INTO overall_athletes (athlete_id, overall_id) VALUES (15, 8);
INSERT INTO overall_athletes (athlete_id, overall_id) VALUES (29, 8);
INSERT INTO overall_athletes (athlete_id, overall_id) VALUES (17, 8);
INSERT INTO overall_athletes (athlete_id, overall_id) VALUES (34, 8);
INSERT INTO overall_athletes (athlete_id, overall_id) VALUES (40, 8);
INSERT INTO overall_athletes (athlete_id, overall_id) VALUES (33, 8);
INSERT INTO overall_athletes (athlete_id, overall_id) VALUES (32, 8);
INSERT INTO overall_athletes (athlete_id, overall_id) VALUES (35, 8);
INSERT INTO overall_athletes (athlete_id, overall_id) VALUES (2, 8);
INSERT INTO overall_athletes (athlete_id, overall_id) VALUES (36, 8);
INSERT INTO overall_athletes (athlete_id, overall_id) VALUES (6, 8);
INSERT INTO overall_athletes (athlete_id, overall_id) VALUES (31, 8);
INSERT INTO overall_athletes (athlete_id, overall_id) VALUES (4, 8);
INSERT INTO overall_athletes (athlete_id, overall_id) VALUES (44, 8);
INSERT INTO overall_athletes (athlete_id, overall_id) VALUES (48, 8);
INSERT INTO overall_athletes (athlete_id, overall_id) VALUES (8, 8);
INSERT INTO overall_athletes (athlete_id, overall_id) VALUES (20, 8);
INSERT INTO overall_athletes (athlete_id, overall_id) VALUES (42, 8);
INSERT INTO overall_athletes (athlete_id, overall_id) VALUES (11, 8);
INSERT INTO overall_athletes (athlete_id, overall_id) VALUES (26, 8);
INSERT INTO overall_athletes (athlete_id, overall_id) VALUES (46, 8);
INSERT INTO overall_athletes (athlete_id, overall_id) VALUES (24, 8);
INSERT INTO overall_athletes (athlete_id, overall_id) VALUES (37, 8);
INSERT INTO overall_athletes (athlete_id, overall_id) VALUES (12, 8);
INSERT INTO overall_athletes (athlete_id, overall_id) VALUES (47, 8);
INSERT INTO overall_athletes (athlete_id, overall_id) VALUES (1, 8);
INSERT INTO overall_athletes (athlete_id, overall_id) VALUES (14, 8);
INSERT INTO overall_athletes (athlete_id, overall_id) VALUES (21, 9);
INSERT INTO overall_athletes (athlete_id, overall_id) VALUES (5, 9);
INSERT INTO overall_athletes (athlete_id, overall_id) VALUES (38, 9);
INSERT INTO overall_athletes (athlete_id, overall_id) VALUES (6, 9);
INSERT INTO overall_athletes (athlete_id, overall_id) VALUES (20, 9);
INSERT INTO overall_athletes (athlete_id, overall_id) VALUES (47, 9);
INSERT INTO overall_athletes (athlete_id, overall_id) VALUES (29, 9);
INSERT INTO overall_athletes (athlete_id, overall_id) VALUES (32, 9);
INSERT INTO overall_athletes (athlete_id, overall_id) VALUES (48, 9);
INSERT INTO overall_athletes (athlete_id, overall_id) VALUES (49, 9);
INSERT INTO overall_athletes (athlete_id, overall_id) VALUES (50, 9);
INSERT INTO overall_athletes (athlete_id, overall_id) VALUES (28, 9);
INSERT INTO overall_athletes (athlete_id, overall_id) VALUES (19, 9);
INSERT INTO overall_athletes (athlete_id, overall_id) VALUES (16, 9);
INSERT INTO overall_athletes (athlete_id, overall_id) VALUES (39, 9);
INSERT INTO overall_athletes (athlete_id, overall_id) VALUES (12, 9);
INSERT INTO overall_athletes (athlete_id, overall_id) VALUES (22, 9);
INSERT INTO overall_athletes (athlete_id, overall_id) VALUES (18, 9);
INSERT INTO overall_athletes (athlete_id, overall_id) VALUES (42, 9);
INSERT INTO overall_athletes (athlete_id, overall_id) VALUES (30, 9);
INSERT INTO overall_athletes (athlete_id, overall_id) VALUES (7, 9);
INSERT INTO overall_athletes (athlete_id, overall_id) VALUES (13, 9);
INSERT INTO overall_athletes (athlete_id, overall_id) VALUES (31, 9);
INSERT INTO overall_athletes (athlete_id, overall_id) VALUES (9, 9);
INSERT INTO overall_athletes (athlete_id, overall_id) VALUES (44, 9);
INSERT INTO overall_athletes (athlete_id, overall_id) VALUES (23, 9);
INSERT INTO overall_athletes (athlete_id, overall_id) VALUES (8, 9);
INSERT INTO overall_athletes (athlete_id, overall_id) VALUES (27, 9);
INSERT INTO overall_athletes (athlete_id, overall_id) VALUES (10, 9);
INSERT INTO overall_athletes (athlete_id, overall_id) VALUES (24, 9);
INSERT INTO overall_athletes (athlete_id, overall_id) VALUES (3, 9);
INSERT INTO overall_athletes (athlete_id, overall_id) VALUES (2, 9);
INSERT INTO overall_athletes (athlete_id, overall_id) VALUES (46, 9);
INSERT INTO overall_athletes (athlete_id, overall_id) VALUES (18, 10);
INSERT INTO overall_athletes (athlete_id, overall_id) VALUES (41, 10);
INSERT INTO overall_athletes (athlete_id, overall_id) VALUES (22, 10);
INSERT INTO overall_athletes (athlete_id, overall_id) VALUES (6, 10);
INSERT INTO overall_athletes (athlete_id, overall_id) VALUES (48, 10);
INSERT INTO overall_athletes (athlete_id, overall_id) VALUES (15, 10);
INSERT INTO overall_athletes (athlete_id, overall_id) VALUES (28, 10);
INSERT INTO overall_athletes (athlete_id, overall_id) VALUES (7, 10);
INSERT INTO overall_athletes (athlete_id, overall_id) VALUES (25, 10);
INSERT INTO overall_athletes (athlete_id, overall_id) VALUES (26, 10);
INSERT INTO overall_athletes (athlete_id, overall_id) VALUES (50, 10);
INSERT INTO overall_athletes (athlete_id, overall_id) VALUES (35, 10);
INSERT INTO overall_athletes (athlete_id, overall_id) VALUES (5, 10);
INSERT INTO overall_athletes (athlete_id, overall_id) VALUES (47, 10);
INSERT INTO overall_athletes (athlete_id, overall_id) VALUES (27, 10);
INSERT INTO overall_athletes (athlete_id, overall_id) VALUES (33, 10);
INSERT INTO overall_athletes (athlete_id, overall_id) VALUES (4, 10);
INSERT INTO overall_athletes (athlete_id, overall_id) VALUES (12, 10);
INSERT INTO overall_athletes (athlete_id, overall_id) VALUES (1, 10);
INSERT INTO overall_athletes (athlete_id, overall_id) VALUES (20, 10);
INSERT INTO overall_athletes (athlete_id, overall_id) VALUES (42, 10);
INSERT INTO overall_athletes (athlete_id, overall_id) VALUES (32, 10);
