INSERT INTO category (description, gender, end_age, start_age, id, name) VALUES ('Some random description.', 'Female', 32, 11, 1, 'owner');
INSERT INTO category (description, gender, end_age, start_age, id, name) VALUES ('Some random description.', 'Female', 34, 20, 2, 'none');
INSERT INTO category (description, gender, end_age, start_age, id, name) VALUES ('Some random description.', 'Female', 30, 10, 3, 'season');
INSERT INTO category (description, gender, end_age, start_age, id, name) VALUES ('Some random description.', 'Male', 27, 17, 4, 'hear');
INSERT INTO category (description, gender, end_age, start_age, id, name) VALUES ('Some random description.', 'Male', 31, 15, 5, 'recognize');
INSERT INTO category (description, gender, end_age, start_age, id, name) VALUES ('Some random description.', 'Female', 27, 12, 6, 'manage');
INSERT INTO category (description, gender, end_age, start_age, id, name) VALUES ('Some random description.', 'Female', 27, 12, 7, 'fact');
INSERT INTO category (description, gender, end_age, start_age, id, name) VALUES ('Some random description.', 'Male', 35, 10, 8, 'chair');
INSERT INTO category (description, gender, end_age, start_age, id, name) VALUES ('Some random description.', 'Male', 28, 17, 9, 'body');
INSERT INTO category (description, gender, end_age, start_age, id, name) VALUES ('Some random description.', 'Female', 34, 13, 10, 'two');
INSERT INTO team (description, date_of_creation, location, logo_url, id, name) VALUES ('Some random description.', '2003-01-28', 'North Lindsayland', 'https://placeimg.com/724/956/any', 1, 'Johnson LLC');
INSERT INTO team (description, date_of_creation, location, logo_url, id, name) VALUES ('Some random description.', '2022-10-14', 'Allisonton', 'https://placekitten.com/828/945', 2, 'Boone-Cox');
INSERT INTO team (description, date_of_creation, location, logo_url, id, name) VALUES ('Some random description.', '2005-06-10', 'Port Derrickland', 'https://placeimg.com/517/232/any', 3, 'Allen Inc');
INSERT INTO team (description, date_of_creation, location, logo_url, id, name) VALUES ('Some random description.', '2001-12-31', 'Port Jesus', 'https://www.lorempixel.com/231/538', 4, 'Herrera Ltd');
INSERT INTO team (description, date_of_creation, location, logo_url, id, name) VALUES ('Some random description.', '2024-02-04', 'West Heather', 'https://placekitten.com/673/156', 5, 'Reilly-Lynn');
INSERT INTO team (description, date_of_creation, location, logo_url, id, name) VALUES ('Some random description.', '2021-05-17', 'Ronaldshire', 'https://dummyimage.com/984x944', 6, 'Cervantes Group');
INSERT INTO team (description, date_of_creation, location, logo_url, id, name) VALUES ('Some random description.', '2005-05-02', 'New Josephberg', 'https://dummyimage.com/629x787', 7, 'Smith, Salinas and Lane');
INSERT INTO team (description, date_of_creation, location, logo_url, id, name) VALUES ('Some random description.', '2005-06-02', 'Jerryville', 'https://placeimg.com/950/452/any', 8, 'Robles-Jackson');
INSERT INTO team (description, date_of_creation, location, logo_url, id, name) VALUES ('Some random description.', '2020-11-28', 'Port Victoriabury', 'https://www.lorempixel.com/906/401', 9, 'Campbell Inc');
INSERT INTO team (description, date_of_creation, location, logo_url, id, name) VALUES ('Some random description.', '2015-05-16', 'Loveberg', 'https://www.lorempixel.com/677/301', 10, 'Miller Group');
INSERT INTO tournament (description, end_date, start_date, location, id, name) VALUES ('Some random description.', '2018-06-22', '2018-06-21', 'Sullivanville', 1, 'mind');
INSERT INTO tournament (description, end_date, start_date, location, id, name) VALUES ('Some random description.', '2001-08-05', '2001-07-30', 'East Jacquelinemouth', 2, 'organization');
INSERT INTO tournament (description, end_date, start_date, location, id, name) VALUES ('Some random description.', '2015-05-31', '2015-05-30', 'Huntstad', 3, 'those');
INSERT INTO tournament (description, end_date, start_date, location, id, name) VALUES ('Some random description.', '2017-12-22', '2017-12-21', 'Jillbury', 4, 'situation');
INSERT INTO tournament (description, end_date, start_date, location, id, name) VALUES ('Some random description.', '2002-01-15', '2002-01-12', 'Lake Nathanfurt', 5, 'anyone');
INSERT INTO tournament (description, end_date, start_date, location, id, name) VALUES ('Some random description.', '2013-02-09', '2013-02-08', 'Ryanstad', 6, 'measure');
INSERT INTO tournament (description, end_date, start_date, location, id, name) VALUES ('Some random description.', '2009-05-02', '2009-04-24', 'Rodriguezmouth', 7, 'nice');
INSERT INTO tournament (description, end_date, start_date, location, id, name) VALUES ('Some random description.', '2008-01-13', '2008-01-06', 'North Ashley', 8, 'movie');
INSERT INTO tournament (description, end_date, start_date, location, id, name) VALUES ('Some random description.', '2012-05-19', '2012-05-11', 'Christopherfurt', 9, 'nearly');
INSERT INTO tournament (description, end_date, start_date, location, id, name) VALUES ('Some random description.', '2016-11-21', '2016-11-12', 'Parkerland', 10, 'issue');
INSERT INTO athlete (profile_photo_url, gender, team_id, join_date, date_of_birth, id, name) VALUES ('https://placeimg.com/934/814/any', 'Female', 9, '2021-09-23', '1946-06-18', 1, 'Pamela Ward');
INSERT INTO athlete (profile_photo_url, gender, team_id, join_date, date_of_birth, id, name) VALUES ('https://dummyimage.com/762x950', 'Male', 8, '2001-08-24', '1909-07-12', 2, 'Lisa Byrd');
INSERT INTO athlete (profile_photo_url, gender, team_id, join_date, date_of_birth, id, name) VALUES ('https://www.lorempixel.com/559/910', 'Female', 2, '2019-08-08', '1958-10-31', 3, 'Maria Walker');
INSERT INTO athlete (profile_photo_url, gender, team_id, join_date, date_of_birth, id, name) VALUES ('https://placekitten.com/671/672', 'Female', 1, '2017-11-03', '1935-11-27', 4, 'Melissa Scott');
INSERT INTO athlete (profile_photo_url, gender, team_id, join_date, date_of_birth, id, name) VALUES ('https://placekitten.com/684/91', 'Female', 6, '2020-10-29', '1962-08-15', 5, 'Dawn Peters');
INSERT INTO athlete (profile_photo_url, gender, team_id, join_date, date_of_birth, id, name) VALUES ('https://placeimg.com/125/977/any', 'Male', 1, '2021-06-09', '1999-12-15', 6, 'Cheryl Bailey');
INSERT INTO athlete (profile_photo_url, gender, team_id, join_date, date_of_birth, id, name) VALUES ('https://www.lorempixel.com/376/368', 'Male', 4, '2007-04-22', '1959-06-06', 7, 'Molly Charles');
INSERT INTO athlete (profile_photo_url, gender, team_id, join_date, date_of_birth, id, name) VALUES ('https://dummyimage.com/882x755', 'Female', 2, '2003-05-26', '1977-10-03', 8, 'Dr. Sarah Kelly');
INSERT INTO athlete (profile_photo_url, gender, team_id, join_date, date_of_birth, id, name) VALUES ('https://placeimg.com/352/428/any', 'Male', 3, '2016-05-20', '1971-08-04', 9, 'Jessica Griffith');
INSERT INTO athlete (profile_photo_url, gender, team_id, join_date, date_of_birth, id, name) VALUES ('https://placekitten.com/679/233', 'Male', 10, '2002-05-19', '1977-06-29', 10, 'Jessica Smith');
INSERT INTO athlete (profile_photo_url, gender, team_id, join_date, date_of_birth, id, name) VALUES ('https://placekitten.com/958/274', 'Male', 8, '2023-07-08', '1992-03-18', 11, 'William Rhodes');
INSERT INTO athlete (profile_photo_url, gender, team_id, join_date, date_of_birth, id, name) VALUES ('https://www.lorempixel.com/731/266', 'Female', 1, '2006-07-25', '1947-04-06', 12, 'Alfred Brandt');
INSERT INTO athlete (profile_photo_url, gender, team_id, join_date, date_of_birth, id, name) VALUES ('https://placeimg.com/420/384/any', 'Male', 8, '2019-02-15', '1927-11-27', 13, 'Mrs. Carol Kirk');
INSERT INTO athlete (profile_photo_url, gender, team_id, join_date, date_of_birth, id, name) VALUES ('https://dummyimage.com/938x449', 'Female', 6, '2023-07-07', '1957-01-24', 14, 'Brandon Moore');
INSERT INTO athlete (profile_photo_url, gender, team_id, join_date, date_of_birth, id, name) VALUES ('https://www.lorempixel.com/710/551', 'Female', 5, '2008-06-07', '1917-09-26', 15, 'Mr. Michael Johnson');
INSERT INTO athlete (profile_photo_url, gender, team_id, join_date, date_of_birth, id, name) VALUES ('https://placeimg.com/749/462/any', 'Female', 7, '2000-12-22', '1960-07-04', 16, 'Kyle Mccormick');
INSERT INTO athlete (profile_photo_url, gender, team_id, join_date, date_of_birth, id, name) VALUES ('https://placeimg.com/28/1008/any', 'Male', 9, '2005-11-07', '2020-11-18', 17, 'Rachael Ford');
INSERT INTO athlete (profile_photo_url, gender, team_id, join_date, date_of_birth, id, name) VALUES ('https://placeimg.com/441/154/any', 'Male', 3, '2020-04-29', '1917-10-03', 18, 'Tyler Davis');
INSERT INTO athlete (profile_photo_url, gender, team_id, join_date, date_of_birth, id, name) VALUES ('https://placekitten.com/648/672', 'Female', 5, '2019-10-08', '2018-02-04', 19, 'Jason Baker');
INSERT INTO athlete (profile_photo_url, gender, team_id, join_date, date_of_birth, id, name) VALUES ('https://placeimg.com/693/916/any', 'Female', 8, '2019-05-29', '1967-09-28', 20, 'Allison Green');
INSERT INTO athlete (profile_photo_url, gender, team_id, join_date, date_of_birth, id, name) VALUES ('https://www.lorempixel.com/698/726', 'Female', 6, '2008-08-31', '1975-08-03', 21, 'Thomas Brown');
INSERT INTO athlete (profile_photo_url, gender, team_id, join_date, date_of_birth, id, name) VALUES ('https://placekitten.com/1003/970', 'Female', 8, '2017-08-14', '1972-07-07', 22, 'Richard Daniels');
INSERT INTO athlete (profile_photo_url, gender, team_id, join_date, date_of_birth, id, name) VALUES ('https://www.lorempixel.com/822/7', 'Male', 4, '2009-09-11', '2007-06-09', 23, 'Tanner Munoz');
INSERT INTO athlete (profile_photo_url, gender, team_id, join_date, date_of_birth, id, name) VALUES ('https://placekitten.com/120/435', 'Male', 7, '2010-06-14', '1911-01-23', 24, 'Michelle Valencia');
INSERT INTO athlete (profile_photo_url, gender, team_id, join_date, date_of_birth, id, name) VALUES ('https://placeimg.com/536/760/any', 'Female', 5, '2012-05-14', '2000-04-04', 25, 'Dr. Michael Hendricks');
INSERT INTO athlete (profile_photo_url, gender, team_id, join_date, date_of_birth, id, name) VALUES ('https://www.lorempixel.com/404/562', 'Female', 1, '2017-11-23', '1944-04-30', 26, 'Melissa Gibson');
INSERT INTO athlete (profile_photo_url, gender, team_id, join_date, date_of_birth, id, name) VALUES ('https://placeimg.com/52/315/any', 'Female', 6, '2008-08-05', '1942-12-19', 27, 'Todd Baker');
INSERT INTO athlete (profile_photo_url, gender, team_id, join_date, date_of_birth, id, name) VALUES ('https://placeimg.com/284/866/any', 'Male', 10, '2016-03-19', '2005-07-05', 28, 'Charles Schmidt');
INSERT INTO athlete (profile_photo_url, gender, team_id, join_date, date_of_birth, id, name) VALUES ('https://dummyimage.com/898x380', 'Male', 3, '2016-09-08', '1989-04-25', 29, 'Gary Brooks');
INSERT INTO athlete (profile_photo_url, gender, team_id, join_date, date_of_birth, id, name) VALUES ('https://dummyimage.com/440x382', 'Female', 2, '2001-08-06', '2004-04-06', 30, 'Chad Davis');
INSERT INTO athlete (profile_photo_url, gender, team_id, join_date, date_of_birth, id, name) VALUES ('https://dummyimage.com/494x57', 'Female', 5, '2017-08-29', '1930-11-08', 31, 'Gerald Burgess');
INSERT INTO athlete (profile_photo_url, gender, team_id, join_date, date_of_birth, id, name) VALUES ('https://placekitten.com/750/973', 'Male', 2, '2022-01-28', '1973-04-27', 32, 'Jorge Watson');
INSERT INTO athlete (profile_photo_url, gender, team_id, join_date, date_of_birth, id, name) VALUES ('https://placeimg.com/900/363/any', 'Male', 5, '2000-01-29', '1923-02-23', 33, 'Jordan Mclean');
INSERT INTO athlete (profile_photo_url, gender, team_id, join_date, date_of_birth, id, name) VALUES ('https://www.lorempixel.com/998/246', 'Female', 5, '2022-07-18', '1923-05-26', 34, 'Tamara Roberts');
INSERT INTO athlete (profile_photo_url, gender, team_id, join_date, date_of_birth, id, name) VALUES ('https://dummyimage.com/673x962', 'Male', 4, '2006-04-24', '1999-04-02', 35, 'Shirley Arnold');
INSERT INTO athlete (profile_photo_url, gender, team_id, join_date, date_of_birth, id, name) VALUES ('https://www.lorempixel.com/79/933', 'Male', 5, '2022-12-17', '1977-12-23', 36, 'Jessica Acevedo');
INSERT INTO athlete (profile_photo_url, gender, team_id, join_date, date_of_birth, id, name) VALUES ('https://www.lorempixel.com/305/183', 'Male', 2, '2010-04-11', '1917-04-06', 37, 'Daniel Black');
INSERT INTO athlete (profile_photo_url, gender, team_id, join_date, date_of_birth, id, name) VALUES ('https://placekitten.com/4/803', 'Female', 9, '2009-08-13', '2009-11-07', 38, 'Ellen Stevens');
INSERT INTO athlete (profile_photo_url, gender, team_id, join_date, date_of_birth, id, name) VALUES ('https://www.lorempixel.com/917/648', 'Female', 7, '2015-03-06', '1954-11-12', 39, 'Kelsey Anderson');
INSERT INTO athlete (profile_photo_url, gender, team_id, join_date, date_of_birth, id, name) VALUES ('https://placeimg.com/441/769/any', 'Male', 8, '2016-01-19', '1991-01-22', 40, 'Mary Foster');
INSERT INTO athlete (profile_photo_url, gender, team_id, join_date, date_of_birth, id, name) VALUES ('https://www.lorempixel.com/575/87', 'Male', 3, '2011-03-12', '1920-03-09', 41, 'Richard Wilkins');
INSERT INTO athlete (profile_photo_url, gender, team_id, join_date, date_of_birth, id, name) VALUES ('https://dummyimage.com/220x832', 'Male', 10, '2021-03-25', '1972-10-19', 42, 'Trevor Morgan');
INSERT INTO athlete (profile_photo_url, gender, team_id, join_date, date_of_birth, id, name) VALUES ('https://dummyimage.com/944x175', 'Male', 4, '2021-06-29', '1965-12-31', 43, 'Michael Allen');
INSERT INTO athlete (profile_photo_url, gender, team_id, join_date, date_of_birth, id, name) VALUES ('https://placeimg.com/929/912/any', 'Male', 3, '2002-06-14', '1996-01-24', 44, 'Jennifer Hill');
INSERT INTO athlete (profile_photo_url, gender, team_id, join_date, date_of_birth, id, name) VALUES ('https://dummyimage.com/483x153', 'Female', 4, '2015-11-12', '2012-12-26', 45, 'Karen Jensen');
INSERT INTO athlete (profile_photo_url, gender, team_id, join_date, date_of_birth, id, name) VALUES ('https://www.lorempixel.com/326/762', 'Male', 7, '2011-07-23', '1971-02-26', 46, 'John Smith');
INSERT INTO athlete (profile_photo_url, gender, team_id, join_date, date_of_birth, id, name) VALUES ('https://placeimg.com/975/699/any', 'Male', 6, '2009-05-24', '1955-05-14', 47, 'Kevin Baxter');
INSERT INTO athlete (profile_photo_url, gender, team_id, join_date, date_of_birth, id, name) VALUES ('https://placeimg.com/848/910/any', 'Female', 2, '2005-02-08', '1939-09-02', 48, 'Christina Ortiz');
INSERT INTO athlete (profile_photo_url, gender, team_id, join_date, date_of_birth, id, name) VALUES ('https://placekitten.com/294/366', 'Female', 3, '2000-10-27', '1993-08-27', 49, 'Ashley Sanders');
INSERT INTO athlete (profile_photo_url, gender, team_id, join_date, date_of_birth, id, name) VALUES ('https://dummyimage.com/435x101', 'Female', 7, '2006-09-09', '1965-09-18', 50, 'Elizabeth Hall');
INSERT INTO result (point, category_id, id, result) VALUES (77, 1, 1, 'Some random description.');
INSERT INTO result (point, category_id, id, result) VALUES (62, 3, 2, 'Some random description.');
INSERT INTO result (point, category_id, id, result) VALUES (100, 8, 3, 'Some random description.');
INSERT INTO result (point, category_id, id, result) VALUES (24, 3, 4, 'Some random description.');
INSERT INTO result (point, category_id, id, result) VALUES (10, 5, 5, 'Some random description.');
INSERT INTO result (point, category_id, id, result) VALUES (13, 3, 6, 'Some random description.');
INSERT INTO result (point, category_id, id, result) VALUES (88, 5, 7, 'Some random description.');
INSERT INTO result (point, category_id, id, result) VALUES (87, 4, 8, 'Some random description.');
INSERT INTO result (point, category_id, id, result) VALUES (12, 4, 9, 'Some random description.');
INSERT INTO result (point, category_id, id, result) VALUES (87, 3, 10, 'Some random description.');
INSERT INTO result (point, category_id, id, result) VALUES (10, 7, 11, 'Some random description.');
INSERT INTO result (point, category_id, id, result) VALUES (8, 7, 12, 'Some random description.');
INSERT INTO result (point, category_id, id, result) VALUES (83, 6, 13, 'Some random description.');
INSERT INTO result (point, category_id, id, result) VALUES (66, 6, 14, 'Some random description.');
INSERT INTO result (point, category_id, id, result) VALUES (7, 9, 15, 'Some random description.');
INSERT INTO result (point, category_id, id, result) VALUES (29, 1, 16, 'Some random description.');
INSERT INTO result (point, category_id, id, result) VALUES (35, 4, 17, 'Some random description.');
INSERT INTO result (point, category_id, id, result) VALUES (26, 7, 18, 'Some random description.');
INSERT INTO result (point, category_id, id, result) VALUES (54, 8, 19, 'Some random description.');
INSERT INTO result (point, category_id, id, result) VALUES (86, 6, 20, 'Some random description.');
INSERT INTO result (point, category_id, id, result) VALUES (42, 5, 21, 'Some random description.');
INSERT INTO result (point, category_id, id, result) VALUES (81, 1, 22, 'Some random description.');
INSERT INTO result (point, category_id, id, result) VALUES (84, 8, 23, 'Some random description.');
INSERT INTO result (point, category_id, id, result) VALUES (8, 5, 24, 'Some random description.');
INSERT INTO result (point, category_id, id, result) VALUES (37, 6, 25, 'Some random description.');
INSERT INTO result (point, category_id, id, result) VALUES (58, 2, 26, 'Some random description.');
INSERT INTO result (point, category_id, id, result) VALUES (89, 9, 27, 'Some random description.');
INSERT INTO result (point, category_id, id, result) VALUES (84, 3, 28, 'Some random description.');
INSERT INTO result (point, category_id, id, result) VALUES (64, 9, 29, 'Some random description.');
INSERT INTO result (point, category_id, id, result) VALUES (100, 5, 30, 'Some random description.');
INSERT INTO result (point, category_id, id, result) VALUES (4, 3, 31, 'Some random description.');
INSERT INTO result (point, category_id, id, result) VALUES (40, 9, 32, 'Some random description.');
INSERT INTO result (point, category_id, id, result) VALUES (32, 1, 33, 'Some random description.');
INSERT INTO result (point, category_id, id, result) VALUES (18, 10, 34, 'Some random description.');
INSERT INTO result (point, category_id, id, result) VALUES (4, 5, 35, 'Some random description.');
INSERT INTO result (point, category_id, id, result) VALUES (2, 1, 36, 'Some random description.');
INSERT INTO result (point, category_id, id, result) VALUES (98, 5, 37, 'Some random description.');
INSERT INTO result (point, category_id, id, result) VALUES (73, 2, 38, 'Some random description.');
INSERT INTO result (point, category_id, id, result) VALUES (65, 4, 39, 'Some random description.');
INSERT INTO result (point, category_id, id, result) VALUES (97, 6, 40, 'Some random description.');
INSERT INTO result (point, category_id, id, result) VALUES (100, 10, 41, 'Some random description.');
INSERT INTO result (point, category_id, id, result) VALUES (17, 8, 42, 'Some random description.');
INSERT INTO result (point, category_id, id, result) VALUES (76, 10, 43, 'Some random description.');
INSERT INTO result (point, category_id, id, result) VALUES (32, 8, 44, 'Some random description.');
INSERT INTO result (point, category_id, id, result) VALUES (1, 5, 45, 'Some random description.');
INSERT INTO result (point, category_id, id, result) VALUES (30, 7, 46, 'Some random description.');
INSERT INTO result (point, category_id, id, result) VALUES (18, 7, 47, 'Some random description.');
INSERT INTO result (point, category_id, id, result) VALUES (15, 1, 48, 'Some random description.');
INSERT INTO result (point, category_id, id, result) VALUES (19, 1, 49, 'Some random description.');
INSERT INTO result (point, category_id, id, result) VALUES (65, 9, 50, 'Some random description.');
INSERT INTO tournament_categories (category_id, tournament_id) VALUES (4, 1);
INSERT INTO tournament_categories (category_id, tournament_id) VALUES (3, 1);
INSERT INTO tournament_categories (category_id, tournament_id) VALUES (8, 2);
INSERT INTO tournament_categories (category_id, tournament_id) VALUES (2, 2);
INSERT INTO tournament_categories (category_id, tournament_id) VALUES (3, 2);
INSERT INTO tournament_categories (category_id, tournament_id) VALUES (9, 2);
INSERT INTO tournament_categories (category_id, tournament_id) VALUES (1, 2);
INSERT INTO tournament_categories (category_id, tournament_id) VALUES (7, 2);
INSERT INTO tournament_categories (category_id, tournament_id) VALUES (5, 2);
INSERT INTO tournament_categories (category_id, tournament_id) VALUES (4, 2);
INSERT INTO tournament_categories (category_id, tournament_id) VALUES (10, 2);
INSERT INTO tournament_categories (category_id, tournament_id) VALUES (5, 3);
INSERT INTO tournament_categories (category_id, tournament_id) VALUES (8, 3);
INSERT INTO tournament_categories (category_id, tournament_id) VALUES (1, 3);
INSERT INTO tournament_categories (category_id, tournament_id) VALUES (2, 3);
INSERT INTO tournament_categories (category_id, tournament_id) VALUES (4, 3);
INSERT INTO tournament_categories (category_id, tournament_id) VALUES (9, 3);
INSERT INTO tournament_categories (category_id, tournament_id) VALUES (7, 3);
INSERT INTO tournament_categories (category_id, tournament_id) VALUES (10, 3);
INSERT INTO tournament_categories (category_id, tournament_id) VALUES (2, 4);
INSERT INTO tournament_categories (category_id, tournament_id) VALUES (6, 5);
INSERT INTO tournament_categories (category_id, tournament_id) VALUES (3, 5);
INSERT INTO tournament_categories (category_id, tournament_id) VALUES (9, 5);
INSERT INTO tournament_categories (category_id, tournament_id) VALUES (7, 5);
INSERT INTO tournament_categories (category_id, tournament_id) VALUES (5, 5);
INSERT INTO tournament_categories (category_id, tournament_id) VALUES (9, 6);
INSERT INTO tournament_categories (category_id, tournament_id) VALUES (4, 6);
INSERT INTO tournament_categories (category_id, tournament_id) VALUES (2, 6);
INSERT INTO tournament_categories (category_id, tournament_id) VALUES (6, 6);
INSERT INTO tournament_categories (category_id, tournament_id) VALUES (3, 6);
INSERT INTO tournament_categories (category_id, tournament_id) VALUES (8, 7);
INSERT INTO tournament_categories (category_id, tournament_id) VALUES (1, 7);
INSERT INTO tournament_categories (category_id, tournament_id) VALUES (10, 7);
INSERT INTO tournament_categories (category_id, tournament_id) VALUES (10, 8);
INSERT INTO tournament_categories (category_id, tournament_id) VALUES (9, 8);
INSERT INTO tournament_categories (category_id, tournament_id) VALUES (1, 8);
INSERT INTO tournament_categories (category_id, tournament_id) VALUES (7, 9);
INSERT INTO tournament_categories (category_id, tournament_id) VALUES (6, 9);
INSERT INTO tournament_categories (category_id, tournament_id) VALUES (4, 9);
INSERT INTO tournament_categories (category_id, tournament_id) VALUES (5, 9);
INSERT INTO tournament_categories (category_id, tournament_id) VALUES (3, 9);
INSERT INTO tournament_categories (category_id, tournament_id) VALUES (9, 9);
INSERT INTO tournament_categories (category_id, tournament_id) VALUES (10, 9);
INSERT INTO tournament_categories (category_id, tournament_id) VALUES (8, 9);
INSERT INTO tournament_categories (category_id, tournament_id) VALUES (9, 10);
INSERT INTO tournament_categories (category_id, tournament_id) VALUES (3, 10);
INSERT INTO tournament_categories (category_id, tournament_id) VALUES (1, 10);
INSERT INTO achievement (position, category_id, id, tournament_id) VALUES (3, 7, 1, 10);
INSERT INTO achievement (position, category_id, id, tournament_id) VALUES (1, 9, 2, 2);
INSERT INTO achievement (position, category_id, id, tournament_id) VALUES (2, 9, 3, 7);
INSERT INTO achievement (position, category_id, id, tournament_id) VALUES (1, 2, 4, 1);
INSERT INTO achievement (position, category_id, id, tournament_id) VALUES (2, 10, 5, 9);
INSERT INTO achievement (position, category_id, id, tournament_id) VALUES (3, 1, 6, 9);
INSERT INTO achievement (position, category_id, id, tournament_id) VALUES (3, 6, 7, 4);
INSERT INTO achievement (position, category_id, id, tournament_id) VALUES (3, 1, 8, 6);
INSERT INTO achievement (position, category_id, id, tournament_id) VALUES (3, 3, 9, 7);
INSERT INTO achievement (position, category_id, id, tournament_id) VALUES (1, 8, 10, 4);
INSERT INTO achievement (position, category_id, id, tournament_id) VALUES (2, 1, 11, 3);
INSERT INTO achievement (position, category_id, id, tournament_id) VALUES (2, 1, 12, 1);
INSERT INTO achievement (position, category_id, id, tournament_id) VALUES (3, 5, 13, 4);
INSERT INTO achievement (position, category_id, id, tournament_id) VALUES (3, 10, 14, 4);
INSERT INTO achievement (position, category_id, id, tournament_id) VALUES (3, 5, 15, 4);
INSERT INTO achievement (position, category_id, id, tournament_id) VALUES (3, 7, 16, 1);
INSERT INTO achievement (position, category_id, id, tournament_id) VALUES (2, 2, 17, 9);
INSERT INTO achievement (position, category_id, id, tournament_id) VALUES (1, 9, 18, 3);
INSERT INTO achievement (position, category_id, id, tournament_id) VALUES (3, 1, 19, 5);
INSERT INTO achievement (position, category_id, id, tournament_id) VALUES (2, 1, 20, 9);
INSERT INTO achievement (position, category_id, id, tournament_id) VALUES (2, 10, 21, 5);
INSERT INTO achievement (position, category_id, id, tournament_id) VALUES (1, 9, 22, 5);
INSERT INTO achievement (position, category_id, id, tournament_id) VALUES (3, 3, 23, 1);
INSERT INTO achievement (position, category_id, id, tournament_id) VALUES (1, 10, 24, 3);
INSERT INTO achievement (position, category_id, id, tournament_id) VALUES (2, 4, 25, 5);
INSERT INTO achievement (position, category_id, id, tournament_id) VALUES (1, 7, 26, 9);
INSERT INTO achievement (position, category_id, id, tournament_id) VALUES (1, 7, 27, 2);
INSERT INTO achievement (position, category_id, id, tournament_id) VALUES (3, 1, 28, 7);
INSERT INTO achievement (position, category_id, id, tournament_id) VALUES (3, 8, 29, 6);
INSERT INTO achievement (position, category_id, id, tournament_id) VALUES (3, 1, 30, 5);
INSERT INTO ranking (best_result_id, category_id, id, rank, description) VALUES (38, 2, 1, 159, 'Some random description.');
INSERT INTO ranking (best_result_id, category_id, id, rank, description) VALUES (32, 9, 2, 612, 'Some random description.');
INSERT INTO ranking (best_result_id, category_id, id, rank, description) VALUES (15, 4, 3, 742, 'Some random description.');
INSERT INTO ranking (best_result_id, category_id, id, rank, description) VALUES (30, 3, 4, 766, 'Some random description.');
INSERT INTO ranking (best_result_id, category_id, id, rank, description) VALUES (1, 2, 5, 223, 'Some random description.');
INSERT INTO ranking (best_result_id, category_id, id, rank, description) VALUES (4, 4, 6, 161, 'Some random description.');
INSERT INTO ranking (best_result_id, category_id, id, rank, description) VALUES (7, 3, 7, 642, 'Some random description.');
INSERT INTO ranking (best_result_id, category_id, id, rank, description) VALUES (9, 2, 8, 297, 'Some random description.');
INSERT INTO ranking (best_result_id, category_id, id, rank, description) VALUES (20, 5, 9, 238, 'Some random description.');
INSERT INTO ranking (best_result_id, category_id, id, rank, description) VALUES (45, 6, 10, 128, 'Some random description.');
INSERT INTO ranking (best_result_id, category_id, id, rank, description) VALUES (23, 1, 11, 978, 'Some random description.');
INSERT INTO ranking (best_result_id, category_id, id, rank, description) VALUES (29, 3, 12, 908, 'Some random description.');
INSERT INTO ranking (best_result_id, category_id, id, rank, description) VALUES (50, 1, 13, 622, 'Some random description.');
INSERT INTO ranking (best_result_id, category_id, id, rank, description) VALUES (19, 3, 14, 680, 'Some random description.');
INSERT INTO ranking (best_result_id, category_id, id, rank, description) VALUES (38, 9, 15, 333, 'Some random description.');
INSERT INTO ranking (best_result_id, category_id, id, rank, description) VALUES (25, 7, 16, 505, 'Some random description.');
INSERT INTO ranking (best_result_id, category_id, id, rank, description) VALUES (33, 7, 17, 654, 'Some random description.');
INSERT INTO ranking (best_result_id, category_id, id, rank, description) VALUES (25, 9, 18, 217, 'Some random description.');
INSERT INTO ranking (best_result_id, category_id, id, rank, description) VALUES (19, 4, 19, 241, 'Some random description.');
INSERT INTO ranking (best_result_id, category_id, id, rank, description) VALUES (5, 6, 20, 2, 'Some random description.');
INSERT INTO athlete_rankings (ranking_id, athlete_id) VALUES (3, 1);
INSERT INTO athlete_rankings (ranking_id, athlete_id) VALUES (10, 1);
INSERT INTO athlete_rankings (ranking_id, athlete_id) VALUES (5, 1);
INSERT INTO athlete_rankings (ranking_id, athlete_id) VALUES (15, 1);
INSERT INTO athlete_rankings (ranking_id, athlete_id) VALUES (6, 1);
INSERT INTO athlete_rankings (ranking_id, athlete_id) VALUES (14, 1);
INSERT INTO athlete_rankings (ranking_id, athlete_id) VALUES (17, 1);
INSERT INTO athlete_rankings (ranking_id, athlete_id) VALUES (11, 1);
INSERT INTO athlete_rankings (ranking_id, athlete_id) VALUES (16, 1);
INSERT INTO athlete_rankings (ranking_id, athlete_id) VALUES (18, 1);
INSERT INTO athlete_rankings (ranking_id, athlete_id) VALUES (4, 1);
INSERT INTO athlete_rankings (ranking_id, athlete_id) VALUES (1, 1);
INSERT INTO athlete_rankings (ranking_id, athlete_id) VALUES (19, 1);
INSERT INTO athlete_rankings (ranking_id, athlete_id) VALUES (2, 1);
INSERT INTO athlete_rankings (ranking_id, athlete_id) VALUES (8, 1);
INSERT INTO athlete_rankings (ranking_id, athlete_id) VALUES (12, 1);
INSERT INTO athlete_rankings (ranking_id, athlete_id) VALUES (9, 1);
INSERT INTO athlete_rankings (ranking_id, athlete_id) VALUES (20, 2);
INSERT INTO athlete_rankings (ranking_id, athlete_id) VALUES (6, 2);
INSERT INTO athlete_rankings (ranking_id, athlete_id) VALUES (1, 2);
INSERT INTO athlete_rankings (ranking_id, athlete_id) VALUES (10, 2);
INSERT INTO athlete_rankings (ranking_id, athlete_id) VALUES (5, 2);
INSERT INTO athlete_rankings (ranking_id, athlete_id) VALUES (3, 2);
INSERT INTO athlete_rankings (ranking_id, athlete_id) VALUES (18, 2);
INSERT INTO athlete_rankings (ranking_id, athlete_id) VALUES (13, 2);
INSERT INTO athlete_rankings (ranking_id, athlete_id) VALUES (8, 2);
INSERT INTO athlete_rankings (ranking_id, athlete_id) VALUES (17, 2);
INSERT INTO athlete_rankings (ranking_id, athlete_id) VALUES (2, 2);
INSERT INTO athlete_rankings (ranking_id, athlete_id) VALUES (16, 2);
INSERT INTO athlete_rankings (ranking_id, athlete_id) VALUES (19, 3);
INSERT INTO athlete_rankings (ranking_id, athlete_id) VALUES (11, 3);
INSERT INTO athlete_rankings (ranking_id, athlete_id) VALUES (7, 3);
INSERT INTO athlete_rankings (ranking_id, athlete_id) VALUES (8, 3);
INSERT INTO athlete_rankings (ranking_id, athlete_id) VALUES (20, 3);
INSERT INTO athlete_rankings (ranking_id, athlete_id) VALUES (14, 3);
INSERT INTO athlete_rankings (ranking_id, athlete_id) VALUES (18, 3);
INSERT INTO athlete_rankings (ranking_id, athlete_id) VALUES (1, 3);
INSERT INTO athlete_rankings (ranking_id, athlete_id) VALUES (9, 3);
INSERT INTO athlete_rankings (ranking_id, athlete_id) VALUES (6, 3);
INSERT INTO athlete_rankings (ranking_id, athlete_id) VALUES (15, 3);
INSERT INTO athlete_rankings (ranking_id, athlete_id) VALUES (17, 3);
INSERT INTO athlete_rankings (ranking_id, athlete_id) VALUES (4, 3);
INSERT INTO athlete_rankings (ranking_id, athlete_id) VALUES (13, 3);
INSERT INTO athlete_rankings (ranking_id, athlete_id) VALUES (3, 3);
INSERT INTO athlete_rankings (ranking_id, athlete_id) VALUES (12, 3);
INSERT INTO athlete_rankings (ranking_id, athlete_id) VALUES (17, 4);
INSERT INTO athlete_rankings (ranking_id, athlete_id) VALUES (19, 4);
INSERT INTO athlete_rankings (ranking_id, athlete_id) VALUES (11, 4);
INSERT INTO athlete_rankings (ranking_id, athlete_id) VALUES (14, 4);
INSERT INTO athlete_rankings (ranking_id, athlete_id) VALUES (6, 4);
INSERT INTO athlete_rankings (ranking_id, athlete_id) VALUES (10, 4);
INSERT INTO athlete_rankings (ranking_id, athlete_id) VALUES (2, 4);
INSERT INTO athlete_rankings (ranking_id, athlete_id) VALUES (4, 5);
INSERT INTO athlete_rankings (ranking_id, athlete_id) VALUES (5, 5);
INSERT INTO athlete_rankings (ranking_id, athlete_id) VALUES (3, 5);
INSERT INTO athlete_rankings (ranking_id, athlete_id) VALUES (15, 5);
INSERT INTO athlete_rankings (ranking_id, athlete_id) VALUES (18, 5);
INSERT INTO athlete_rankings (ranking_id, athlete_id) VALUES (11, 5);
INSERT INTO athlete_rankings (ranking_id, athlete_id) VALUES (19, 5);
INSERT INTO athlete_rankings (ranking_id, athlete_id) VALUES (20, 5);
INSERT INTO athlete_rankings (ranking_id, athlete_id) VALUES (1, 5);
INSERT INTO athlete_rankings (ranking_id, athlete_id) VALUES (6, 5);
INSERT INTO athlete_rankings (ranking_id, athlete_id) VALUES (2, 5);
INSERT INTO athlete_rankings (ranking_id, athlete_id) VALUES (10, 5);
INSERT INTO athlete_rankings (ranking_id, athlete_id) VALUES (9, 5);
INSERT INTO athlete_rankings (ranking_id, athlete_id) VALUES (4, 6);
INSERT INTO athlete_rankings (ranking_id, athlete_id) VALUES (2, 7);
INSERT INTO athlete_rankings (ranking_id, athlete_id) VALUES (8, 7);
INSERT INTO athlete_rankings (ranking_id, athlete_id) VALUES (17, 7);
INSERT INTO athlete_rankings (ranking_id, athlete_id) VALUES (10, 7);
INSERT INTO athlete_rankings (ranking_id, athlete_id) VALUES (9, 7);
INSERT INTO athlete_rankings (ranking_id, athlete_id) VALUES (16, 7);
INSERT INTO athlete_rankings (ranking_id, athlete_id) VALUES (19, 7);
INSERT INTO athlete_rankings (ranking_id, athlete_id) VALUES (15, 7);
INSERT INTO athlete_rankings (ranking_id, athlete_id) VALUES (14, 7);
INSERT INTO athlete_rankings (ranking_id, athlete_id) VALUES (12, 7);
INSERT INTO athlete_rankings (ranking_id, athlete_id) VALUES (1, 7);
INSERT INTO athlete_rankings (ranking_id, athlete_id) VALUES (5, 7);
INSERT INTO athlete_rankings (ranking_id, athlete_id) VALUES (6, 7);
INSERT INTO athlete_rankings (ranking_id, athlete_id) VALUES (3, 7);
INSERT INTO athlete_rankings (ranking_id, athlete_id) VALUES (4, 7);
INSERT INTO athlete_rankings (ranking_id, athlete_id) VALUES (18, 7);
INSERT INTO athlete_rankings (ranking_id, athlete_id) VALUES (20, 7);
INSERT INTO athlete_rankings (ranking_id, athlete_id) VALUES (16, 8);
INSERT INTO athlete_rankings (ranking_id, athlete_id) VALUES (12, 8);
INSERT INTO athlete_rankings (ranking_id, athlete_id) VALUES (5, 9);
INSERT INTO athlete_rankings (ranking_id, athlete_id) VALUES (12, 9);
INSERT INTO athlete_rankings (ranking_id, athlete_id) VALUES (9, 9);
INSERT INTO athlete_rankings (ranking_id, athlete_id) VALUES (1, 9);
INSERT INTO athlete_rankings (ranking_id, athlete_id) VALUES (10, 9);
INSERT INTO athlete_rankings (ranking_id, athlete_id) VALUES (11, 9);
INSERT INTO athlete_rankings (ranking_id, athlete_id) VALUES (16, 9);
INSERT INTO athlete_rankings (ranking_id, athlete_id) VALUES (19, 9);
INSERT INTO athlete_rankings (ranking_id, athlete_id) VALUES (6, 9);
INSERT INTO athlete_rankings (ranking_id, athlete_id) VALUES (2, 9);
INSERT INTO athlete_rankings (ranking_id, athlete_id) VALUES (18, 9);
INSERT INTO athlete_rankings (ranking_id, athlete_id) VALUES (17, 9);
INSERT INTO athlete_rankings (ranking_id, athlete_id) VALUES (8, 9);
INSERT INTO athlete_rankings (ranking_id, athlete_id) VALUES (7, 9);
INSERT INTO athlete_rankings (ranking_id, athlete_id) VALUES (3, 9);
INSERT INTO athlete_rankings (ranking_id, athlete_id) VALUES (15, 9);
INSERT INTO athlete_rankings (ranking_id, athlete_id) VALUES (16, 10);
INSERT INTO athlete_rankings (ranking_id, athlete_id) VALUES (7, 10);
INSERT INTO athlete_rankings (ranking_id, athlete_id) VALUES (15, 11);
INSERT INTO athlete_rankings (ranking_id, athlete_id) VALUES (17, 11);
INSERT INTO athlete_rankings (ranking_id, athlete_id) VALUES (16, 11);
INSERT INTO athlete_rankings (ranking_id, athlete_id) VALUES (19, 11);
INSERT INTO athlete_rankings (ranking_id, athlete_id) VALUES (10, 11);
INSERT INTO athlete_rankings (ranking_id, athlete_id) VALUES (12, 11);
INSERT INTO athlete_rankings (ranking_id, athlete_id) VALUES (14, 12);
INSERT INTO athlete_rankings (ranking_id, athlete_id) VALUES (1, 12);
INSERT INTO athlete_rankings (ranking_id, athlete_id) VALUES (20, 12);
INSERT INTO athlete_rankings (ranking_id, athlete_id) VALUES (16, 12);
INSERT INTO athlete_rankings (ranking_id, athlete_id) VALUES (5, 12);
INSERT INTO athlete_rankings (ranking_id, athlete_id) VALUES (3, 12);
INSERT INTO athlete_rankings (ranking_id, athlete_id) VALUES (4, 12);
INSERT INTO athlete_rankings (ranking_id, athlete_id) VALUES (19, 12);
INSERT INTO athlete_rankings (ranking_id, athlete_id) VALUES (15, 12);
INSERT INTO athlete_rankings (ranking_id, athlete_id) VALUES (11, 12);
INSERT INTO athlete_rankings (ranking_id, athlete_id) VALUES (11, 13);
INSERT INTO athlete_rankings (ranking_id, athlete_id) VALUES (2, 13);
INSERT INTO athlete_rankings (ranking_id, athlete_id) VALUES (15, 13);
INSERT INTO athlete_rankings (ranking_id, athlete_id) VALUES (9, 13);
INSERT INTO athlete_rankings (ranking_id, athlete_id) VALUES (5, 13);
INSERT INTO athlete_rankings (ranking_id, athlete_id) VALUES (18, 13);
INSERT INTO athlete_rankings (ranking_id, athlete_id) VALUES (16, 13);
INSERT INTO athlete_rankings (ranking_id, athlete_id) VALUES (6, 13);
INSERT INTO athlete_rankings (ranking_id, athlete_id) VALUES (4, 13);
INSERT INTO athlete_rankings (ranking_id, athlete_id) VALUES (14, 13);
INSERT INTO athlete_rankings (ranking_id, athlete_id) VALUES (1, 13);
INSERT INTO athlete_rankings (ranking_id, athlete_id) VALUES (10, 13);
INSERT INTO athlete_rankings (ranking_id, athlete_id) VALUES (3, 13);
INSERT INTO athlete_rankings (ranking_id, athlete_id) VALUES (13, 13);
INSERT INTO athlete_rankings (ranking_id, athlete_id) VALUES (20, 13);
INSERT INTO athlete_rankings (ranking_id, athlete_id) VALUES (3, 14);
INSERT INTO athlete_rankings (ranking_id, athlete_id) VALUES (6, 14);
INSERT INTO athlete_rankings (ranking_id, athlete_id) VALUES (12, 14);
INSERT INTO athlete_rankings (ranking_id, athlete_id) VALUES (11, 14);
INSERT INTO athlete_rankings (ranking_id, athlete_id) VALUES (18, 14);
INSERT INTO athlete_rankings (ranking_id, athlete_id) VALUES (14, 14);
INSERT INTO athlete_rankings (ranking_id, athlete_id) VALUES (8, 14);
INSERT INTO athlete_rankings (ranking_id, athlete_id) VALUES (16, 14);
INSERT INTO athlete_rankings (ranking_id, athlete_id) VALUES (5, 14);
INSERT INTO athlete_rankings (ranking_id, athlete_id) VALUES (15, 14);
INSERT INTO athlete_rankings (ranking_id, athlete_id) VALUES (4, 14);
INSERT INTO athlete_rankings (ranking_id, athlete_id) VALUES (9, 14);
INSERT INTO athlete_rankings (ranking_id, athlete_id) VALUES (19, 14);
INSERT INTO athlete_rankings (ranking_id, athlete_id) VALUES (11, 15);
INSERT INTO athlete_rankings (ranking_id, athlete_id) VALUES (5, 15);
INSERT INTO athlete_rankings (ranking_id, athlete_id) VALUES (2, 15);
INSERT INTO athlete_rankings (ranking_id, athlete_id) VALUES (1, 15);
INSERT INTO athlete_rankings (ranking_id, athlete_id) VALUES (15, 15);
INSERT INTO athlete_rankings (ranking_id, athlete_id) VALUES (12, 15);
INSERT INTO athlete_rankings (ranking_id, athlete_id) VALUES (4, 15);
INSERT INTO athlete_rankings (ranking_id, athlete_id) VALUES (10, 15);
INSERT INTO athlete_rankings (ranking_id, athlete_id) VALUES (6, 15);
INSERT INTO athlete_rankings (ranking_id, athlete_id) VALUES (5, 16);
INSERT INTO athlete_rankings (ranking_id, athlete_id) VALUES (8, 16);
INSERT INTO athlete_rankings (ranking_id, athlete_id) VALUES (13, 16);
INSERT INTO athlete_rankings (ranking_id, athlete_id) VALUES (2, 16);
INSERT INTO athlete_rankings (ranking_id, athlete_id) VALUES (18, 16);
INSERT INTO athlete_rankings (ranking_id, athlete_id) VALUES (19, 16);
INSERT INTO athlete_rankings (ranking_id, athlete_id) VALUES (6, 16);
INSERT INTO athlete_rankings (ranking_id, athlete_id) VALUES (16, 16);
INSERT INTO athlete_rankings (ranking_id, athlete_id) VALUES (9, 16);
INSERT INTO athlete_rankings (ranking_id, athlete_id) VALUES (1, 16);
INSERT INTO athlete_rankings (ranking_id, athlete_id) VALUES (3, 16);
INSERT INTO athlete_rankings (ranking_id, athlete_id) VALUES (14, 16);
INSERT INTO athlete_rankings (ranking_id, athlete_id) VALUES (10, 17);
INSERT INTO athlete_rankings (ranking_id, athlete_id) VALUES (9, 17);
INSERT INTO athlete_rankings (ranking_id, athlete_id) VALUES (20, 17);
INSERT INTO athlete_rankings (ranking_id, athlete_id) VALUES (2, 17);
INSERT INTO athlete_rankings (ranking_id, athlete_id) VALUES (4, 17);
INSERT INTO athlete_rankings (ranking_id, athlete_id) VALUES (3, 17);
INSERT INTO athlete_rankings (ranking_id, athlete_id) VALUES (4, 18);
INSERT INTO athlete_rankings (ranking_id, athlete_id) VALUES (8, 18);
INSERT INTO athlete_rankings (ranking_id, athlete_id) VALUES (6, 18);
INSERT INTO athlete_rankings (ranking_id, athlete_id) VALUES (1, 18);
INSERT INTO athlete_rankings (ranking_id, athlete_id) VALUES (19, 18);
INSERT INTO athlete_rankings (ranking_id, athlete_id) VALUES (12, 18);
INSERT INTO athlete_rankings (ranking_id, athlete_id) VALUES (17, 18);
INSERT INTO athlete_rankings (ranking_id, athlete_id) VALUES (18, 18);
INSERT INTO athlete_rankings (ranking_id, athlete_id) VALUES (9, 18);
INSERT INTO athlete_rankings (ranking_id, athlete_id) VALUES (3, 18);
INSERT INTO athlete_rankings (ranking_id, athlete_id) VALUES (13, 18);
INSERT INTO athlete_rankings (ranking_id, athlete_id) VALUES (2, 18);
INSERT INTO athlete_rankings (ranking_id, athlete_id) VALUES (14, 18);
INSERT INTO athlete_rankings (ranking_id, athlete_id) VALUES (10, 18);
INSERT INTO athlete_rankings (ranking_id, athlete_id) VALUES (5, 18);
INSERT INTO athlete_rankings (ranking_id, athlete_id) VALUES (15, 18);
INSERT INTO athlete_rankings (ranking_id, athlete_id) VALUES (20, 18);
INSERT INTO athlete_rankings (ranking_id, athlete_id) VALUES (11, 18);
INSERT INTO athlete_rankings (ranking_id, athlete_id) VALUES (7, 19);
INSERT INTO athlete_rankings (ranking_id, athlete_id) VALUES (8, 19);
INSERT INTO athlete_rankings (ranking_id, athlete_id) VALUES (11, 19);
INSERT INTO athlete_rankings (ranking_id, athlete_id) VALUES (10, 19);
INSERT INTO athlete_rankings (ranking_id, athlete_id) VALUES (19, 19);
INSERT INTO athlete_rankings (ranking_id, athlete_id) VALUES (6, 19);
INSERT INTO athlete_rankings (ranking_id, athlete_id) VALUES (4, 19);
INSERT INTO athlete_rankings (ranking_id, athlete_id) VALUES (9, 19);
INSERT INTO athlete_rankings (ranking_id, athlete_id) VALUES (1, 19);
INSERT INTO athlete_rankings (ranking_id, athlete_id) VALUES (5, 19);
INSERT INTO athlete_rankings (ranking_id, athlete_id) VALUES (20, 19);
INSERT INTO athlete_rankings (ranking_id, athlete_id) VALUES (15, 19);
INSERT INTO athlete_rankings (ranking_id, athlete_id) VALUES (12, 19);
INSERT INTO athlete_rankings (ranking_id, athlete_id) VALUES (13, 19);
INSERT INTO athlete_rankings (ranking_id, athlete_id) VALUES (2, 19);
INSERT INTO athlete_rankings (ranking_id, athlete_id) VALUES (3, 19);
INSERT INTO athlete_rankings (ranking_id, athlete_id) VALUES (16, 19);
INSERT INTO athlete_rankings (ranking_id, athlete_id) VALUES (20, 20);
INSERT INTO athlete_rankings (ranking_id, athlete_id) VALUES (14, 20);
INSERT INTO athlete_rankings (ranking_id, athlete_id) VALUES (6, 20);
INSERT INTO athlete_rankings (ranking_id, athlete_id) VALUES (8, 20);
INSERT INTO athlete_rankings (ranking_id, athlete_id) VALUES (2, 20);
INSERT INTO athlete_rankings (ranking_id, athlete_id) VALUES (4, 20);
INSERT INTO athlete_rankings (ranking_id, athlete_id) VALUES (18, 20);
INSERT INTO athlete_rankings (ranking_id, athlete_id) VALUES (3, 20);
INSERT INTO athlete_rankings (ranking_id, athlete_id) VALUES (12, 20);
INSERT INTO athlete_rankings (ranking_id, athlete_id) VALUES (15, 20);
INSERT INTO athlete_rankings (ranking_id, athlete_id) VALUES (16, 20);
INSERT INTO athlete_rankings (ranking_id, athlete_id) VALUES (13, 21);
INSERT INTO athlete_rankings (ranking_id, athlete_id) VALUES (3, 21);
INSERT INTO athlete_rankings (ranking_id, athlete_id) VALUES (18, 21);
INSERT INTO athlete_rankings (ranking_id, athlete_id) VALUES (16, 21);
INSERT INTO athlete_rankings (ranking_id, athlete_id) VALUES (7, 21);
INSERT INTO athlete_rankings (ranking_id, athlete_id) VALUES (9, 21);
INSERT INTO athlete_rankings (ranking_id, athlete_id) VALUES (16, 22);
INSERT INTO athlete_rankings (ranking_id, athlete_id) VALUES (20, 22);
INSERT INTO athlete_rankings (ranking_id, athlete_id) VALUES (19, 22);
INSERT INTO athlete_rankings (ranking_id, athlete_id) VALUES (8, 22);
INSERT INTO athlete_rankings (ranking_id, athlete_id) VALUES (11, 22);
INSERT INTO athlete_rankings (ranking_id, athlete_id) VALUES (7, 22);
INSERT INTO athlete_rankings (ranking_id, athlete_id) VALUES (14, 22);
INSERT INTO athlete_rankings (ranking_id, athlete_id) VALUES (15, 22);
INSERT INTO athlete_rankings (ranking_id, athlete_id) VALUES (4, 22);
INSERT INTO athlete_rankings (ranking_id, athlete_id) VALUES (6, 22);
INSERT INTO athlete_rankings (ranking_id, athlete_id) VALUES (9, 22);
INSERT INTO athlete_rankings (ranking_id, athlete_id) VALUES (12, 22);
INSERT INTO athlete_rankings (ranking_id, athlete_id) VALUES (10, 22);
INSERT INTO athlete_rankings (ranking_id, athlete_id) VALUES (3, 22);
INSERT INTO athlete_rankings (ranking_id, athlete_id) VALUES (5, 22);
INSERT INTO athlete_rankings (ranking_id, athlete_id) VALUES (1, 22);
INSERT INTO athlete_rankings (ranking_id, athlete_id) VALUES (13, 22);
INSERT INTO athlete_rankings (ranking_id, athlete_id) VALUES (2, 22);
INSERT INTO athlete_rankings (ranking_id, athlete_id) VALUES (12, 23);
INSERT INTO athlete_rankings (ranking_id, athlete_id) VALUES (15, 23);
INSERT INTO athlete_rankings (ranking_id, athlete_id) VALUES (16, 23);
INSERT INTO athlete_rankings (ranking_id, athlete_id) VALUES (2, 23);
INSERT INTO athlete_rankings (ranking_id, athlete_id) VALUES (14, 23);
INSERT INTO athlete_rankings (ranking_id, athlete_id) VALUES (11, 23);
INSERT INTO athlete_rankings (ranking_id, athlete_id) VALUES (5, 23);
INSERT INTO athlete_rankings (ranking_id, athlete_id) VALUES (7, 23);
INSERT INTO athlete_rankings (ranking_id, athlete_id) VALUES (1, 24);
INSERT INTO athlete_rankings (ranking_id, athlete_id) VALUES (17, 24);
INSERT INTO athlete_rankings (ranking_id, athlete_id) VALUES (11, 24);
INSERT INTO athlete_rankings (ranking_id, athlete_id) VALUES (10, 25);
INSERT INTO athlete_rankings (ranking_id, athlete_id) VALUES (7, 25);
INSERT INTO athlete_rankings (ranking_id, athlete_id) VALUES (3, 25);
INSERT INTO athlete_rankings (ranking_id, athlete_id) VALUES (17, 25);
INSERT INTO athlete_rankings (ranking_id, athlete_id) VALUES (8, 25);
INSERT INTO athlete_rankings (ranking_id, athlete_id) VALUES (14, 25);
INSERT INTO athlete_rankings (ranking_id, athlete_id) VALUES (15, 25);
INSERT INTO athlete_rankings (ranking_id, athlete_id) VALUES (19, 25);
INSERT INTO athlete_rankings (ranking_id, athlete_id) VALUES (16, 25);
INSERT INTO athlete_rankings (ranking_id, athlete_id) VALUES (11, 25);
INSERT INTO athlete_rankings (ranking_id, athlete_id) VALUES (13, 25);
INSERT INTO athlete_rankings (ranking_id, athlete_id) VALUES (16, 26);
INSERT INTO athlete_rankings (ranking_id, athlete_id) VALUES (3, 26);
INSERT INTO athlete_rankings (ranking_id, athlete_id) VALUES (10, 26);
INSERT INTO athlete_rankings (ranking_id, athlete_id) VALUES (14, 26);
INSERT INTO athlete_rankings (ranking_id, athlete_id) VALUES (4, 27);
INSERT INTO athlete_rankings (ranking_id, athlete_id) VALUES (6, 28);
INSERT INTO athlete_rankings (ranking_id, athlete_id) VALUES (5, 28);
INSERT INTO athlete_rankings (ranking_id, athlete_id) VALUES (12, 28);
INSERT INTO athlete_rankings (ranking_id, athlete_id) VALUES (18, 28);
INSERT INTO athlete_rankings (ranking_id, athlete_id) VALUES (20, 28);
INSERT INTO athlete_rankings (ranking_id, athlete_id) VALUES (15, 28);
INSERT INTO athlete_rankings (ranking_id, athlete_id) VALUES (19, 28);
INSERT INTO athlete_rankings (ranking_id, athlete_id) VALUES (14, 29);
INSERT INTO athlete_rankings (ranking_id, athlete_id) VALUES (7, 29);
INSERT INTO athlete_rankings (ranking_id, athlete_id) VALUES (20, 29);
INSERT INTO athlete_rankings (ranking_id, athlete_id) VALUES (13, 30);
INSERT INTO athlete_rankings (ranking_id, athlete_id) VALUES (16, 30);
INSERT INTO athlete_rankings (ranking_id, athlete_id) VALUES (6, 30);
INSERT INTO athlete_rankings (ranking_id, athlete_id) VALUES (7, 30);
INSERT INTO athlete_rankings (ranking_id, athlete_id) VALUES (10, 30);
INSERT INTO athlete_rankings (ranking_id, athlete_id) VALUES (4, 30);
INSERT INTO athlete_rankings (ranking_id, athlete_id) VALUES (5, 30);
INSERT INTO athlete_rankings (ranking_id, athlete_id) VALUES (15, 30);
INSERT INTO athlete_rankings (ranking_id, athlete_id) VALUES (18, 30);
INSERT INTO athlete_rankings (ranking_id, athlete_id) VALUES (19, 30);
INSERT INTO athlete_rankings (ranking_id, athlete_id) VALUES (9, 30);
INSERT INTO athlete_rankings (ranking_id, athlete_id) VALUES (11, 30);
INSERT INTO athlete_rankings (ranking_id, athlete_id) VALUES (17, 30);
INSERT INTO athlete_rankings (ranking_id, athlete_id) VALUES (3, 30);
INSERT INTO athlete_rankings (ranking_id, athlete_id) VALUES (1, 30);
INSERT INTO athlete_rankings (ranking_id, athlete_id) VALUES (14, 30);
INSERT INTO athlete_rankings (ranking_id, athlete_id) VALUES (20, 30);
INSERT INTO athlete_rankings (ranking_id, athlete_id) VALUES (12, 30);
INSERT INTO athlete_rankings (ranking_id, athlete_id) VALUES (16, 31);
INSERT INTO athlete_rankings (ranking_id, athlete_id) VALUES (5, 31);
INSERT INTO athlete_rankings (ranking_id, athlete_id) VALUES (19, 31);
INSERT INTO athlete_rankings (ranking_id, athlete_id) VALUES (15, 31);
INSERT INTO athlete_rankings (ranking_id, athlete_id) VALUES (2, 31);
INSERT INTO athlete_rankings (ranking_id, athlete_id) VALUES (3, 31);
INSERT INTO athlete_rankings (ranking_id, athlete_id) VALUES (18, 32);
INSERT INTO athlete_rankings (ranking_id, athlete_id) VALUES (11, 32);
INSERT INTO athlete_rankings (ranking_id, athlete_id) VALUES (5, 32);
INSERT INTO athlete_rankings (ranking_id, athlete_id) VALUES (12, 32);
INSERT INTO athlete_rankings (ranking_id, athlete_id) VALUES (10, 32);
INSERT INTO athlete_rankings (ranking_id, athlete_id) VALUES (6, 32);
INSERT INTO athlete_rankings (ranking_id, athlete_id) VALUES (8, 32);
INSERT INTO athlete_rankings (ranking_id, athlete_id) VALUES (20, 32);
INSERT INTO athlete_rankings (ranking_id, athlete_id) VALUES (9, 32);
INSERT INTO athlete_rankings (ranking_id, athlete_id) VALUES (16, 32);
INSERT INTO athlete_rankings (ranking_id, athlete_id) VALUES (7, 32);
INSERT INTO athlete_rankings (ranking_id, athlete_id) VALUES (19, 32);
INSERT INTO athlete_rankings (ranking_id, athlete_id) VALUES (4, 32);
INSERT INTO athlete_rankings (ranking_id, athlete_id) VALUES (1, 32);
INSERT INTO athlete_rankings (ranking_id, athlete_id) VALUES (3, 32);
INSERT INTO athlete_rankings (ranking_id, athlete_id) VALUES (17, 32);
INSERT INTO athlete_rankings (ranking_id, athlete_id) VALUES (15, 32);
INSERT INTO athlete_rankings (ranking_id, athlete_id) VALUES (5, 33);
INSERT INTO athlete_rankings (ranking_id, athlete_id) VALUES (10, 33);
INSERT INTO athlete_rankings (ranking_id, athlete_id) VALUES (15, 33);
INSERT INTO athlete_rankings (ranking_id, athlete_id) VALUES (1, 33);
INSERT INTO athlete_rankings (ranking_id, athlete_id) VALUES (4, 33);
INSERT INTO athlete_rankings (ranking_id, athlete_id) VALUES (20, 33);
INSERT INTO athlete_rankings (ranking_id, athlete_id) VALUES (14, 33);
INSERT INTO athlete_rankings (ranking_id, athlete_id) VALUES (9, 33);
INSERT INTO athlete_rankings (ranking_id, athlete_id) VALUES (18, 33);
INSERT INTO athlete_rankings (ranking_id, athlete_id) VALUES (16, 33);
INSERT INTO athlete_rankings (ranking_id, athlete_id) VALUES (12, 33);
INSERT INTO athlete_rankings (ranking_id, athlete_id) VALUES (8, 33);
INSERT INTO athlete_rankings (ranking_id, athlete_id) VALUES (6, 33);
INSERT INTO athlete_rankings (ranking_id, athlete_id) VALUES (2, 33);
INSERT INTO athlete_rankings (ranking_id, athlete_id) VALUES (13, 34);
INSERT INTO athlete_rankings (ranking_id, athlete_id) VALUES (9, 34);
INSERT INTO athlete_rankings (ranking_id, athlete_id) VALUES (7, 34);
INSERT INTO athlete_rankings (ranking_id, athlete_id) VALUES (1, 34);
INSERT INTO athlete_rankings (ranking_id, athlete_id) VALUES (16, 34);
INSERT INTO athlete_rankings (ranking_id, athlete_id) VALUES (5, 35);
INSERT INTO athlete_rankings (ranking_id, athlete_id) VALUES (6, 35);
INSERT INTO athlete_rankings (ranking_id, athlete_id) VALUES (7, 35);
INSERT INTO athlete_rankings (ranking_id, athlete_id) VALUES (9, 35);
INSERT INTO athlete_rankings (ranking_id, athlete_id) VALUES (15, 35);
INSERT INTO athlete_rankings (ranking_id, athlete_id) VALUES (1, 35);
INSERT INTO athlete_rankings (ranking_id, athlete_id) VALUES (4, 35);
INSERT INTO athlete_rankings (ranking_id, athlete_id) VALUES (13, 35);
INSERT INTO athlete_rankings (ranking_id, athlete_id) VALUES (2, 35);
INSERT INTO athlete_rankings (ranking_id, athlete_id) VALUES (17, 35);
INSERT INTO athlete_rankings (ranking_id, athlete_id) VALUES (10, 35);
INSERT INTO athlete_rankings (ranking_id, athlete_id) VALUES (14, 35);
INSERT INTO athlete_rankings (ranking_id, athlete_id) VALUES (11, 35);
INSERT INTO athlete_rankings (ranking_id, athlete_id) VALUES (3, 35);
INSERT INTO athlete_rankings (ranking_id, athlete_id) VALUES (2, 36);
INSERT INTO athlete_rankings (ranking_id, athlete_id) VALUES (15, 36);
INSERT INTO athlete_rankings (ranking_id, athlete_id) VALUES (8, 36);
INSERT INTO athlete_rankings (ranking_id, athlete_id) VALUES (17, 36);
INSERT INTO athlete_rankings (ranking_id, athlete_id) VALUES (16, 36);
INSERT INTO athlete_rankings (ranking_id, athlete_id) VALUES (10, 36);
INSERT INTO athlete_rankings (ranking_id, athlete_id) VALUES (7, 36);
INSERT INTO athlete_rankings (ranking_id, athlete_id) VALUES (18, 36);
INSERT INTO athlete_rankings (ranking_id, athlete_id) VALUES (11, 36);
INSERT INTO athlete_rankings (ranking_id, athlete_id) VALUES (13, 36);
INSERT INTO athlete_rankings (ranking_id, athlete_id) VALUES (5, 36);
INSERT INTO athlete_rankings (ranking_id, athlete_id) VALUES (1, 36);
INSERT INTO athlete_rankings (ranking_id, athlete_id) VALUES (10, 37);
INSERT INTO athlete_rankings (ranking_id, athlete_id) VALUES (5, 37);
INSERT INTO athlete_rankings (ranking_id, athlete_id) VALUES (13, 37);
INSERT INTO athlete_rankings (ranking_id, athlete_id) VALUES (7, 37);
INSERT INTO athlete_rankings (ranking_id, athlete_id) VALUES (1, 37);
INSERT INTO athlete_rankings (ranking_id, athlete_id) VALUES (18, 37);
INSERT INTO athlete_rankings (ranking_id, athlete_id) VALUES (6, 37);
INSERT INTO athlete_rankings (ranking_id, athlete_id) VALUES (4, 37);
INSERT INTO athlete_rankings (ranking_id, athlete_id) VALUES (9, 37);
INSERT INTO athlete_rankings (ranking_id, athlete_id) VALUES (14, 37);
INSERT INTO athlete_rankings (ranking_id, athlete_id) VALUES (16, 37);
INSERT INTO athlete_rankings (ranking_id, athlete_id) VALUES (19, 38);
INSERT INTO athlete_rankings (ranking_id, athlete_id) VALUES (15, 38);
INSERT INTO athlete_rankings (ranking_id, athlete_id) VALUES (10, 38);
INSERT INTO athlete_rankings (ranking_id, athlete_id) VALUES (12, 38);
INSERT INTO athlete_rankings (ranking_id, athlete_id) VALUES (7, 38);
INSERT INTO athlete_rankings (ranking_id, athlete_id) VALUES (8, 38);
INSERT INTO athlete_rankings (ranking_id, athlete_id) VALUES (3, 38);
INSERT INTO athlete_rankings (ranking_id, athlete_id) VALUES (2, 38);
INSERT INTO athlete_rankings (ranking_id, athlete_id) VALUES (16, 38);
INSERT INTO athlete_rankings (ranking_id, athlete_id) VALUES (11, 38);
INSERT INTO athlete_rankings (ranking_id, athlete_id) VALUES (1, 38);
INSERT INTO athlete_rankings (ranking_id, athlete_id) VALUES (4, 38);
INSERT INTO athlete_rankings (ranking_id, athlete_id) VALUES (13, 38);
INSERT INTO athlete_rankings (ranking_id, athlete_id) VALUES (5, 38);
INSERT INTO athlete_rankings (ranking_id, athlete_id) VALUES (6, 38);
INSERT INTO athlete_rankings (ranking_id, athlete_id) VALUES (17, 38);
INSERT INTO athlete_rankings (ranking_id, athlete_id) VALUES (11, 39);
INSERT INTO athlete_rankings (ranking_id, athlete_id) VALUES (15, 39);
INSERT INTO athlete_rankings (ranking_id, athlete_id) VALUES (1, 39);
INSERT INTO athlete_rankings (ranking_id, athlete_id) VALUES (6, 39);
INSERT INTO athlete_rankings (ranking_id, athlete_id) VALUES (12, 39);
INSERT INTO athlete_rankings (ranking_id, athlete_id) VALUES (16, 39);
INSERT INTO athlete_rankings (ranking_id, athlete_id) VALUES (17, 39);
INSERT INTO athlete_rankings (ranking_id, athlete_id) VALUES (3, 39);
INSERT INTO athlete_rankings (ranking_id, athlete_id) VALUES (8, 39);
INSERT INTO athlete_rankings (ranking_id, athlete_id) VALUES (10, 39);
INSERT INTO athlete_rankings (ranking_id, athlete_id) VALUES (15, 40);
INSERT INTO athlete_rankings (ranking_id, athlete_id) VALUES (14, 40);
INSERT INTO athlete_rankings (ranking_id, athlete_id) VALUES (6, 40);
INSERT INTO athlete_rankings (ranking_id, athlete_id) VALUES (15, 41);
INSERT INTO athlete_rankings (ranking_id, athlete_id) VALUES (11, 41);
INSERT INTO athlete_rankings (ranking_id, athlete_id) VALUES (9, 41);
INSERT INTO athlete_rankings (ranking_id, athlete_id) VALUES (5, 41);
INSERT INTO athlete_rankings (ranking_id, athlete_id) VALUES (1, 41);
INSERT INTO athlete_rankings (ranking_id, athlete_id) VALUES (1, 42);
INSERT INTO athlete_rankings (ranking_id, athlete_id) VALUES (12, 42);
INSERT INTO athlete_rankings (ranking_id, athlete_id) VALUES (6, 42);
INSERT INTO athlete_rankings (ranking_id, athlete_id) VALUES (7, 42);
INSERT INTO athlete_rankings (ranking_id, athlete_id) VALUES (3, 42);
INSERT INTO athlete_rankings (ranking_id, athlete_id) VALUES (20, 42);
INSERT INTO athlete_rankings (ranking_id, athlete_id) VALUES (8, 42);
INSERT INTO athlete_rankings (ranking_id, athlete_id) VALUES (9, 42);
INSERT INTO athlete_rankings (ranking_id, athlete_id) VALUES (2, 42);
INSERT INTO athlete_rankings (ranking_id, athlete_id) VALUES (10, 42);
INSERT INTO athlete_rankings (ranking_id, athlete_id) VALUES (17, 42);
INSERT INTO athlete_rankings (ranking_id, athlete_id) VALUES (15, 42);
INSERT INTO athlete_rankings (ranking_id, athlete_id) VALUES (14, 42);
INSERT INTO athlete_rankings (ranking_id, athlete_id) VALUES (9, 43);
INSERT INTO athlete_rankings (ranking_id, athlete_id) VALUES (10, 43);
INSERT INTO athlete_rankings (ranking_id, athlete_id) VALUES (7, 43);
INSERT INTO athlete_rankings (ranking_id, athlete_id) VALUES (8, 43);
INSERT INTO athlete_rankings (ranking_id, athlete_id) VALUES (12, 44);
INSERT INTO athlete_rankings (ranking_id, athlete_id) VALUES (3, 44);
INSERT INTO athlete_rankings (ranking_id, athlete_id) VALUES (6, 44);
INSERT INTO athlete_rankings (ranking_id, athlete_id) VALUES (10, 44);
INSERT INTO athlete_rankings (ranking_id, athlete_id) VALUES (18, 44);
INSERT INTO athlete_rankings (ranking_id, athlete_id) VALUES (14, 44);
INSERT INTO athlete_rankings (ranking_id, athlete_id) VALUES (8, 44);
INSERT INTO athlete_rankings (ranking_id, athlete_id) VALUES (16, 44);
INSERT INTO athlete_rankings (ranking_id, athlete_id) VALUES (13, 44);
INSERT INTO athlete_rankings (ranking_id, athlete_id) VALUES (10, 45);
INSERT INTO athlete_rankings (ranking_id, athlete_id) VALUES (16, 45);
INSERT INTO athlete_rankings (ranking_id, athlete_id) VALUES (5, 45);
INSERT INTO athlete_rankings (ranking_id, athlete_id) VALUES (11, 45);
INSERT INTO athlete_rankings (ranking_id, athlete_id) VALUES (4, 45);
INSERT INTO athlete_rankings (ranking_id, athlete_id) VALUES (19, 45);
INSERT INTO athlete_rankings (ranking_id, athlete_id) VALUES (15, 46);
INSERT INTO athlete_rankings (ranking_id, athlete_id) VALUES (11, 46);
INSERT INTO athlete_rankings (ranking_id, athlete_id) VALUES (20, 47);
INSERT INTO athlete_rankings (ranking_id, athlete_id) VALUES (12, 48);
INSERT INTO athlete_rankings (ranking_id, athlete_id) VALUES (15, 48);
INSERT INTO athlete_rankings (ranking_id, athlete_id) VALUES (6, 48);
INSERT INTO athlete_rankings (ranking_id, athlete_id) VALUES (2, 48);
INSERT INTO athlete_rankings (ranking_id, athlete_id) VALUES (7, 49);
INSERT INTO athlete_rankings (ranking_id, athlete_id) VALUES (10, 49);
INSERT INTO athlete_rankings (ranking_id, athlete_id) VALUES (8, 49);
INSERT INTO athlete_rankings (ranking_id, athlete_id) VALUES (2, 49);
INSERT INTO athlete_rankings (ranking_id, athlete_id) VALUES (5, 49);
INSERT INTO athlete_rankings (ranking_id, athlete_id) VALUES (18, 49);
INSERT INTO athlete_rankings (ranking_id, athlete_id) VALUES (6, 49);
INSERT INTO athlete_rankings (ranking_id, athlete_id) VALUES (1, 49);
INSERT INTO athlete_rankings (ranking_id, athlete_id) VALUES (16, 49);
INSERT INTO athlete_rankings (ranking_id, athlete_id) VALUES (3, 49);
INSERT INTO athlete_rankings (ranking_id, athlete_id) VALUES (4, 49);
INSERT INTO athlete_rankings (ranking_id, athlete_id) VALUES (19, 49);
INSERT INTO athlete_rankings (ranking_id, athlete_id) VALUES (9, 49);
INSERT INTO athlete_rankings (ranking_id, athlete_id) VALUES (15, 49);
INSERT INTO athlete_rankings (ranking_id, athlete_id) VALUES (12, 49);
INSERT INTO athlete_rankings (ranking_id, athlete_id) VALUES (11, 49);
INSERT INTO athlete_rankings (ranking_id, athlete_id) VALUES (20, 49);
INSERT INTO athlete_rankings (ranking_id, athlete_id) VALUES (9, 50);
INSERT INTO athlete_rankings (ranking_id, athlete_id) VALUES (3, 50);
INSERT INTO athlete_rankings (ranking_id, athlete_id) VALUES (15, 50);
INSERT INTO athlete_rankings (ranking_id, athlete_id) VALUES (19, 50);
INSERT INTO athlete_rankings (ranking_id, athlete_id) VALUES (14, 50);
INSERT INTO athlete_rankings (ranking_id, athlete_id) VALUES (8, 50);
INSERT INTO athlete_rankings (ranking_id, athlete_id) VALUES (11, 50);
INSERT INTO athlete_rankings (ranking_id, athlete_id) VALUES (13, 50);
INSERT INTO athlete_rankings (ranking_id, athlete_id) VALUES (16, 50);
INSERT INTO athlete_rankings (ranking_id, athlete_id) VALUES (17, 50);
INSERT INTO athlete_rankings (ranking_id, athlete_id) VALUES (12, 50);
INSERT INTO athlete_rankings (ranking_id, athlete_id) VALUES (2, 50);
INSERT INTO athlete_rankings (ranking_id, athlete_id) VALUES (6, 50);
INSERT INTO athlete_rankings (ranking_id, athlete_id) VALUES (10, 50);
INSERT INTO athlete_rankings (ranking_id, athlete_id) VALUES (18, 50);
INSERT INTO athlete_rankings (ranking_id, athlete_id) VALUES (20, 50);
INSERT INTO athlete_rankings (ranking_id, athlete_id) VALUES (5, 50);
INSERT INTO athlete_rankings (ranking_id, athlete_id) VALUES (1, 50);
INSERT INTO athlete_rankings (ranking_id, athlete_id) VALUES (7, 50);
INSERT INTO athlete_achievements (achievement_id, athlete_id) VALUES (28, 1);
INSERT INTO athlete_achievements (achievement_id, athlete_id) VALUES (19, 2);
INSERT INTO athlete_achievements (achievement_id, athlete_id) VALUES (30, 2);
INSERT INTO athlete_achievements (achievement_id, athlete_id) VALUES (14, 2);
INSERT INTO athlete_achievements (achievement_id, athlete_id) VALUES (13, 2);
INSERT INTO athlete_achievements (achievement_id, athlete_id) VALUES (11, 2);
INSERT INTO athlete_achievements (achievement_id, athlete_id) VALUES (4, 2);
INSERT INTO athlete_achievements (achievement_id, athlete_id) VALUES (9, 2);
INSERT INTO athlete_achievements (achievement_id, athlete_id) VALUES (2, 2);
INSERT INTO athlete_achievements (achievement_id, athlete_id) VALUES (17, 2);
INSERT INTO athlete_achievements (achievement_id, athlete_id) VALUES (25, 2);
INSERT INTO athlete_achievements (achievement_id, athlete_id) VALUES (16, 2);
INSERT INTO athlete_achievements (achievement_id, athlete_id) VALUES (28, 2);
INSERT INTO athlete_achievements (achievement_id, athlete_id) VALUES (21, 2);
INSERT INTO athlete_achievements (achievement_id, athlete_id) VALUES (22, 2);
INSERT INTO athlete_achievements (achievement_id, athlete_id) VALUES (18, 2);
INSERT INTO athlete_achievements (achievement_id, athlete_id) VALUES (20, 2);
INSERT INTO athlete_achievements (achievement_id, athlete_id) VALUES (27, 2);
INSERT INTO athlete_achievements (achievement_id, athlete_id) VALUES (8, 2);
INSERT INTO athlete_achievements (achievement_id, athlete_id) VALUES (12, 2);
INSERT INTO athlete_achievements (achievement_id, athlete_id) VALUES (5, 2);
INSERT INTO athlete_achievements (achievement_id, athlete_id) VALUES (28, 3);
INSERT INTO athlete_achievements (achievement_id, athlete_id) VALUES (29, 3);
INSERT INTO athlete_achievements (achievement_id, athlete_id) VALUES (21, 3);
INSERT INTO athlete_achievements (achievement_id, athlete_id) VALUES (6, 3);
INSERT INTO athlete_achievements (achievement_id, athlete_id) VALUES (11, 3);
INSERT INTO athlete_achievements (achievement_id, athlete_id) VALUES (23, 3);
INSERT INTO athlete_achievements (achievement_id, athlete_id) VALUES (16, 3);
INSERT INTO athlete_achievements (achievement_id, athlete_id) VALUES (30, 3);
INSERT INTO athlete_achievements (achievement_id, athlete_id) VALUES (27, 3);
INSERT INTO athlete_achievements (achievement_id, athlete_id) VALUES (4, 3);
INSERT INTO athlete_achievements (achievement_id, athlete_id) VALUES (10, 3);
INSERT INTO athlete_achievements (achievement_id, athlete_id) VALUES (12, 3);
INSERT INTO athlete_achievements (achievement_id, athlete_id) VALUES (25, 3);
INSERT INTO athlete_achievements (achievement_id, athlete_id) VALUES (17, 3);
INSERT INTO athlete_achievements (achievement_id, athlete_id) VALUES (8, 3);
INSERT INTO athlete_achievements (achievement_id, athlete_id) VALUES (19, 3);
INSERT INTO athlete_achievements (achievement_id, athlete_id) VALUES (15, 3);
INSERT INTO athlete_achievements (achievement_id, athlete_id) VALUES (3, 3);
INSERT INTO athlete_achievements (achievement_id, athlete_id) VALUES (14, 3);
INSERT INTO athlete_achievements (achievement_id, athlete_id) VALUES (9, 3);
INSERT INTO athlete_achievements (achievement_id, athlete_id) VALUES (20, 3);
INSERT INTO athlete_achievements (achievement_id, athlete_id) VALUES (18, 4);
INSERT INTO athlete_achievements (achievement_id, athlete_id) VALUES (19, 4);
INSERT INTO athlete_achievements (achievement_id, athlete_id) VALUES (11, 4);
INSERT INTO athlete_achievements (achievement_id, athlete_id) VALUES (26, 4);
INSERT INTO athlete_achievements (achievement_id, athlete_id) VALUES (8, 4);
INSERT INTO athlete_achievements (achievement_id, athlete_id) VALUES (25, 4);
INSERT INTO athlete_achievements (achievement_id, athlete_id) VALUES (20, 4);
INSERT INTO athlete_achievements (achievement_id, athlete_id) VALUES (30, 4);
INSERT INTO athlete_achievements (achievement_id, athlete_id) VALUES (1, 4);
INSERT INTO athlete_achievements (achievement_id, athlete_id) VALUES (16, 4);
INSERT INTO athlete_achievements (achievement_id, athlete_id) VALUES (29, 4);
INSERT INTO athlete_achievements (achievement_id, athlete_id) VALUES (24, 4);
INSERT INTO athlete_achievements (achievement_id, athlete_id) VALUES (3, 4);
INSERT INTO athlete_achievements (achievement_id, athlete_id) VALUES (2, 4);
INSERT INTO athlete_achievements (achievement_id, athlete_id) VALUES (9, 4);
INSERT INTO athlete_achievements (achievement_id, athlete_id) VALUES (4, 4);
INSERT INTO athlete_achievements (achievement_id, athlete_id) VALUES (7, 4);
INSERT INTO athlete_achievements (achievement_id, athlete_id) VALUES (10, 4);
INSERT INTO athlete_achievements (achievement_id, athlete_id) VALUES (28, 4);
INSERT INTO athlete_achievements (achievement_id, athlete_id) VALUES (6, 4);
INSERT INTO athlete_achievements (achievement_id, athlete_id) VALUES (14, 4);
INSERT INTO athlete_achievements (achievement_id, athlete_id) VALUES (15, 4);
INSERT INTO athlete_achievements (achievement_id, athlete_id) VALUES (17, 4);
INSERT INTO athlete_achievements (achievement_id, athlete_id) VALUES (5, 4);
INSERT INTO athlete_achievements (achievement_id, athlete_id) VALUES (22, 4);
INSERT INTO athlete_achievements (achievement_id, athlete_id) VALUES (21, 4);
INSERT INTO athlete_achievements (achievement_id, athlete_id) VALUES (13, 4);
INSERT INTO athlete_achievements (achievement_id, athlete_id) VALUES (23, 4);
INSERT INTO athlete_achievements (achievement_id, athlete_id) VALUES (27, 4);
INSERT INTO athlete_achievements (achievement_id, athlete_id) VALUES (27, 5);
INSERT INTO athlete_achievements (achievement_id, athlete_id) VALUES (1, 5);
INSERT INTO athlete_achievements (achievement_id, athlete_id) VALUES (14, 5);
INSERT INTO athlete_achievements (achievement_id, athlete_id) VALUES (3, 5);
INSERT INTO athlete_achievements (achievement_id, athlete_id) VALUES (7, 5);
INSERT INTO athlete_achievements (achievement_id, athlete_id) VALUES (11, 5);
INSERT INTO athlete_achievements (achievement_id, athlete_id) VALUES (20, 5);
INSERT INTO athlete_achievements (achievement_id, athlete_id) VALUES (26, 5);
INSERT INTO athlete_achievements (achievement_id, athlete_id) VALUES (5, 5);
INSERT INTO athlete_achievements (achievement_id, athlete_id) VALUES (18, 5);
INSERT INTO athlete_achievements (achievement_id, athlete_id) VALUES (24, 5);
INSERT INTO athlete_achievements (achievement_id, athlete_id) VALUES (12, 5);
INSERT INTO athlete_achievements (achievement_id, athlete_id) VALUES (28, 5);
INSERT INTO athlete_achievements (achievement_id, athlete_id) VALUES (10, 5);
INSERT INTO athlete_achievements (achievement_id, athlete_id) VALUES (25, 5);
INSERT INTO athlete_achievements (achievement_id, athlete_id) VALUES (17, 5);
INSERT INTO athlete_achievements (achievement_id, athlete_id) VALUES (26, 6);
INSERT INTO athlete_achievements (achievement_id, athlete_id) VALUES (22, 6);
INSERT INTO athlete_achievements (achievement_id, athlete_id) VALUES (11, 6);
INSERT INTO athlete_achievements (achievement_id, athlete_id) VALUES (16, 6);
INSERT INTO athlete_achievements (achievement_id, athlete_id) VALUES (12, 6);
INSERT INTO athlete_achievements (achievement_id, athlete_id) VALUES (4, 6);
INSERT INTO athlete_achievements (achievement_id, athlete_id) VALUES (29, 6);
INSERT INTO athlete_achievements (achievement_id, athlete_id) VALUES (8, 6);
INSERT INTO athlete_achievements (achievement_id, athlete_id) VALUES (5, 6);
INSERT INTO athlete_achievements (achievement_id, athlete_id) VALUES (6, 6);
INSERT INTO athlete_achievements (achievement_id, athlete_id) VALUES (15, 6);
INSERT INTO athlete_achievements (achievement_id, athlete_id) VALUES (30, 6);
INSERT INTO athlete_achievements (achievement_id, athlete_id) VALUES (20, 6);
INSERT INTO athlete_achievements (achievement_id, athlete_id) VALUES (28, 6);
INSERT INTO athlete_achievements (achievement_id, athlete_id) VALUES (10, 6);
INSERT INTO athlete_achievements (achievement_id, athlete_id) VALUES (25, 6);
INSERT INTO athlete_achievements (achievement_id, athlete_id) VALUES (18, 6);
INSERT INTO athlete_achievements (achievement_id, athlete_id) VALUES (27, 6);
INSERT INTO athlete_achievements (achievement_id, athlete_id) VALUES (2, 6);
INSERT INTO athlete_achievements (achievement_id, athlete_id) VALUES (14, 6);
INSERT INTO athlete_achievements (achievement_id, athlete_id) VALUES (17, 7);
INSERT INTO athlete_achievements (achievement_id, athlete_id) VALUES (23, 7);
INSERT INTO athlete_achievements (achievement_id, athlete_id) VALUES (2, 7);
INSERT INTO athlete_achievements (achievement_id, athlete_id) VALUES (10, 7);
INSERT INTO athlete_achievements (achievement_id, athlete_id) VALUES (15, 7);
INSERT INTO athlete_achievements (achievement_id, athlete_id) VALUES (22, 7);
INSERT INTO athlete_achievements (achievement_id, athlete_id) VALUES (28, 7);
INSERT INTO athlete_achievements (achievement_id, athlete_id) VALUES (7, 7);
INSERT INTO athlete_achievements (achievement_id, athlete_id) VALUES (8, 7);
INSERT INTO athlete_achievements (achievement_id, athlete_id) VALUES (3, 7);
INSERT INTO athlete_achievements (achievement_id, athlete_id) VALUES (30, 7);
INSERT INTO athlete_achievements (achievement_id, athlete_id) VALUES (27, 7);
INSERT INTO athlete_achievements (achievement_id, athlete_id) VALUES (4, 7);
INSERT INTO athlete_achievements (achievement_id, athlete_id) VALUES (20, 7);
INSERT INTO athlete_achievements (achievement_id, athlete_id) VALUES (1, 7);
INSERT INTO athlete_achievements (achievement_id, athlete_id) VALUES (5, 8);
INSERT INTO athlete_achievements (achievement_id, athlete_id) VALUES (12, 8);
INSERT INTO athlete_achievements (achievement_id, athlete_id) VALUES (16, 8);
INSERT INTO athlete_achievements (achievement_id, athlete_id) VALUES (26, 8);
INSERT INTO athlete_achievements (achievement_id, athlete_id) VALUES (24, 8);
INSERT INTO athlete_achievements (achievement_id, athlete_id) VALUES (22, 8);
INSERT INTO athlete_achievements (achievement_id, athlete_id) VALUES (17, 8);
INSERT INTO athlete_achievements (achievement_id, athlete_id) VALUES (6, 8);
INSERT INTO athlete_achievements (achievement_id, athlete_id) VALUES (21, 8);
INSERT INTO athlete_achievements (achievement_id, athlete_id) VALUES (20, 8);
INSERT INTO athlete_achievements (achievement_id, athlete_id) VALUES (27, 8);
INSERT INTO athlete_achievements (achievement_id, athlete_id) VALUES (7, 8);
INSERT INTO athlete_achievements (achievement_id, athlete_id) VALUES (2, 8);
INSERT INTO athlete_achievements (achievement_id, athlete_id) VALUES (3, 8);
INSERT INTO athlete_achievements (achievement_id, athlete_id) VALUES (10, 8);
INSERT INTO athlete_achievements (achievement_id, athlete_id) VALUES (14, 8);
INSERT INTO athlete_achievements (achievement_id, athlete_id) VALUES (15, 8);
INSERT INTO athlete_achievements (achievement_id, athlete_id) VALUES (30, 8);
INSERT INTO athlete_achievements (achievement_id, athlete_id) VALUES (18, 8);
INSERT INTO athlete_achievements (achievement_id, athlete_id) VALUES (11, 8);
INSERT INTO athlete_achievements (achievement_id, athlete_id) VALUES (1, 8);
INSERT INTO athlete_achievements (achievement_id, athlete_id) VALUES (29, 8);
INSERT INTO athlete_achievements (achievement_id, athlete_id) VALUES (23, 8);
INSERT INTO athlete_achievements (achievement_id, athlete_id) VALUES (13, 8);
INSERT INTO athlete_achievements (achievement_id, athlete_id) VALUES (25, 8);
INSERT INTO athlete_achievements (achievement_id, athlete_id) VALUES (8, 8);
INSERT INTO athlete_achievements (achievement_id, athlete_id) VALUES (23, 9);
INSERT INTO athlete_achievements (achievement_id, athlete_id) VALUES (30, 9);
INSERT INTO athlete_achievements (achievement_id, athlete_id) VALUES (3, 9);
INSERT INTO athlete_achievements (achievement_id, athlete_id) VALUES (24, 9);
INSERT INTO athlete_achievements (achievement_id, athlete_id) VALUES (29, 9);
INSERT INTO athlete_achievements (achievement_id, athlete_id) VALUES (2, 9);
INSERT INTO athlete_achievements (achievement_id, athlete_id) VALUES (27, 9);
INSERT INTO athlete_achievements (achievement_id, athlete_id) VALUES (17, 9);
INSERT INTO athlete_achievements (achievement_id, athlete_id) VALUES (9, 9);
INSERT INTO athlete_achievements (achievement_id, athlete_id) VALUES (6, 9);
INSERT INTO athlete_achievements (achievement_id, athlete_id) VALUES (13, 9);
INSERT INTO athlete_achievements (achievement_id, athlete_id) VALUES (18, 9);
INSERT INTO athlete_achievements (achievement_id, athlete_id) VALUES (4, 9);
INSERT INTO athlete_achievements (achievement_id, athlete_id) VALUES (15, 9);
INSERT INTO athlete_achievements (achievement_id, athlete_id) VALUES (7, 9);
INSERT INTO athlete_achievements (achievement_id, athlete_id) VALUES (11, 9);
INSERT INTO athlete_achievements (achievement_id, athlete_id) VALUES (21, 9);
INSERT INTO athlete_achievements (achievement_id, athlete_id) VALUES (1, 9);
INSERT INTO athlete_achievements (achievement_id, athlete_id) VALUES (12, 9);
INSERT INTO athlete_achievements (achievement_id, athlete_id) VALUES (8, 9);
INSERT INTO athlete_achievements (achievement_id, athlete_id) VALUES (25, 9);
INSERT INTO athlete_achievements (achievement_id, athlete_id) VALUES (20, 9);
INSERT INTO athlete_achievements (achievement_id, athlete_id) VALUES (28, 9);
INSERT INTO athlete_achievements (achievement_id, athlete_id) VALUES (18, 10);
INSERT INTO athlete_achievements (achievement_id, athlete_id) VALUES (14, 10);
INSERT INTO athlete_achievements (achievement_id, athlete_id) VALUES (9, 10);
INSERT INTO athlete_achievements (achievement_id, athlete_id) VALUES (6, 10);
INSERT INTO athlete_achievements (achievement_id, athlete_id) VALUES (13, 11);
INSERT INTO athlete_achievements (achievement_id, athlete_id) VALUES (7, 11);
INSERT INTO athlete_achievements (achievement_id, athlete_id) VALUES (18, 11);
INSERT INTO athlete_achievements (achievement_id, athlete_id) VALUES (14, 11);
INSERT INTO athlete_achievements (achievement_id, athlete_id) VALUES (23, 11);
INSERT INTO athlete_achievements (achievement_id, athlete_id) VALUES (6, 11);
INSERT INTO athlete_achievements (achievement_id, athlete_id) VALUES (17, 11);
INSERT INTO athlete_achievements (achievement_id, athlete_id) VALUES (20, 11);
INSERT INTO athlete_achievements (achievement_id, athlete_id) VALUES (9, 11);
INSERT INTO athlete_achievements (achievement_id, athlete_id) VALUES (22, 11);
INSERT INTO athlete_achievements (achievement_id, athlete_id) VALUES (10, 11);
INSERT INTO athlete_achievements (achievement_id, athlete_id) VALUES (29, 11);
INSERT INTO athlete_achievements (achievement_id, athlete_id) VALUES (21, 11);
INSERT INTO athlete_achievements (achievement_id, athlete_id) VALUES (20, 12);
INSERT INTO athlete_achievements (achievement_id, athlete_id) VALUES (24, 12);
INSERT INTO athlete_achievements (achievement_id, athlete_id) VALUES (4, 12);
INSERT INTO athlete_achievements (achievement_id, athlete_id) VALUES (15, 12);
INSERT INTO athlete_achievements (achievement_id, athlete_id) VALUES (28, 12);
INSERT INTO athlete_achievements (achievement_id, athlete_id) VALUES (18, 12);
INSERT INTO athlete_achievements (achievement_id, athlete_id) VALUES (25, 12);
INSERT INTO athlete_achievements (achievement_id, athlete_id) VALUES (13, 12);
INSERT INTO athlete_achievements (achievement_id, athlete_id) VALUES (27, 12);
INSERT INTO athlete_achievements (achievement_id, athlete_id) VALUES (14, 12);
INSERT INTO athlete_achievements (achievement_id, athlete_id) VALUES (11, 12);
INSERT INTO athlete_achievements (achievement_id, athlete_id) VALUES (9, 12);
INSERT INTO athlete_achievements (achievement_id, athlete_id) VALUES (16, 12);
INSERT INTO athlete_achievements (achievement_id, athlete_id) VALUES (23, 12);
INSERT INTO athlete_achievements (achievement_id, athlete_id) VALUES (17, 12);
INSERT INTO athlete_achievements (achievement_id, athlete_id) VALUES (12, 12);
INSERT INTO athlete_achievements (achievement_id, athlete_id) VALUES (5, 12);
INSERT INTO athlete_achievements (achievement_id, athlete_id) VALUES (7, 12);
INSERT INTO athlete_achievements (achievement_id, athlete_id) VALUES (26, 12);
INSERT INTO athlete_achievements (achievement_id, athlete_id) VALUES (11, 13);
INSERT INTO athlete_achievements (achievement_id, athlete_id) VALUES (1, 13);
INSERT INTO athlete_achievements (achievement_id, athlete_id) VALUES (3, 13);
INSERT INTO athlete_achievements (achievement_id, athlete_id) VALUES (24, 13);
INSERT INTO athlete_achievements (achievement_id, athlete_id) VALUES (2, 13);
INSERT INTO athlete_achievements (achievement_id, athlete_id) VALUES (19, 13);
INSERT INTO athlete_achievements (achievement_id, athlete_id) VALUES (17, 13);
INSERT INTO athlete_achievements (achievement_id, athlete_id) VALUES (15, 13);
INSERT INTO athlete_achievements (achievement_id, athlete_id) VALUES (12, 13);
INSERT INTO athlete_achievements (achievement_id, athlete_id) VALUES (10, 13);
INSERT INTO athlete_achievements (achievement_id, athlete_id) VALUES (22, 13);
INSERT INTO athlete_achievements (achievement_id, athlete_id) VALUES (14, 13);
INSERT INTO athlete_achievements (achievement_id, athlete_id) VALUES (21, 13);
INSERT INTO athlete_achievements (achievement_id, athlete_id) VALUES (29, 13);
INSERT INTO athlete_achievements (achievement_id, athlete_id) VALUES (20, 13);
INSERT INTO athlete_achievements (achievement_id, athlete_id) VALUES (28, 13);
INSERT INTO athlete_achievements (achievement_id, athlete_id) VALUES (23, 13);
INSERT INTO athlete_achievements (achievement_id, athlete_id) VALUES (30, 13);
INSERT INTO athlete_achievements (achievement_id, athlete_id) VALUES (8, 13);
INSERT INTO athlete_achievements (achievement_id, athlete_id) VALUES (16, 13);
INSERT INTO athlete_achievements (achievement_id, athlete_id) VALUES (25, 13);
INSERT INTO athlete_achievements (achievement_id, athlete_id) VALUES (18, 13);
INSERT INTO athlete_achievements (achievement_id, athlete_id) VALUES (6, 13);
INSERT INTO athlete_achievements (achievement_id, athlete_id) VALUES (4, 13);
INSERT INTO athlete_achievements (achievement_id, athlete_id) VALUES (9, 13);
INSERT INTO athlete_achievements (achievement_id, athlete_id) VALUES (26, 13);
INSERT INTO athlete_achievements (achievement_id, athlete_id) VALUES (13, 13);
INSERT INTO athlete_achievements (achievement_id, athlete_id) VALUES (27, 13);
INSERT INTO athlete_achievements (achievement_id, athlete_id) VALUES (5, 13);
INSERT INTO athlete_achievements (achievement_id, athlete_id) VALUES (6, 14);
INSERT INTO athlete_achievements (achievement_id, athlete_id) VALUES (21, 14);
INSERT INTO athlete_achievements (achievement_id, athlete_id) VALUES (12, 14);
INSERT INTO athlete_achievements (achievement_id, athlete_id) VALUES (19, 14);
INSERT INTO athlete_achievements (achievement_id, athlete_id) VALUES (24, 14);
INSERT INTO athlete_achievements (achievement_id, athlete_id) VALUES (4, 14);
INSERT INTO athlete_achievements (achievement_id, athlete_id) VALUES (14, 14);
INSERT INTO athlete_achievements (achievement_id, athlete_id) VALUES (10, 14);
INSERT INTO athlete_achievements (achievement_id, athlete_id) VALUES (1, 14);
INSERT INTO athlete_achievements (achievement_id, athlete_id) VALUES (2, 14);
INSERT INTO athlete_achievements (achievement_id, athlete_id) VALUES (15, 14);
INSERT INTO athlete_achievements (achievement_id, athlete_id) VALUES (18, 14);
INSERT INTO athlete_achievements (achievement_id, athlete_id) VALUES (25, 14);
INSERT INTO athlete_achievements (achievement_id, athlete_id) VALUES (20, 14);
INSERT INTO athlete_achievements (achievement_id, athlete_id) VALUES (30, 14);
INSERT INTO athlete_achievements (achievement_id, athlete_id) VALUES (11, 14);
INSERT INTO athlete_achievements (achievement_id, athlete_id) VALUES (26, 14);
INSERT INTO athlete_achievements (achievement_id, athlete_id) VALUES (9, 14);
INSERT INTO athlete_achievements (achievement_id, athlete_id) VALUES (7, 14);
INSERT INTO athlete_achievements (achievement_id, athlete_id) VALUES (22, 15);
INSERT INTO athlete_achievements (achievement_id, athlete_id) VALUES (19, 15);
INSERT INTO athlete_achievements (achievement_id, athlete_id) VALUES (18, 15);
INSERT INTO athlete_achievements (achievement_id, athlete_id) VALUES (28, 16);
INSERT INTO athlete_achievements (achievement_id, athlete_id) VALUES (1, 16);
INSERT INTO athlete_achievements (achievement_id, athlete_id) VALUES (24, 17);
INSERT INTO athlete_achievements (achievement_id, athlete_id) VALUES (3, 17);
INSERT INTO athlete_achievements (achievement_id, athlete_id) VALUES (12, 17);
INSERT INTO athlete_achievements (achievement_id, athlete_id) VALUES (8, 17);
INSERT INTO athlete_achievements (achievement_id, athlete_id) VALUES (22, 17);
INSERT INTO athlete_achievements (achievement_id, athlete_id) VALUES (29, 17);
INSERT INTO athlete_achievements (achievement_id, athlete_id) VALUES (15, 17);
INSERT INTO athlete_achievements (achievement_id, athlete_id) VALUES (7, 17);
INSERT INTO athlete_achievements (achievement_id, athlete_id) VALUES (4, 17);
INSERT INTO athlete_achievements (achievement_id, athlete_id) VALUES (11, 17);
INSERT INTO athlete_achievements (achievement_id, athlete_id) VALUES (26, 17);
INSERT INTO athlete_achievements (achievement_id, athlete_id) VALUES (18, 17);
INSERT INTO athlete_achievements (achievement_id, athlete_id) VALUES (9, 17);
INSERT INTO athlete_achievements (achievement_id, athlete_id) VALUES (19, 17);
INSERT INTO athlete_achievements (achievement_id, athlete_id) VALUES (2, 17);
INSERT INTO athlete_achievements (achievement_id, athlete_id) VALUES (20, 17);
INSERT INTO athlete_achievements (achievement_id, athlete_id) VALUES (21, 17);
INSERT INTO athlete_achievements (achievement_id, athlete_id) VALUES (23, 17);
INSERT INTO athlete_achievements (achievement_id, athlete_id) VALUES (6, 17);
INSERT INTO athlete_achievements (achievement_id, athlete_id) VALUES (14, 17);
INSERT INTO athlete_achievements (achievement_id, athlete_id) VALUES (17, 17);
INSERT INTO athlete_achievements (achievement_id, athlete_id) VALUES (10, 17);
INSERT INTO athlete_achievements (achievement_id, athlete_id) VALUES (28, 17);
INSERT INTO athlete_achievements (achievement_id, athlete_id) VALUES (26, 18);
INSERT INTO athlete_achievements (achievement_id, athlete_id) VALUES (10, 18);
INSERT INTO athlete_achievements (achievement_id, athlete_id) VALUES (14, 18);
INSERT INTO athlete_achievements (achievement_id, athlete_id) VALUES (16, 18);
INSERT INTO athlete_achievements (achievement_id, athlete_id) VALUES (4, 18);
INSERT INTO athlete_achievements (achievement_id, athlete_id) VALUES (2, 18);
INSERT INTO athlete_achievements (achievement_id, athlete_id) VALUES (13, 18);
INSERT INTO athlete_achievements (achievement_id, athlete_id) VALUES (8, 18);
INSERT INTO athlete_achievements (achievement_id, athlete_id) VALUES (20, 18);
INSERT INTO athlete_achievements (achievement_id, athlete_id) VALUES (3, 18);
INSERT INTO athlete_achievements (achievement_id, athlete_id) VALUES (19, 18);
INSERT INTO athlete_achievements (achievement_id, athlete_id) VALUES (28, 18);
INSERT INTO athlete_achievements (achievement_id, athlete_id) VALUES (5, 18);
INSERT INTO athlete_achievements (achievement_id, athlete_id) VALUES (18, 18);
INSERT INTO athlete_achievements (achievement_id, athlete_id) VALUES (23, 18);
INSERT INTO athlete_achievements (achievement_id, athlete_id) VALUES (6, 18);
INSERT INTO athlete_achievements (achievement_id, athlete_id) VALUES (30, 18);
INSERT INTO athlete_achievements (achievement_id, athlete_id) VALUES (1, 18);
INSERT INTO athlete_achievements (achievement_id, athlete_id) VALUES (7, 18);
INSERT INTO athlete_achievements (achievement_id, athlete_id) VALUES (29, 18);
INSERT INTO athlete_achievements (achievement_id, athlete_id) VALUES (27, 18);
INSERT INTO athlete_achievements (achievement_id, athlete_id) VALUES (4, 19);
INSERT INTO athlete_achievements (achievement_id, athlete_id) VALUES (12, 19);
INSERT INTO athlete_achievements (achievement_id, athlete_id) VALUES (30, 19);
INSERT INTO athlete_achievements (achievement_id, athlete_id) VALUES (17, 19);
INSERT INTO athlete_achievements (achievement_id, athlete_id) VALUES (27, 19);
INSERT INTO athlete_achievements (achievement_id, athlete_id) VALUES (6, 19);
INSERT INTO athlete_achievements (achievement_id, athlete_id) VALUES (21, 19);
INSERT INTO athlete_achievements (achievement_id, athlete_id) VALUES (9, 19);
INSERT INTO athlete_achievements (achievement_id, athlete_id) VALUES (1, 19);
INSERT INTO athlete_achievements (achievement_id, athlete_id) VALUES (18, 19);
INSERT INTO athlete_achievements (achievement_id, athlete_id) VALUES (3, 19);
INSERT INTO athlete_achievements (achievement_id, athlete_id) VALUES (10, 19);
INSERT INTO athlete_achievements (achievement_id, athlete_id) VALUES (19, 19);
INSERT INTO athlete_achievements (achievement_id, athlete_id) VALUES (29, 19);
INSERT INTO athlete_achievements (achievement_id, athlete_id) VALUES (16, 19);
INSERT INTO athlete_achievements (achievement_id, athlete_id) VALUES (20, 19);
INSERT INTO athlete_achievements (achievement_id, athlete_id) VALUES (7, 19);
INSERT INTO athlete_achievements (achievement_id, athlete_id) VALUES (24, 19);
INSERT INTO athlete_achievements (achievement_id, athlete_id) VALUES (23, 19);
INSERT INTO athlete_achievements (achievement_id, athlete_id) VALUES (15, 19);
INSERT INTO athlete_achievements (achievement_id, athlete_id) VALUES (28, 19);
INSERT INTO athlete_achievements (achievement_id, athlete_id) VALUES (25, 19);
INSERT INTO athlete_achievements (achievement_id, athlete_id) VALUES (11, 19);
INSERT INTO athlete_achievements (achievement_id, athlete_id) VALUES (2, 19);
INSERT INTO athlete_achievements (achievement_id, athlete_id) VALUES (22, 19);
INSERT INTO athlete_achievements (achievement_id, athlete_id) VALUES (5, 19);
INSERT INTO athlete_achievements (achievement_id, athlete_id) VALUES (26, 19);
INSERT INTO athlete_achievements (achievement_id, athlete_id) VALUES (13, 19);
INSERT INTO athlete_achievements (achievement_id, athlete_id) VALUES (8, 19);
INSERT INTO athlete_achievements (achievement_id, athlete_id) VALUES (9, 20);
INSERT INTO athlete_achievements (achievement_id, athlete_id) VALUES (6, 20);
INSERT INTO athlete_achievements (achievement_id, athlete_id) VALUES (29, 20);
INSERT INTO athlete_achievements (achievement_id, athlete_id) VALUES (2, 20);
INSERT INTO athlete_achievements (achievement_id, athlete_id) VALUES (15, 20);
INSERT INTO athlete_achievements (achievement_id, athlete_id) VALUES (18, 20);
INSERT INTO athlete_achievements (achievement_id, athlete_id) VALUES (14, 20);
INSERT INTO athlete_achievements (achievement_id, athlete_id) VALUES (11, 20);
INSERT INTO athlete_achievements (achievement_id, athlete_id) VALUES (8, 20);
INSERT INTO athlete_achievements (achievement_id, athlete_id) VALUES (20, 20);
INSERT INTO athlete_achievements (achievement_id, athlete_id) VALUES (10, 20);
INSERT INTO athlete_achievements (achievement_id, athlete_id) VALUES (17, 20);
INSERT INTO athlete_achievements (achievement_id, athlete_id) VALUES (23, 20);
INSERT INTO athlete_achievements (achievement_id, athlete_id) VALUES (7, 20);
INSERT INTO athlete_achievements (achievement_id, athlete_id) VALUES (12, 20);
INSERT INTO athlete_achievements (achievement_id, athlete_id) VALUES (4, 20);
INSERT INTO athlete_achievements (achievement_id, athlete_id) VALUES (22, 20);
INSERT INTO athlete_achievements (achievement_id, athlete_id) VALUES (26, 20);
INSERT INTO athlete_achievements (achievement_id, athlete_id) VALUES (5, 20);
INSERT INTO athlete_achievements (achievement_id, athlete_id) VALUES (21, 20);
INSERT INTO athlete_achievements (achievement_id, athlete_id) VALUES (13, 20);
INSERT INTO athlete_achievements (achievement_id, athlete_id) VALUES (16, 20);
INSERT INTO athlete_achievements (achievement_id, athlete_id) VALUES (20, 21);
INSERT INTO athlete_achievements (achievement_id, athlete_id) VALUES (21, 21);
INSERT INTO athlete_achievements (achievement_id, athlete_id) VALUES (26, 21);
INSERT INTO athlete_achievements (achievement_id, athlete_id) VALUES (27, 21);
INSERT INTO athlete_achievements (achievement_id, athlete_id) VALUES (22, 21);
INSERT INTO athlete_achievements (achievement_id, athlete_id) VALUES (1, 21);
INSERT INTO athlete_achievements (achievement_id, athlete_id) VALUES (29, 21);
INSERT INTO athlete_achievements (achievement_id, athlete_id) VALUES (15, 21);
INSERT INTO athlete_achievements (achievement_id, athlete_id) VALUES (6, 22);
INSERT INTO athlete_achievements (achievement_id, athlete_id) VALUES (28, 22);
INSERT INTO athlete_achievements (achievement_id, athlete_id) VALUES (27, 22);
INSERT INTO athlete_achievements (achievement_id, athlete_id) VALUES (7, 22);
INSERT INTO athlete_achievements (achievement_id, athlete_id) VALUES (12, 22);
INSERT INTO athlete_achievements (achievement_id, athlete_id) VALUES (21, 22);
INSERT INTO athlete_achievements (achievement_id, athlete_id) VALUES (15, 23);
INSERT INTO athlete_achievements (achievement_id, athlete_id) VALUES (19, 23);
INSERT INTO athlete_achievements (achievement_id, athlete_id) VALUES (30, 23);
INSERT INTO athlete_achievements (achievement_id, athlete_id) VALUES (3, 23);
INSERT INTO athlete_achievements (achievement_id, athlete_id) VALUES (23, 23);
INSERT INTO athlete_achievements (achievement_id, athlete_id) VALUES (27, 23);
INSERT INTO athlete_achievements (achievement_id, athlete_id) VALUES (1, 23);
INSERT INTO athlete_achievements (achievement_id, athlete_id) VALUES (4, 23);
INSERT INTO athlete_achievements (achievement_id, athlete_id) VALUES (22, 23);
INSERT INTO athlete_achievements (achievement_id, athlete_id) VALUES (6, 23);
INSERT INTO athlete_achievements (achievement_id, athlete_id) VALUES (10, 23);
INSERT INTO athlete_achievements (achievement_id, athlete_id) VALUES (28, 23);
INSERT INTO athlete_achievements (achievement_id, athlete_id) VALUES (12, 23);
INSERT INTO athlete_achievements (achievement_id, athlete_id) VALUES (29, 24);
INSERT INTO athlete_achievements (achievement_id, athlete_id) VALUES (1, 24);
INSERT INTO athlete_achievements (achievement_id, athlete_id) VALUES (5, 24);
INSERT INTO athlete_achievements (achievement_id, athlete_id) VALUES (16, 24);
INSERT INTO athlete_achievements (achievement_id, athlete_id) VALUES (10, 24);
INSERT INTO athlete_achievements (achievement_id, athlete_id) VALUES (4, 24);
INSERT INTO athlete_achievements (achievement_id, athlete_id) VALUES (3, 24);
INSERT INTO athlete_achievements (achievement_id, athlete_id) VALUES (6, 24);
INSERT INTO athlete_achievements (achievement_id, athlete_id) VALUES (19, 24);
INSERT INTO athlete_achievements (achievement_id, athlete_id) VALUES (21, 24);
INSERT INTO athlete_achievements (achievement_id, athlete_id) VALUES (13, 24);
INSERT INTO athlete_achievements (achievement_id, athlete_id) VALUES (2, 24);
INSERT INTO athlete_achievements (achievement_id, athlete_id) VALUES (25, 24);
INSERT INTO athlete_achievements (achievement_id, athlete_id) VALUES (14, 24);
INSERT INTO athlete_achievements (achievement_id, athlete_id) VALUES (11, 24);
INSERT INTO athlete_achievements (achievement_id, athlete_id) VALUES (24, 24);
INSERT INTO athlete_achievements (achievement_id, athlete_id) VALUES (7, 24);
INSERT INTO athlete_achievements (achievement_id, athlete_id) VALUES (17, 24);
INSERT INTO athlete_achievements (achievement_id, athlete_id) VALUES (22, 24);
INSERT INTO athlete_achievements (achievement_id, athlete_id) VALUES (27, 24);
INSERT INTO athlete_achievements (achievement_id, athlete_id) VALUES (15, 24);
INSERT INTO athlete_achievements (achievement_id, athlete_id) VALUES (20, 24);
INSERT INTO athlete_achievements (achievement_id, athlete_id) VALUES (18, 24);
INSERT INTO athlete_achievements (achievement_id, athlete_id) VALUES (8, 24);
INSERT INTO athlete_achievements (achievement_id, athlete_id) VALUES (21, 25);
INSERT INTO athlete_achievements (achievement_id, athlete_id) VALUES (17, 25);
INSERT INTO athlete_achievements (achievement_id, athlete_id) VALUES (29, 25);
INSERT INTO athlete_achievements (achievement_id, athlete_id) VALUES (26, 25);
INSERT INTO athlete_achievements (achievement_id, athlete_id) VALUES (8, 25);
INSERT INTO athlete_achievements (achievement_id, athlete_id) VALUES (7, 25);
INSERT INTO athlete_achievements (achievement_id, athlete_id) VALUES (19, 25);
INSERT INTO athlete_achievements (achievement_id, athlete_id) VALUES (30, 25);
INSERT INTO athlete_achievements (achievement_id, athlete_id) VALUES (28, 25);
INSERT INTO athlete_achievements (achievement_id, athlete_id) VALUES (20, 25);
INSERT INTO athlete_achievements (achievement_id, athlete_id) VALUES (25, 25);
INSERT INTO athlete_achievements (achievement_id, athlete_id) VALUES (4, 25);
INSERT INTO athlete_achievements (achievement_id, athlete_id) VALUES (1, 25);
INSERT INTO athlete_achievements (achievement_id, athlete_id) VALUES (6, 25);
INSERT INTO athlete_achievements (achievement_id, athlete_id) VALUES (3, 25);
INSERT INTO athlete_achievements (achievement_id, athlete_id) VALUES (16, 25);
INSERT INTO athlete_achievements (achievement_id, athlete_id) VALUES (9, 25);
INSERT INTO athlete_achievements (achievement_id, athlete_id) VALUES (14, 25);
INSERT INTO athlete_achievements (achievement_id, athlete_id) VALUES (10, 25);
INSERT INTO athlete_achievements (achievement_id, athlete_id) VALUES (18, 25);
INSERT INTO athlete_achievements (achievement_id, athlete_id) VALUES (15, 25);
INSERT INTO athlete_achievements (achievement_id, athlete_id) VALUES (5, 25);
INSERT INTO athlete_achievements (achievement_id, athlete_id) VALUES (23, 25);
INSERT INTO athlete_achievements (achievement_id, athlete_id) VALUES (27, 25);
INSERT INTO athlete_achievements (achievement_id, athlete_id) VALUES (13, 25);
INSERT INTO athlete_achievements (achievement_id, athlete_id) VALUES (11, 25);
INSERT INTO athlete_achievements (achievement_id, athlete_id) VALUES (30, 26);
INSERT INTO athlete_achievements (achievement_id, athlete_id) VALUES (4, 26);
INSERT INTO athlete_achievements (achievement_id, athlete_id) VALUES (27, 26);
INSERT INTO athlete_achievements (achievement_id, athlete_id) VALUES (28, 26);
INSERT INTO athlete_achievements (achievement_id, athlete_id) VALUES (17, 26);
INSERT INTO athlete_achievements (achievement_id, athlete_id) VALUES (29, 26);
INSERT INTO athlete_achievements (achievement_id, athlete_id) VALUES (24, 26);
INSERT INTO athlete_achievements (achievement_id, athlete_id) VALUES (15, 26);
INSERT INTO athlete_achievements (achievement_id, athlete_id) VALUES (9, 26);
INSERT INTO athlete_achievements (achievement_id, athlete_id) VALUES (25, 26);
INSERT INTO athlete_achievements (achievement_id, athlete_id) VALUES (6, 26);
INSERT INTO athlete_achievements (achievement_id, athlete_id) VALUES (3, 26);
INSERT INTO athlete_achievements (achievement_id, athlete_id) VALUES (20, 26);
INSERT INTO athlete_achievements (achievement_id, athlete_id) VALUES (13, 26);
INSERT INTO athlete_achievements (achievement_id, athlete_id) VALUES (19, 26);
INSERT INTO athlete_achievements (achievement_id, athlete_id) VALUES (2, 26);
INSERT INTO athlete_achievements (achievement_id, athlete_id) VALUES (10, 26);
INSERT INTO athlete_achievements (achievement_id, athlete_id) VALUES (14, 26);
INSERT INTO athlete_achievements (achievement_id, athlete_id) VALUES (1, 26);
INSERT INTO athlete_achievements (achievement_id, athlete_id) VALUES (21, 26);
INSERT INTO athlete_achievements (achievement_id, athlete_id) VALUES (26, 26);
INSERT INTO athlete_achievements (achievement_id, athlete_id) VALUES (12, 26);
INSERT INTO athlete_achievements (achievement_id, athlete_id) VALUES (16, 26);
INSERT INTO athlete_achievements (achievement_id, athlete_id) VALUES (8, 26);
INSERT INTO athlete_achievements (achievement_id, athlete_id) VALUES (5, 26);
INSERT INTO athlete_achievements (achievement_id, athlete_id) VALUES (22, 26);
INSERT INTO athlete_achievements (achievement_id, athlete_id) VALUES (11, 26);
INSERT INTO athlete_achievements (achievement_id, athlete_id) VALUES (23, 26);
INSERT INTO athlete_achievements (achievement_id, athlete_id) VALUES (7, 26);
INSERT INTO athlete_achievements (achievement_id, athlete_id) VALUES (18, 26);
INSERT INTO athlete_achievements (achievement_id, athlete_id) VALUES (16, 27);
INSERT INTO athlete_achievements (achievement_id, athlete_id) VALUES (25, 27);
INSERT INTO athlete_achievements (achievement_id, athlete_id) VALUES (8, 27);
INSERT INTO athlete_achievements (achievement_id, athlete_id) VALUES (10, 27);
INSERT INTO athlete_achievements (achievement_id, athlete_id) VALUES (2, 28);
INSERT INTO athlete_achievements (achievement_id, athlete_id) VALUES (9, 28);
INSERT INTO athlete_achievements (achievement_id, athlete_id) VALUES (30, 28);
INSERT INTO athlete_achievements (achievement_id, athlete_id) VALUES (27, 28);
INSERT INTO athlete_achievements (achievement_id, athlete_id) VALUES (28, 28);
INSERT INTO athlete_achievements (achievement_id, athlete_id) VALUES (11, 28);
INSERT INTO athlete_achievements (achievement_id, athlete_id) VALUES (21, 28);
INSERT INTO athlete_achievements (achievement_id, athlete_id) VALUES (17, 28);
INSERT INTO athlete_achievements (achievement_id, athlete_id) VALUES (8, 28);
INSERT INTO athlete_achievements (achievement_id, athlete_id) VALUES (23, 28);
INSERT INTO athlete_achievements (achievement_id, athlete_id) VALUES (19, 28);
INSERT INTO athlete_achievements (achievement_id, athlete_id) VALUES (1, 28);
INSERT INTO athlete_achievements (achievement_id, athlete_id) VALUES (16, 28);
INSERT INTO athlete_achievements (achievement_id, athlete_id) VALUES (7, 28);
INSERT INTO athlete_achievements (achievement_id, athlete_id) VALUES (15, 28);
INSERT INTO athlete_achievements (achievement_id, athlete_id) VALUES (6, 28);
INSERT INTO athlete_achievements (achievement_id, athlete_id) VALUES (25, 28);
INSERT INTO athlete_achievements (achievement_id, athlete_id) VALUES (22, 28);
INSERT INTO athlete_achievements (achievement_id, athlete_id) VALUES (18, 28);
INSERT INTO athlete_achievements (achievement_id, athlete_id) VALUES (10, 28);
INSERT INTO athlete_achievements (achievement_id, athlete_id) VALUES (14, 28);
INSERT INTO athlete_achievements (achievement_id, athlete_id) VALUES (12, 28);
INSERT INTO athlete_achievements (achievement_id, athlete_id) VALUES (5, 28);
INSERT INTO athlete_achievements (achievement_id, athlete_id) VALUES (24, 28);
INSERT INTO athlete_achievements (achievement_id, athlete_id) VALUES (29, 28);
INSERT INTO athlete_achievements (achievement_id, athlete_id) VALUES (8, 29);
INSERT INTO athlete_achievements (achievement_id, athlete_id) VALUES (11, 29);
INSERT INTO athlete_achievements (achievement_id, athlete_id) VALUES (7, 29);
INSERT INTO athlete_achievements (achievement_id, athlete_id) VALUES (17, 29);
INSERT INTO athlete_achievements (achievement_id, athlete_id) VALUES (12, 29);
INSERT INTO athlete_achievements (achievement_id, athlete_id) VALUES (1, 29);
INSERT INTO athlete_achievements (achievement_id, athlete_id) VALUES (20, 29);
INSERT INTO athlete_achievements (achievement_id, athlete_id) VALUES (24, 29);
INSERT INTO athlete_achievements (achievement_id, athlete_id) VALUES (22, 29);
INSERT INTO athlete_achievements (achievement_id, athlete_id) VALUES (22, 30);
INSERT INTO athlete_achievements (achievement_id, athlete_id) VALUES (27, 30);
INSERT INTO athlete_achievements (achievement_id, athlete_id) VALUES (5, 30);
INSERT INTO athlete_achievements (achievement_id, athlete_id) VALUES (28, 30);
INSERT INTO athlete_achievements (achievement_id, athlete_id) VALUES (7, 30);
INSERT INTO athlete_achievements (achievement_id, athlete_id) VALUES (9, 30);
INSERT INTO athlete_achievements (achievement_id, athlete_id) VALUES (25, 30);
INSERT INTO athlete_achievements (achievement_id, athlete_id) VALUES (15, 30);
INSERT INTO athlete_achievements (achievement_id, athlete_id) VALUES (10, 30);
INSERT INTO athlete_achievements (achievement_id, athlete_id) VALUES (7, 31);
INSERT INTO athlete_achievements (achievement_id, athlete_id) VALUES (9, 31);
INSERT INTO athlete_achievements (achievement_id, athlete_id) VALUES (26, 31);
INSERT INTO athlete_achievements (achievement_id, athlete_id) VALUES (27, 31);
INSERT INTO athlete_achievements (achievement_id, athlete_id) VALUES (12, 31);
INSERT INTO athlete_achievements (achievement_id, athlete_id) VALUES (20, 31);
INSERT INTO athlete_achievements (achievement_id, athlete_id) VALUES (19, 31);
INSERT INTO athlete_achievements (achievement_id, athlete_id) VALUES (28, 31);
INSERT INTO athlete_achievements (achievement_id, athlete_id) VALUES (4, 31);
INSERT INTO athlete_achievements (achievement_id, athlete_id) VALUES (17, 31);
INSERT INTO athlete_achievements (achievement_id, athlete_id) VALUES (30, 31);
INSERT INTO athlete_achievements (achievement_id, athlete_id) VALUES (10, 31);
INSERT INTO athlete_achievements (achievement_id, athlete_id) VALUES (15, 31);
INSERT INTO athlete_achievements (achievement_id, athlete_id) VALUES (22, 31);
INSERT INTO athlete_achievements (achievement_id, athlete_id) VALUES (16, 31);
INSERT INTO athlete_achievements (achievement_id, athlete_id) VALUES (2, 31);
INSERT INTO athlete_achievements (achievement_id, athlete_id) VALUES (23, 31);
INSERT INTO athlete_achievements (achievement_id, athlete_id) VALUES (1, 31);
INSERT INTO athlete_achievements (achievement_id, athlete_id) VALUES (8, 31);
INSERT INTO athlete_achievements (achievement_id, athlete_id) VALUES (3, 31);
INSERT INTO athlete_achievements (achievement_id, athlete_id) VALUES (11, 31);
INSERT INTO athlete_achievements (achievement_id, athlete_id) VALUES (13, 31);
INSERT INTO athlete_achievements (achievement_id, athlete_id) VALUES (5, 31);
INSERT INTO athlete_achievements (achievement_id, athlete_id) VALUES (21, 31);
INSERT INTO athlete_achievements (achievement_id, athlete_id) VALUES (24, 31);
INSERT INTO athlete_achievements (achievement_id, athlete_id) VALUES (29, 31);
INSERT INTO athlete_achievements (achievement_id, athlete_id) VALUES (14, 31);
INSERT INTO athlete_achievements (achievement_id, athlete_id) VALUES (8, 32);
INSERT INTO athlete_achievements (achievement_id, athlete_id) VALUES (13, 32);
INSERT INTO athlete_achievements (achievement_id, athlete_id) VALUES (27, 32);
INSERT INTO athlete_achievements (achievement_id, athlete_id) VALUES (19, 32);
INSERT INTO athlete_achievements (achievement_id, athlete_id) VALUES (29, 32);
INSERT INTO athlete_achievements (achievement_id, athlete_id) VALUES (9, 32);
INSERT INTO athlete_achievements (achievement_id, athlete_id) VALUES (25, 32);
INSERT INTO athlete_achievements (achievement_id, athlete_id) VALUES (22, 32);
INSERT INTO athlete_achievements (achievement_id, athlete_id) VALUES (23, 32);
INSERT INTO athlete_achievements (achievement_id, athlete_id) VALUES (15, 32);
INSERT INTO athlete_achievements (achievement_id, athlete_id) VALUES (5, 32);
INSERT INTO athlete_achievements (achievement_id, athlete_id) VALUES (24, 32);
INSERT INTO athlete_achievements (achievement_id, athlete_id) VALUES (11, 32);
INSERT INTO athlete_achievements (achievement_id, athlete_id) VALUES (30, 32);
INSERT INTO athlete_achievements (achievement_id, athlete_id) VALUES (20, 32);
INSERT INTO athlete_achievements (achievement_id, athlete_id) VALUES (21, 32);
INSERT INTO athlete_achievements (achievement_id, athlete_id) VALUES (17, 32);
INSERT INTO athlete_achievements (achievement_id, athlete_id) VALUES (4, 32);
INSERT INTO athlete_achievements (achievement_id, athlete_id) VALUES (6, 32);
INSERT INTO athlete_achievements (achievement_id, athlete_id) VALUES (16, 32);
INSERT INTO athlete_achievements (achievement_id, athlete_id) VALUES (2, 32);
INSERT INTO athlete_achievements (achievement_id, athlete_id) VALUES (7, 32);
INSERT INTO athlete_achievements (achievement_id, athlete_id) VALUES (3, 32);
INSERT INTO athlete_achievements (achievement_id, athlete_id) VALUES (10, 32);
INSERT INTO athlete_achievements (achievement_id, athlete_id) VALUES (26, 32);
INSERT INTO athlete_achievements (achievement_id, athlete_id) VALUES (28, 32);
INSERT INTO athlete_achievements (achievement_id, athlete_id) VALUES (15, 33);
INSERT INTO athlete_achievements (achievement_id, athlete_id) VALUES (30, 33);
INSERT INTO athlete_achievements (achievement_id, athlete_id) VALUES (13, 33);
INSERT INTO athlete_achievements (achievement_id, athlete_id) VALUES (23, 33);
INSERT INTO athlete_achievements (achievement_id, athlete_id) VALUES (17, 33);
INSERT INTO athlete_achievements (achievement_id, athlete_id) VALUES (8, 33);
INSERT INTO athlete_achievements (achievement_id, athlete_id) VALUES (10, 33);
INSERT INTO athlete_achievements (achievement_id, athlete_id) VALUES (21, 33);
INSERT INTO athlete_achievements (achievement_id, athlete_id) VALUES (22, 33);
INSERT INTO athlete_achievements (achievement_id, athlete_id) VALUES (4, 33);
INSERT INTO athlete_achievements (achievement_id, athlete_id) VALUES (9, 33);
INSERT INTO athlete_achievements (achievement_id, athlete_id) VALUES (19, 33);
INSERT INTO athlete_achievements (achievement_id, athlete_id) VALUES (11, 33);
INSERT INTO athlete_achievements (achievement_id, athlete_id) VALUES (6, 33);
INSERT INTO athlete_achievements (achievement_id, athlete_id) VALUES (27, 33);
INSERT INTO athlete_achievements (achievement_id, athlete_id) VALUES (2, 33);
INSERT INTO athlete_achievements (achievement_id, athlete_id) VALUES (5, 33);
INSERT INTO athlete_achievements (achievement_id, athlete_id) VALUES (7, 33);
INSERT INTO athlete_achievements (achievement_id, athlete_id) VALUES (1, 33);
INSERT INTO athlete_achievements (achievement_id, athlete_id) VALUES (18, 33);
INSERT INTO athlete_achievements (achievement_id, athlete_id) VALUES (24, 33);
INSERT INTO athlete_achievements (achievement_id, athlete_id) VALUES (12, 33);
INSERT INTO athlete_achievements (achievement_id, athlete_id) VALUES (25, 33);
INSERT INTO athlete_achievements (achievement_id, athlete_id) VALUES (20, 33);
INSERT INTO athlete_achievements (achievement_id, athlete_id) VALUES (16, 33);
INSERT INTO athlete_achievements (achievement_id, athlete_id) VALUES (14, 33);
INSERT INTO athlete_achievements (achievement_id, athlete_id) VALUES (28, 33);
INSERT INTO athlete_achievements (achievement_id, athlete_id) VALUES (11, 34);
INSERT INTO athlete_achievements (achievement_id, athlete_id) VALUES (5, 34);
INSERT INTO athlete_achievements (achievement_id, athlete_id) VALUES (1, 34);
INSERT INTO athlete_achievements (achievement_id, athlete_id) VALUES (17, 34);
INSERT INTO athlete_achievements (achievement_id, athlete_id) VALUES (25, 34);
INSERT INTO athlete_achievements (achievement_id, athlete_id) VALUES (3, 34);
INSERT INTO athlete_achievements (achievement_id, athlete_id) VALUES (24, 34);
INSERT INTO athlete_achievements (achievement_id, athlete_id) VALUES (6, 34);
INSERT INTO athlete_achievements (achievement_id, athlete_id) VALUES (19, 34);
INSERT INTO athlete_achievements (achievement_id, athlete_id) VALUES (14, 34);
INSERT INTO athlete_achievements (achievement_id, athlete_id) VALUES (22, 35);
INSERT INTO athlete_achievements (achievement_id, athlete_id) VALUES (1, 36);
INSERT INTO athlete_achievements (achievement_id, athlete_id) VALUES (7, 36);
INSERT INTO athlete_achievements (achievement_id, athlete_id) VALUES (20, 36);
INSERT INTO athlete_achievements (achievement_id, athlete_id) VALUES (17, 36);
INSERT INTO athlete_achievements (achievement_id, athlete_id) VALUES (6, 36);
INSERT INTO athlete_achievements (achievement_id, athlete_id) VALUES (28, 36);
INSERT INTO athlete_achievements (achievement_id, athlete_id) VALUES (18, 36);
INSERT INTO athlete_achievements (achievement_id, athlete_id) VALUES (11, 36);
INSERT INTO athlete_achievements (achievement_id, athlete_id) VALUES (22, 36);
INSERT INTO athlete_achievements (achievement_id, athlete_id) VALUES (12, 36);
INSERT INTO athlete_achievements (achievement_id, athlete_id) VALUES (10, 36);
INSERT INTO athlete_achievements (achievement_id, athlete_id) VALUES (23, 36);
INSERT INTO athlete_achievements (achievement_id, athlete_id) VALUES (24, 36);
INSERT INTO athlete_achievements (achievement_id, athlete_id) VALUES (9, 36);
INSERT INTO athlete_achievements (achievement_id, athlete_id) VALUES (5, 36);
INSERT INTO athlete_achievements (achievement_id, athlete_id) VALUES (3, 36);
INSERT INTO athlete_achievements (achievement_id, athlete_id) VALUES (30, 36);
INSERT INTO athlete_achievements (achievement_id, athlete_id) VALUES (21, 36);
INSERT INTO athlete_achievements (achievement_id, athlete_id) VALUES (19, 36);
INSERT INTO athlete_achievements (achievement_id, athlete_id) VALUES (16, 36);
INSERT INTO athlete_achievements (achievement_id, athlete_id) VALUES (27, 36);
INSERT INTO athlete_achievements (achievement_id, athlete_id) VALUES (15, 36);
INSERT INTO athlete_achievements (achievement_id, athlete_id) VALUES (26, 36);
INSERT INTO athlete_achievements (achievement_id, athlete_id) VALUES (29, 36);
INSERT INTO athlete_achievements (achievement_id, athlete_id) VALUES (25, 36);
INSERT INTO athlete_achievements (achievement_id, athlete_id) VALUES (4, 36);
INSERT INTO athlete_achievements (achievement_id, athlete_id) VALUES (13, 36);
INSERT INTO athlete_achievements (achievement_id, athlete_id) VALUES (22, 37);
INSERT INTO athlete_achievements (achievement_id, athlete_id) VALUES (20, 37);
INSERT INTO athlete_achievements (achievement_id, athlete_id) VALUES (16, 37);
INSERT INTO athlete_achievements (achievement_id, athlete_id) VALUES (10, 37);
INSERT INTO athlete_achievements (achievement_id, athlete_id) VALUES (26, 37);
INSERT INTO athlete_achievements (achievement_id, athlete_id) VALUES (26, 38);
INSERT INTO athlete_achievements (achievement_id, athlete_id) VALUES (24, 38);
INSERT INTO athlete_achievements (achievement_id, athlete_id) VALUES (12, 38);
INSERT INTO athlete_achievements (achievement_id, athlete_id) VALUES (30, 38);
INSERT INTO athlete_achievements (achievement_id, athlete_id) VALUES (9, 38);
INSERT INTO athlete_achievements (achievement_id, athlete_id) VALUES (28, 38);
INSERT INTO athlete_achievements (achievement_id, athlete_id) VALUES (4, 38);
INSERT INTO athlete_achievements (achievement_id, athlete_id) VALUES (2, 38);
INSERT INTO athlete_achievements (achievement_id, athlete_id) VALUES (23, 38);
INSERT INTO athlete_achievements (achievement_id, athlete_id) VALUES (3, 38);
INSERT INTO athlete_achievements (achievement_id, athlete_id) VALUES (6, 38);
INSERT INTO athlete_achievements (achievement_id, athlete_id) VALUES (13, 38);
INSERT INTO athlete_achievements (achievement_id, athlete_id) VALUES (20, 38);
INSERT INTO athlete_achievements (achievement_id, athlete_id) VALUES (25, 38);
INSERT INTO athlete_achievements (achievement_id, athlete_id) VALUES (16, 39);
INSERT INTO athlete_achievements (achievement_id, athlete_id) VALUES (21, 39);
INSERT INTO athlete_achievements (achievement_id, athlete_id) VALUES (13, 39);
INSERT INTO athlete_achievements (achievement_id, athlete_id) VALUES (19, 39);
INSERT INTO athlete_achievements (achievement_id, athlete_id) VALUES (18, 39);
INSERT INTO athlete_achievements (achievement_id, athlete_id) VALUES (14, 39);
INSERT INTO athlete_achievements (achievement_id, athlete_id) VALUES (7, 39);
INSERT INTO athlete_achievements (achievement_id, athlete_id) VALUES (12, 39);
INSERT INTO athlete_achievements (achievement_id, athlete_id) VALUES (24, 39);
INSERT INTO athlete_achievements (achievement_id, athlete_id) VALUES (20, 39);
INSERT INTO athlete_achievements (achievement_id, athlete_id) VALUES (2, 39);
INSERT INTO athlete_achievements (achievement_id, athlete_id) VALUES (15, 39);
INSERT INTO athlete_achievements (achievement_id, athlete_id) VALUES (23, 39);
INSERT INTO athlete_achievements (achievement_id, athlete_id) VALUES (26, 39);
INSERT INTO athlete_achievements (achievement_id, athlete_id) VALUES (4, 39);
INSERT INTO athlete_achievements (achievement_id, athlete_id) VALUES (9, 39);
INSERT INTO athlete_achievements (achievement_id, athlete_id) VALUES (27, 39);
INSERT INTO athlete_achievements (achievement_id, athlete_id) VALUES (6, 39);
INSERT INTO athlete_achievements (achievement_id, athlete_id) VALUES (1, 39);
INSERT INTO athlete_achievements (achievement_id, athlete_id) VALUES (3, 39);
INSERT INTO athlete_achievements (achievement_id, athlete_id) VALUES (18, 40);
INSERT INTO athlete_achievements (achievement_id, athlete_id) VALUES (18, 41);
INSERT INTO athlete_achievements (achievement_id, athlete_id) VALUES (21, 41);
INSERT INTO athlete_achievements (achievement_id, athlete_id) VALUES (23, 41);
INSERT INTO athlete_achievements (achievement_id, athlete_id) VALUES (15, 41);
INSERT INTO athlete_achievements (achievement_id, athlete_id) VALUES (8, 41);
INSERT INTO athlete_achievements (achievement_id, athlete_id) VALUES (22, 41);
INSERT INTO athlete_achievements (achievement_id, athlete_id) VALUES (1, 41);
INSERT INTO athlete_achievements (achievement_id, athlete_id) VALUES (6, 41);
INSERT INTO athlete_achievements (achievement_id, athlete_id) VALUES (27, 41);
INSERT INTO athlete_achievements (achievement_id, athlete_id) VALUES (16, 41);
INSERT INTO athlete_achievements (achievement_id, athlete_id) VALUES (13, 41);
INSERT INTO athlete_achievements (achievement_id, athlete_id) VALUES (12, 41);
INSERT INTO athlete_achievements (achievement_id, athlete_id) VALUES (25, 41);
INSERT INTO athlete_achievements (achievement_id, athlete_id) VALUES (2, 41);
INSERT INTO athlete_achievements (achievement_id, athlete_id) VALUES (7, 41);
INSERT INTO athlete_achievements (achievement_id, athlete_id) VALUES (28, 41);
INSERT INTO athlete_achievements (achievement_id, athlete_id) VALUES (20, 41);
INSERT INTO athlete_achievements (achievement_id, athlete_id) VALUES (4, 41);
INSERT INTO athlete_achievements (achievement_id, athlete_id) VALUES (19, 41);
INSERT INTO athlete_achievements (achievement_id, athlete_id) VALUES (24, 41);
INSERT INTO athlete_achievements (achievement_id, athlete_id) VALUES (9, 41);
INSERT INTO athlete_achievements (achievement_id, athlete_id) VALUES (26, 41);
INSERT INTO athlete_achievements (achievement_id, athlete_id) VALUES (3, 41);
INSERT INTO athlete_achievements (achievement_id, athlete_id) VALUES (5, 41);
INSERT INTO athlete_achievements (achievement_id, athlete_id) VALUES (10, 41);
INSERT INTO athlete_achievements (achievement_id, athlete_id) VALUES (14, 41);
INSERT INTO athlete_achievements (achievement_id, athlete_id) VALUES (30, 41);
INSERT INTO athlete_achievements (achievement_id, athlete_id) VALUES (27, 42);
INSERT INTO athlete_achievements (achievement_id, athlete_id) VALUES (10, 42);
INSERT INTO athlete_achievements (achievement_id, athlete_id) VALUES (4, 42);
INSERT INTO athlete_achievements (achievement_id, athlete_id) VALUES (2, 42);
INSERT INTO athlete_achievements (achievement_id, athlete_id) VALUES (12, 42);
INSERT INTO athlete_achievements (achievement_id, athlete_id) VALUES (5, 42);
INSERT INTO athlete_achievements (achievement_id, athlete_id) VALUES (6, 43);
INSERT INTO athlete_achievements (achievement_id, athlete_id) VALUES (13, 43);
INSERT INTO athlete_achievements (achievement_id, athlete_id) VALUES (17, 44);
INSERT INTO athlete_achievements (achievement_id, athlete_id) VALUES (13, 44);
INSERT INTO athlete_achievements (achievement_id, athlete_id) VALUES (8, 44);
INSERT INTO athlete_achievements (achievement_id, athlete_id) VALUES (12, 44);
INSERT INTO athlete_achievements (achievement_id, athlete_id) VALUES (26, 44);
INSERT INTO athlete_achievements (achievement_id, athlete_id) VALUES (1, 44);
INSERT INTO athlete_achievements (achievement_id, athlete_id) VALUES (15, 44);
INSERT INTO athlete_achievements (achievement_id, athlete_id) VALUES (25, 44);
INSERT INTO athlete_achievements (achievement_id, athlete_id) VALUES (2, 44);
INSERT INTO athlete_achievements (achievement_id, athlete_id) VALUES (18, 44);
INSERT INTO athlete_achievements (achievement_id, athlete_id) VALUES (29, 44);
INSERT INTO athlete_achievements (achievement_id, athlete_id) VALUES (11, 44);
INSERT INTO athlete_achievements (achievement_id, athlete_id) VALUES (4, 44);
INSERT INTO athlete_achievements (achievement_id, athlete_id) VALUES (15, 45);
INSERT INTO athlete_achievements (achievement_id, athlete_id) VALUES (3, 45);
INSERT INTO athlete_achievements (achievement_id, athlete_id) VALUES (27, 45);
INSERT INTO athlete_achievements (achievement_id, athlete_id) VALUES (21, 45);
INSERT INTO athlete_achievements (achievement_id, athlete_id) VALUES (12, 45);
INSERT INTO athlete_achievements (achievement_id, athlete_id) VALUES (20, 45);
INSERT INTO athlete_achievements (achievement_id, athlete_id) VALUES (19, 45);
INSERT INTO athlete_achievements (achievement_id, athlete_id) VALUES (10, 45);
INSERT INTO athlete_achievements (achievement_id, athlete_id) VALUES (11, 45);
INSERT INTO athlete_achievements (achievement_id, athlete_id) VALUES (18, 45);
INSERT INTO athlete_achievements (achievement_id, athlete_id) VALUES (16, 45);
INSERT INTO athlete_achievements (achievement_id, athlete_id) VALUES (26, 45);
INSERT INTO athlete_achievements (achievement_id, athlete_id) VALUES (22, 45);
INSERT INTO athlete_achievements (achievement_id, athlete_id) VALUES (24, 45);
INSERT INTO athlete_achievements (achievement_id, athlete_id) VALUES (25, 46);
INSERT INTO athlete_achievements (achievement_id, athlete_id) VALUES (19, 46);
INSERT INTO athlete_achievements (achievement_id, athlete_id) VALUES (27, 46);
INSERT INTO athlete_achievements (achievement_id, athlete_id) VALUES (10, 46);
INSERT INTO athlete_achievements (achievement_id, athlete_id) VALUES (12, 46);
INSERT INTO athlete_achievements (achievement_id, athlete_id) VALUES (4, 46);
INSERT INTO athlete_achievements (achievement_id, athlete_id) VALUES (26, 46);
INSERT INTO athlete_achievements (achievement_id, athlete_id) VALUES (14, 46);
INSERT INTO athlete_achievements (achievement_id, athlete_id) VALUES (3, 46);
INSERT INTO athlete_achievements (achievement_id, athlete_id) VALUES (23, 46);
INSERT INTO athlete_achievements (achievement_id, athlete_id) VALUES (24, 46);
INSERT INTO athlete_achievements (achievement_id, athlete_id) VALUES (30, 46);
INSERT INTO athlete_achievements (achievement_id, athlete_id) VALUES (22, 46);
INSERT INTO athlete_achievements (achievement_id, athlete_id) VALUES (20, 46);
INSERT INTO athlete_achievements (achievement_id, athlete_id) VALUES (13, 46);
INSERT INTO athlete_achievements (achievement_id, athlete_id) VALUES (2, 46);
INSERT INTO athlete_achievements (achievement_id, athlete_id) VALUES (15, 46);
INSERT INTO athlete_achievements (achievement_id, athlete_id) VALUES (1, 46);
INSERT INTO athlete_achievements (achievement_id, athlete_id) VALUES (7, 46);
INSERT INTO athlete_achievements (achievement_id, athlete_id) VALUES (29, 46);
INSERT INTO athlete_achievements (achievement_id, athlete_id) VALUES (17, 46);
INSERT INTO athlete_achievements (achievement_id, athlete_id) VALUES (16, 46);
INSERT INTO athlete_achievements (achievement_id, athlete_id) VALUES (11, 46);
INSERT INTO athlete_achievements (achievement_id, athlete_id) VALUES (6, 46);
INSERT INTO athlete_achievements (achievement_id, athlete_id) VALUES (8, 46);
INSERT INTO athlete_achievements (achievement_id, athlete_id) VALUES (8, 47);
INSERT INTO athlete_achievements (achievement_id, athlete_id) VALUES (19, 47);
INSERT INTO athlete_achievements (achievement_id, athlete_id) VALUES (9, 47);
INSERT INTO athlete_achievements (achievement_id, athlete_id) VALUES (14, 47);
INSERT INTO athlete_achievements (achievement_id, athlete_id) VALUES (26, 47);
INSERT INTO athlete_achievements (achievement_id, athlete_id) VALUES (5, 47);
INSERT INTO athlete_achievements (achievement_id, athlete_id) VALUES (4, 47);
INSERT INTO athlete_achievements (achievement_id, athlete_id) VALUES (17, 47);
INSERT INTO athlete_achievements (achievement_id, athlete_id) VALUES (23, 47);
INSERT INTO athlete_achievements (achievement_id, athlete_id) VALUES (29, 47);
INSERT INTO athlete_achievements (achievement_id, athlete_id) VALUES (13, 47);
INSERT INTO athlete_achievements (achievement_id, athlete_id) VALUES (16, 47);
INSERT INTO athlete_achievements (achievement_id, athlete_id) VALUES (20, 47);
INSERT INTO athlete_achievements (achievement_id, athlete_id) VALUES (3, 48);
INSERT INTO athlete_achievements (achievement_id, athlete_id) VALUES (25, 48);
INSERT INTO athlete_achievements (achievement_id, athlete_id) VALUES (4, 48);
INSERT INTO athlete_achievements (achievement_id, athlete_id) VALUES (28, 48);
INSERT INTO athlete_achievements (achievement_id, athlete_id) VALUES (13, 48);
INSERT INTO athlete_achievements (achievement_id, athlete_id) VALUES (24, 48);
INSERT INTO athlete_achievements (achievement_id, athlete_id) VALUES (8, 48);
INSERT INTO athlete_achievements (achievement_id, athlete_id) VALUES (17, 48);
INSERT INTO athlete_achievements (achievement_id, athlete_id) VALUES (20, 48);
INSERT INTO athlete_achievements (achievement_id, athlete_id) VALUES (6, 48);
INSERT INTO athlete_achievements (achievement_id, athlete_id) VALUES (23, 48);
INSERT INTO athlete_achievements (achievement_id, athlete_id) VALUES (13, 49);
INSERT INTO athlete_achievements (achievement_id, athlete_id) VALUES (29, 49);
INSERT INTO athlete_achievements (achievement_id, athlete_id) VALUES (22, 49);
INSERT INTO athlete_achievements (achievement_id, athlete_id) VALUES (25, 49);
INSERT INTO athlete_achievements (achievement_id, athlete_id) VALUES (5, 49);
INSERT INTO athlete_achievements (achievement_id, athlete_id) VALUES (21, 49);
INSERT INTO athlete_achievements (achievement_id, athlete_id) VALUES (7, 49);
INSERT INTO athlete_achievements (achievement_id, athlete_id) VALUES (6, 49);
INSERT INTO athlete_achievements (achievement_id, athlete_id) VALUES (28, 49);
INSERT INTO athlete_achievements (achievement_id, athlete_id) VALUES (27, 49);
INSERT INTO athlete_achievements (achievement_id, athlete_id) VALUES (14, 50);
INSERT INTO athlete_achievements (achievement_id, athlete_id) VALUES (13, 50);
INSERT INTO athlete_achievements (achievement_id, athlete_id) VALUES (8, 50);
INSERT INTO athlete_achievements (achievement_id, athlete_id) VALUES (25, 50);
INSERT INTO athlete_achievements (achievement_id, athlete_id) VALUES (10, 50);
INSERT INTO athlete_achievements (achievement_id, athlete_id) VALUES (22, 50);
INSERT INTO athlete_achievements (achievement_id, athlete_id) VALUES (11, 50);
INSERT INTO athlete_achievements (achievement_id, athlete_id) VALUES (19, 50);
INSERT INTO athlete_achievements (achievement_id, athlete_id) VALUES (7, 50);
INSERT INTO athlete_achievements (achievement_id, athlete_id) VALUES (21, 50);
INSERT INTO athlete_achievements (achievement_id, athlete_id) VALUES (1, 50);
INSERT INTO athlete_achievements (achievement_id, athlete_id) VALUES (15, 50);
INSERT INTO athlete_achievements (achievement_id, athlete_id) VALUES (4, 50);
INSERT INTO athlete_achievements (achievement_id, athlete_id) VALUES (30, 50);
INSERT INTO athlete_achievements (achievement_id, athlete_id) VALUES (3, 50);
INSERT INTO athlete_achievements (achievement_id, athlete_id) VALUES (28, 50);
INSERT INTO athlete_achievements (achievement_id, athlete_id) VALUES (23, 50);
INSERT INTO athlete_achievements (achievement_id, athlete_id) VALUES (27, 50);
INSERT INTO athlete_achievements (achievement_id, athlete_id) VALUES (24, 50);
INSERT INTO athlete_achievements (achievement_id, athlete_id) VALUES (9, 50);
INSERT INTO athlete_achievements (achievement_id, athlete_id) VALUES (12, 50);
INSERT INTO athlete_achievements (achievement_id, athlete_id) VALUES (6, 50);
INSERT INTO athlete_achievements (achievement_id, athlete_id) VALUES (5, 50);
INSERT INTO athlete_achievements (achievement_id, athlete_id) VALUES (2, 50);
INSERT INTO athlete_achievements (achievement_id, athlete_id) VALUES (26, 50);
INSERT INTO athlete_achievements (achievement_id, athlete_id) VALUES (20, 50);
INSERT INTO overall (category_id, id, point) VALUES (1, 1, 987);
INSERT INTO overall (category_id, id, point) VALUES (2, 2, 941);
INSERT INTO overall (category_id, id, point) VALUES (3, 3, 180);
INSERT INTO overall (category_id, id, point) VALUES (4, 4, 622);
INSERT INTO overall (category_id, id, point) VALUES (5, 5, 189);
INSERT INTO overall (category_id, id, point) VALUES (6, 6, 98);
INSERT INTO overall (category_id, id, point) VALUES (7, 7, 161);
INSERT INTO overall (category_id, id, point) VALUES (8, 8, 35);
INSERT INTO overall (category_id, id, point) VALUES (9, 9, 825);
INSERT INTO overall (category_id, id, point) VALUES (10, 10, 58);
INSERT INTO overall_athletes (athlete_id, overall_id) VALUES (34, 1);
INSERT INTO overall_athletes (athlete_id, overall_id) VALUES (42, 1);
INSERT INTO overall_athletes (athlete_id, overall_id) VALUES (5, 1);
INSERT INTO overall_athletes (athlete_id, overall_id) VALUES (11, 1);
INSERT INTO overall_athletes (athlete_id, overall_id) VALUES (18, 1);
INSERT INTO overall_athletes (athlete_id, overall_id) VALUES (50, 1);
INSERT INTO overall_athletes (athlete_id, overall_id) VALUES (2, 1);
INSERT INTO overall_athletes (athlete_id, overall_id) VALUES (32, 1);
INSERT INTO overall_athletes (athlete_id, overall_id) VALUES (39, 1);
INSERT INTO overall_athletes (athlete_id, overall_id) VALUES (44, 1);
INSERT INTO overall_athletes (athlete_id, overall_id) VALUES (22, 1);
INSERT INTO overall_athletes (athlete_id, overall_id) VALUES (5, 2);
INSERT INTO overall_athletes (athlete_id, overall_id) VALUES (39, 2);
INSERT INTO overall_athletes (athlete_id, overall_id) VALUES (35, 2);
INSERT INTO overall_athletes (athlete_id, overall_id) VALUES (36, 2);
INSERT INTO overall_athletes (athlete_id, overall_id) VALUES (44, 2);
INSERT INTO overall_athletes (athlete_id, overall_id) VALUES (12, 2);
INSERT INTO overall_athletes (athlete_id, overall_id) VALUES (27, 2);
INSERT INTO overall_athletes (athlete_id, overall_id) VALUES (6, 2);
INSERT INTO overall_athletes (athlete_id, overall_id) VALUES (41, 2);
INSERT INTO overall_athletes (athlete_id, overall_id) VALUES (46, 2);
INSERT INTO overall_athletes (athlete_id, overall_id) VALUES (18, 2);
INSERT INTO overall_athletes (athlete_id, overall_id) VALUES (9, 2);
INSERT INTO overall_athletes (athlete_id, overall_id) VALUES (11, 2);
INSERT INTO overall_athletes (athlete_id, overall_id) VALUES (14, 2);
INSERT INTO overall_athletes (athlete_id, overall_id) VALUES (21, 2);
INSERT INTO overall_athletes (athlete_id, overall_id) VALUES (10, 2);
INSERT INTO overall_athletes (athlete_id, overall_id) VALUES (47, 2);
INSERT INTO overall_athletes (athlete_id, overall_id) VALUES (30, 2);
INSERT INTO overall_athletes (athlete_id, overall_id) VALUES (43, 2);
INSERT INTO overall_athletes (athlete_id, overall_id) VALUES (3, 2);
INSERT INTO overall_athletes (athlete_id, overall_id) VALUES (7, 2);
INSERT INTO overall_athletes (athlete_id, overall_id) VALUES (20, 2);
INSERT INTO overall_athletes (athlete_id, overall_id) VALUES (15, 2);
INSERT INTO overall_athletes (athlete_id, overall_id) VALUES (33, 3);
INSERT INTO overall_athletes (athlete_id, overall_id) VALUES (18, 3);
INSERT INTO overall_athletes (athlete_id, overall_id) VALUES (14, 3);
INSERT INTO overall_athletes (athlete_id, overall_id) VALUES (27, 3);
INSERT INTO overall_athletes (athlete_id, overall_id) VALUES (43, 3);
INSERT INTO overall_athletes (athlete_id, overall_id) VALUES (24, 3);
INSERT INTO overall_athletes (athlete_id, overall_id) VALUES (21, 3);
INSERT INTO overall_athletes (athlete_id, overall_id) VALUES (4, 3);
INSERT INTO overall_athletes (athlete_id, overall_id) VALUES (14, 4);
INSERT INTO overall_athletes (athlete_id, overall_id) VALUES (12, 4);
INSERT INTO overall_athletes (athlete_id, overall_id) VALUES (19, 4);
INSERT INTO overall_athletes (athlete_id, overall_id) VALUES (3, 4);
INSERT INTO overall_athletes (athlete_id, overall_id) VALUES (34, 4);
INSERT INTO overall_athletes (athlete_id, overall_id) VALUES (7, 4);
INSERT INTO overall_athletes (athlete_id, overall_id) VALUES (6, 4);
INSERT INTO overall_athletes (athlete_id, overall_id) VALUES (32, 4);
INSERT INTO overall_athletes (athlete_id, overall_id) VALUES (33, 4);
INSERT INTO overall_athletes (athlete_id, overall_id) VALUES (22, 4);
INSERT INTO overall_athletes (athlete_id, overall_id) VALUES (21, 4);
INSERT INTO overall_athletes (athlete_id, overall_id) VALUES (23, 4);
INSERT INTO overall_athletes (athlete_id, overall_id) VALUES (31, 4);
INSERT INTO overall_athletes (athlete_id, overall_id) VALUES (37, 4);
INSERT INTO overall_athletes (athlete_id, overall_id) VALUES (25, 4);
INSERT INTO overall_athletes (athlete_id, overall_id) VALUES (9, 4);
INSERT INTO overall_athletes (athlete_id, overall_id) VALUES (13, 4);
INSERT INTO overall_athletes (athlete_id, overall_id) VALUES (1, 4);
INSERT INTO overall_athletes (athlete_id, overall_id) VALUES (30, 4);
INSERT INTO overall_athletes (athlete_id, overall_id) VALUES (41, 4);
INSERT INTO overall_athletes (athlete_id, overall_id) VALUES (26, 4);
INSERT INTO overall_athletes (athlete_id, overall_id) VALUES (42, 4);
INSERT INTO overall_athletes (athlete_id, overall_id) VALUES (40, 4);
INSERT INTO overall_athletes (athlete_id, overall_id) VALUES (38, 4);
INSERT INTO overall_athletes (athlete_id, overall_id) VALUES (10, 4);
INSERT INTO overall_athletes (athlete_id, overall_id) VALUES (50, 4);
INSERT INTO overall_athletes (athlete_id, overall_id) VALUES (46, 4);
INSERT INTO overall_athletes (athlete_id, overall_id) VALUES (24, 4);
INSERT INTO overall_athletes (athlete_id, overall_id) VALUES (15, 4);
INSERT INTO overall_athletes (athlete_id, overall_id) VALUES (16, 4);
INSERT INTO overall_athletes (athlete_id, overall_id) VALUES (27, 4);
INSERT INTO overall_athletes (athlete_id, overall_id) VALUES (2, 4);
INSERT INTO overall_athletes (athlete_id, overall_id) VALUES (20, 4);
INSERT INTO overall_athletes (athlete_id, overall_id) VALUES (28, 4);
INSERT INTO overall_athletes (athlete_id, overall_id) VALUES (48, 4);
INSERT INTO overall_athletes (athlete_id, overall_id) VALUES (44, 4);
INSERT INTO overall_athletes (athlete_id, overall_id) VALUES (33, 5);
INSERT INTO overall_athletes (athlete_id, overall_id) VALUES (5, 5);
INSERT INTO overall_athletes (athlete_id, overall_id) VALUES (3, 5);
INSERT INTO overall_athletes (athlete_id, overall_id) VALUES (44, 5);
INSERT INTO overall_athletes (athlete_id, overall_id) VALUES (9, 5);
INSERT INTO overall_athletes (athlete_id, overall_id) VALUES (47, 5);
INSERT INTO overall_athletes (athlete_id, overall_id) VALUES (7, 5);
INSERT INTO overall_athletes (athlete_id, overall_id) VALUES (29, 5);
INSERT INTO overall_athletes (athlete_id, overall_id) VALUES (11, 5);
INSERT INTO overall_athletes (athlete_id, overall_id) VALUES (12, 5);
INSERT INTO overall_athletes (athlete_id, overall_id) VALUES (23, 5);
INSERT INTO overall_athletes (athlete_id, overall_id) VALUES (18, 5);
INSERT INTO overall_athletes (athlete_id, overall_id) VALUES (27, 5);
INSERT INTO overall_athletes (athlete_id, overall_id) VALUES (2, 5);
INSERT INTO overall_athletes (athlete_id, overall_id) VALUES (41, 5);
INSERT INTO overall_athletes (athlete_id, overall_id) VALUES (37, 5);
INSERT INTO overall_athletes (athlete_id, overall_id) VALUES (20, 5);
INSERT INTO overall_athletes (athlete_id, overall_id) VALUES (40, 5);
INSERT INTO overall_athletes (athlete_id, overall_id) VALUES (32, 5);
INSERT INTO overall_athletes (athlete_id, overall_id) VALUES (8, 5);
INSERT INTO overall_athletes (athlete_id, overall_id) VALUES (42, 5);
INSERT INTO overall_athletes (athlete_id, overall_id) VALUES (16, 5);
INSERT INTO overall_athletes (athlete_id, overall_id) VALUES (15, 5);
INSERT INTO overall_athletes (athlete_id, overall_id) VALUES (10, 5);
INSERT INTO overall_athletes (athlete_id, overall_id) VALUES (34, 5);
INSERT INTO overall_athletes (athlete_id, overall_id) VALUES (49, 5);
INSERT INTO overall_athletes (athlete_id, overall_id) VALUES (50, 5);
INSERT INTO overall_athletes (athlete_id, overall_id) VALUES (24, 5);
INSERT INTO overall_athletes (athlete_id, overall_id) VALUES (13, 6);
INSERT INTO overall_athletes (athlete_id, overall_id) VALUES (47, 6);
INSERT INTO overall_athletes (athlete_id, overall_id) VALUES (11, 6);
INSERT INTO overall_athletes (athlete_id, overall_id) VALUES (2, 6);
INSERT INTO overall_athletes (athlete_id, overall_id) VALUES (44, 6);
INSERT INTO overall_athletes (athlete_id, overall_id) VALUES (6, 6);
INSERT INTO overall_athletes (athlete_id, overall_id) VALUES (25, 6);
INSERT INTO overall_athletes (athlete_id, overall_id) VALUES (43, 6);
INSERT INTO overall_athletes (athlete_id, overall_id) VALUES (9, 6);
INSERT INTO overall_athletes (athlete_id, overall_id) VALUES (12, 6);
INSERT INTO overall_athletes (athlete_id, overall_id) VALUES (18, 6);
INSERT INTO overall_athletes (athlete_id, overall_id) VALUES (27, 6);
INSERT INTO overall_athletes (athlete_id, overall_id) VALUES (35, 6);
INSERT INTO overall_athletes (athlete_id, overall_id) VALUES (15, 6);
INSERT INTO overall_athletes (athlete_id, overall_id) VALUES (17, 6);
INSERT INTO overall_athletes (athlete_id, overall_id) VALUES (24, 6);
INSERT INTO overall_athletes (athlete_id, overall_id) VALUES (32, 6);
INSERT INTO overall_athletes (athlete_id, overall_id) VALUES (39, 6);
INSERT INTO overall_athletes (athlete_id, overall_id) VALUES (22, 6);
INSERT INTO overall_athletes (athlete_id, overall_id) VALUES (41, 6);
INSERT INTO overall_athletes (athlete_id, overall_id) VALUES (24, 7);
INSERT INTO overall_athletes (athlete_id, overall_id) VALUES (28, 7);
INSERT INTO overall_athletes (athlete_id, overall_id) VALUES (8, 7);
INSERT INTO overall_athletes (athlete_id, overall_id) VALUES (27, 7);
INSERT INTO overall_athletes (athlete_id, overall_id) VALUES (5, 7);
INSERT INTO overall_athletes (athlete_id, overall_id) VALUES (20, 7);
INSERT INTO overall_athletes (athlete_id, overall_id) VALUES (42, 7);
INSERT INTO overall_athletes (athlete_id, overall_id) VALUES (26, 7);
INSERT INTO overall_athletes (athlete_id, overall_id) VALUES (7, 7);
INSERT INTO overall_athletes (athlete_id, overall_id) VALUES (31, 7);
INSERT INTO overall_athletes (athlete_id, overall_id) VALUES (29, 7);
INSERT INTO overall_athletes (athlete_id, overall_id) VALUES (3, 7);
INSERT INTO overall_athletes (athlete_id, overall_id) VALUES (21, 7);
INSERT INTO overall_athletes (athlete_id, overall_id) VALUES (45, 7);
INSERT INTO overall_athletes (athlete_id, overall_id) VALUES (13, 7);
INSERT INTO overall_athletes (athlete_id, overall_id) VALUES (44, 7);
INSERT INTO overall_athletes (athlete_id, overall_id) VALUES (9, 7);
INSERT INTO overall_athletes (athlete_id, overall_id) VALUES (48, 7);
INSERT INTO overall_athletes (athlete_id, overall_id) VALUES (36, 8);
INSERT INTO overall_athletes (athlete_id, overall_id) VALUES (18, 8);
INSERT INTO overall_athletes (athlete_id, overall_id) VALUES (34, 8);
INSERT INTO overall_athletes (athlete_id, overall_id) VALUES (5, 8);
INSERT INTO overall_athletes (athlete_id, overall_id) VALUES (40, 8);
INSERT INTO overall_athletes (athlete_id, overall_id) VALUES (14, 8);
INSERT INTO overall_athletes (athlete_id, overall_id) VALUES (29, 8);
INSERT INTO overall_athletes (athlete_id, overall_id) VALUES (33, 8);
INSERT INTO overall_athletes (athlete_id, overall_id) VALUES (23, 8);
INSERT INTO overall_athletes (athlete_id, overall_id) VALUES (27, 8);
INSERT INTO overall_athletes (athlete_id, overall_id) VALUES (50, 8);
INSERT INTO overall_athletes (athlete_id, overall_id) VALUES (45, 8);
INSERT INTO overall_athletes (athlete_id, overall_id) VALUES (28, 8);
INSERT INTO overall_athletes (athlete_id, overall_id) VALUES (4, 8);
INSERT INTO overall_athletes (athlete_id, overall_id) VALUES (8, 8);
INSERT INTO overall_athletes (athlete_id, overall_id) VALUES (15, 8);
INSERT INTO overall_athletes (athlete_id, overall_id) VALUES (35, 8);
INSERT INTO overall_athletes (athlete_id, overall_id) VALUES (11, 8);
INSERT INTO overall_athletes (athlete_id, overall_id) VALUES (3, 8);
INSERT INTO overall_athletes (athlete_id, overall_id) VALUES (24, 8);
INSERT INTO overall_athletes (athlete_id, overall_id) VALUES (7, 8);
INSERT INTO overall_athletes (athlete_id, overall_id) VALUES (22, 8);
INSERT INTO overall_athletes (athlete_id, overall_id) VALUES (38, 8);
INSERT INTO overall_athletes (athlete_id, overall_id) VALUES (13, 8);
INSERT INTO overall_athletes (athlete_id, overall_id) VALUES (26, 8);
INSERT INTO overall_athletes (athlete_id, overall_id) VALUES (41, 8);
INSERT INTO overall_athletes (athlete_id, overall_id) VALUES (47, 8);
INSERT INTO overall_athletes (athlete_id, overall_id) VALUES (1, 8);
INSERT INTO overall_athletes (athlete_id, overall_id) VALUES (2, 8);
INSERT INTO overall_athletes (athlete_id, overall_id) VALUES (10, 9);
INSERT INTO overall_athletes (athlete_id, overall_id) VALUES (25, 9);
INSERT INTO overall_athletes (athlete_id, overall_id) VALUES (18, 9);
INSERT INTO overall_athletes (athlete_id, overall_id) VALUES (41, 9);
INSERT INTO overall_athletes (athlete_id, overall_id) VALUES (23, 9);
INSERT INTO overall_athletes (athlete_id, overall_id) VALUES (35, 9);
INSERT INTO overall_athletes (athlete_id, overall_id) VALUES (21, 9);
INSERT INTO overall_athletes (athlete_id, overall_id) VALUES (9, 9);
INSERT INTO overall_athletes (athlete_id, overall_id) VALUES (29, 9);
INSERT INTO overall_athletes (athlete_id, overall_id) VALUES (7, 9);
INSERT INTO overall_athletes (athlete_id, overall_id) VALUES (6, 9);
INSERT INTO overall_athletes (athlete_id, overall_id) VALUES (13, 9);
INSERT INTO overall_athletes (athlete_id, overall_id) VALUES (36, 9);
INSERT INTO overall_athletes (athlete_id, overall_id) VALUES (5, 9);
INSERT INTO overall_athletes (athlete_id, overall_id) VALUES (30, 9);
INSERT INTO overall_athletes (athlete_id, overall_id) VALUES (31, 9);
INSERT INTO overall_athletes (athlete_id, overall_id) VALUES (49, 9);
INSERT INTO overall_athletes (athlete_id, overall_id) VALUES (14, 9);
INSERT INTO overall_athletes (athlete_id, overall_id) VALUES (22, 9);
INSERT INTO overall_athletes (athlete_id, overall_id) VALUES (37, 9);
INSERT INTO overall_athletes (athlete_id, overall_id) VALUES (26, 9);
INSERT INTO overall_athletes (athlete_id, overall_id) VALUES (17, 9);
INSERT INTO overall_athletes (athlete_id, overall_id) VALUES (45, 9);
INSERT INTO overall_athletes (athlete_id, overall_id) VALUES (27, 9);
INSERT INTO overall_athletes (athlete_id, overall_id) VALUES (11, 9);
INSERT INTO overall_athletes (athlete_id, overall_id) VALUES (4, 9);
INSERT INTO overall_athletes (athlete_id, overall_id) VALUES (16, 9);
INSERT INTO overall_athletes (athlete_id, overall_id) VALUES (38, 9);
INSERT INTO overall_athletes (athlete_id, overall_id) VALUES (43, 9);
INSERT INTO overall_athletes (athlete_id, overall_id) VALUES (8, 9);
INSERT INTO overall_athletes (athlete_id, overall_id) VALUES (47, 9);
INSERT INTO overall_athletes (athlete_id, overall_id) VALUES (39, 10);
INSERT INTO overall_athletes (athlete_id, overall_id) VALUES (16, 10);
INSERT INTO overall_athletes (athlete_id, overall_id) VALUES (6, 10);
INSERT INTO overall_athletes (athlete_id, overall_id) VALUES (2, 10);
INSERT INTO overall_athletes (athlete_id, overall_id) VALUES (26, 10);
INSERT INTO overall_athletes (athlete_id, overall_id) VALUES (32, 10);
INSERT INTO overall_athletes (athlete_id, overall_id) VALUES (23, 10);
INSERT INTO overall_athletes (athlete_id, overall_id) VALUES (7, 10);
INSERT INTO overall_athletes (athlete_id, overall_id) VALUES (11, 10);
INSERT INTO overall_athletes (athlete_id, overall_id) VALUES (13, 10);
INSERT INTO overall_athletes (athlete_id, overall_id) VALUES (10, 10);
INSERT INTO overall_athletes (athlete_id, overall_id) VALUES (31, 10);
INSERT INTO overall_athletes (athlete_id, overall_id) VALUES (4, 10);
INSERT INTO overall_athletes (athlete_id, overall_id) VALUES (45, 10);
INSERT INTO overall_athletes (athlete_id, overall_id) VALUES (8, 10);
INSERT INTO overall_athletes (athlete_id, overall_id) VALUES (9, 10);
INSERT INTO overall_athletes (athlete_id, overall_id) VALUES (33, 10);
INSERT INTO overall_athletes (athlete_id, overall_id) VALUES (35, 10);
INSERT INTO overall_athletes (athlete_id, overall_id) VALUES (20, 10);
INSERT INTO overall_athletes (athlete_id, overall_id) VALUES (27, 10);
INSERT INTO tournament_results (result_id, tournament_id) VALUES (37, 1);
INSERT INTO tournament_results (result_id, tournament_id) VALUES (31, 1);
INSERT INTO tournament_results (result_id, tournament_id) VALUES (24, 1);
INSERT INTO tournament_results (result_id, tournament_id) VALUES (48, 1);
INSERT INTO tournament_results (result_id, tournament_id) VALUES (5, 1);
INSERT INTO tournament_results (result_id, tournament_id) VALUES (18, 1);
INSERT INTO tournament_results (result_id, tournament_id) VALUES (19, 1);
INSERT INTO tournament_results (result_id, tournament_id) VALUES (46, 1);
INSERT INTO tournament_results (result_id, tournament_id) VALUES (35, 1);
INSERT INTO tournament_results (result_id, tournament_id) VALUES (7, 1);
INSERT INTO tournament_results (result_id, tournament_id) VALUES (25, 1);
INSERT INTO tournament_results (result_id, tournament_id) VALUES (13, 1);
INSERT INTO tournament_results (result_id, tournament_id) VALUES (3, 1);
INSERT INTO tournament_results (result_id, tournament_id) VALUES (40, 1);
INSERT INTO tournament_results (result_id, tournament_id) VALUES (14, 1);
INSERT INTO tournament_results (result_id, tournament_id) VALUES (32, 1);
INSERT INTO tournament_results (result_id, tournament_id) VALUES (30, 1);
INSERT INTO tournament_results (result_id, tournament_id) VALUES (2, 1);
INSERT INTO tournament_results (result_id, tournament_id) VALUES (41, 1);
INSERT INTO tournament_results (result_id, tournament_id) VALUES (47, 1);
INSERT INTO tournament_results (result_id, tournament_id) VALUES (34, 1);
INSERT INTO tournament_results (result_id, tournament_id) VALUES (12, 1);
INSERT INTO tournament_results (result_id, tournament_id) VALUES (11, 1);
INSERT INTO tournament_results (result_id, tournament_id) VALUES (50, 1);
INSERT INTO tournament_results (result_id, tournament_id) VALUES (21, 1);
INSERT INTO tournament_results (result_id, tournament_id) VALUES (49, 1);
INSERT INTO tournament_results (result_id, tournament_id) VALUES (44, 1);
INSERT INTO tournament_results (result_id, tournament_id) VALUES (8, 1);
INSERT INTO tournament_results (result_id, tournament_id) VALUES (36, 1);
INSERT INTO tournament_results (result_id, tournament_id) VALUES (26, 1);
INSERT INTO tournament_results (result_id, tournament_id) VALUES (20, 1);
INSERT INTO tournament_results (result_id, tournament_id) VALUES (6, 1);
INSERT INTO tournament_results (result_id, tournament_id) VALUES (10, 1);
INSERT INTO tournament_results (result_id, tournament_id) VALUES (27, 1);
INSERT INTO tournament_results (result_id, tournament_id) VALUES (23, 1);
INSERT INTO tournament_results (result_id, tournament_id) VALUES (43, 1);
INSERT INTO tournament_results (result_id, tournament_id) VALUES (29, 1);
INSERT INTO tournament_results (result_id, tournament_id) VALUES (15, 1);
INSERT INTO tournament_results (result_id, tournament_id) VALUES (4, 1);
INSERT INTO tournament_results (result_id, tournament_id) VALUES (42, 1);
INSERT INTO tournament_results (result_id, tournament_id) VALUES (28, 1);
INSERT INTO tournament_results (result_id, tournament_id) VALUES (9, 1);
INSERT INTO tournament_results (result_id, tournament_id) VALUES (17, 1);
INSERT INTO tournament_results (result_id, tournament_id) VALUES (45, 1);
INSERT INTO tournament_results (result_id, tournament_id) VALUES (16, 1);
INSERT INTO tournament_results (result_id, tournament_id) VALUES (22, 1);
INSERT INTO tournament_results (result_id, tournament_id) VALUES (1, 1);
INSERT INTO tournament_results (result_id, tournament_id) VALUES (33, 1);
INSERT INTO tournament_results (result_id, tournament_id) VALUES (47, 2);
INSERT INTO tournament_results (result_id, tournament_id) VALUES (40, 2);
INSERT INTO tournament_results (result_id, tournament_id) VALUES (1, 2);
INSERT INTO tournament_results (result_id, tournament_id) VALUES (30, 2);
INSERT INTO tournament_results (result_id, tournament_id) VALUES (20, 2);
INSERT INTO tournament_results (result_id, tournament_id) VALUES (26, 2);
INSERT INTO tournament_results (result_id, tournament_id) VALUES (31, 2);
INSERT INTO tournament_results (result_id, tournament_id) VALUES (2, 2);
INSERT INTO tournament_results (result_id, tournament_id) VALUES (49, 2);
INSERT INTO tournament_results (result_id, tournament_id) VALUES (29, 2);
INSERT INTO tournament_results (result_id, tournament_id) VALUES (37, 2);
INSERT INTO tournament_results (result_id, tournament_id) VALUES (11, 2);
INSERT INTO tournament_results (result_id, tournament_id) VALUES (33, 2);
INSERT INTO tournament_results (result_id, tournament_id) VALUES (17, 2);
INSERT INTO tournament_results (result_id, tournament_id) VALUES (50, 3);
INSERT INTO tournament_results (result_id, tournament_id) VALUES (32, 4);
INSERT INTO tournament_results (result_id, tournament_id) VALUES (42, 4);
INSERT INTO tournament_results (result_id, tournament_id) VALUES (14, 4);
INSERT INTO tournament_results (result_id, tournament_id) VALUES (35, 4);
INSERT INTO tournament_results (result_id, tournament_id) VALUES (13, 4);
INSERT INTO tournament_results (result_id, tournament_id) VALUES (2, 4);
INSERT INTO tournament_results (result_id, tournament_id) VALUES (3, 5);
INSERT INTO tournament_results (result_id, tournament_id) VALUES (9, 5);
INSERT INTO tournament_results (result_id, tournament_id) VALUES (36, 5);
INSERT INTO tournament_results (result_id, tournament_id) VALUES (32, 5);
INSERT INTO tournament_results (result_id, tournament_id) VALUES (28, 5);
INSERT INTO tournament_results (result_id, tournament_id) VALUES (38, 5);
INSERT INTO tournament_results (result_id, tournament_id) VALUES (40, 5);
INSERT INTO tournament_results (result_id, tournament_id) VALUES (18, 5);
INSERT INTO tournament_results (result_id, tournament_id) VALUES (22, 5);
INSERT INTO tournament_results (result_id, tournament_id) VALUES (29, 5);
INSERT INTO tournament_results (result_id, tournament_id) VALUES (27, 5);
INSERT INTO tournament_results (result_id, tournament_id) VALUES (39, 5);
INSERT INTO tournament_results (result_id, tournament_id) VALUES (31, 5);
INSERT INTO tournament_results (result_id, tournament_id) VALUES (45, 5);
INSERT INTO tournament_results (result_id, tournament_id) VALUES (24, 5);
INSERT INTO tournament_results (result_id, tournament_id) VALUES (19, 5);
INSERT INTO tournament_results (result_id, tournament_id) VALUES (5, 5);
INSERT INTO tournament_results (result_id, tournament_id) VALUES (47, 5);
INSERT INTO tournament_results (result_id, tournament_id) VALUES (14, 5);
INSERT INTO tournament_results (result_id, tournament_id) VALUES (1, 5);
INSERT INTO tournament_results (result_id, tournament_id) VALUES (41, 5);
INSERT INTO tournament_results (result_id, tournament_id) VALUES (4, 5);
INSERT INTO tournament_results (result_id, tournament_id) VALUES (11, 5);
INSERT INTO tournament_results (result_id, tournament_id) VALUES (21, 5);
INSERT INTO tournament_results (result_id, tournament_id) VALUES (26, 5);
INSERT INTO tournament_results (result_id, tournament_id) VALUES (25, 5);
INSERT INTO tournament_results (result_id, tournament_id) VALUES (30, 5);
INSERT INTO tournament_results (result_id, tournament_id) VALUES (17, 5);
INSERT INTO tournament_results (result_id, tournament_id) VALUES (15, 5);
INSERT INTO tournament_results (result_id, tournament_id) VALUES (13, 5);
INSERT INTO tournament_results (result_id, tournament_id) VALUES (7, 5);
INSERT INTO tournament_results (result_id, tournament_id) VALUES (48, 5);
INSERT INTO tournament_results (result_id, tournament_id) VALUES (49, 5);
INSERT INTO tournament_results (result_id, tournament_id) VALUES (16, 5);
INSERT INTO tournament_results (result_id, tournament_id) VALUES (34, 5);
INSERT INTO tournament_results (result_id, tournament_id) VALUES (44, 5);
INSERT INTO tournament_results (result_id, tournament_id) VALUES (35, 5);
INSERT INTO tournament_results (result_id, tournament_id) VALUES (1, 6);
INSERT INTO tournament_results (result_id, tournament_id) VALUES (40, 6);
INSERT INTO tournament_results (result_id, tournament_id) VALUES (38, 6);
INSERT INTO tournament_results (result_id, tournament_id) VALUES (29, 6);
INSERT INTO tournament_results (result_id, tournament_id) VALUES (19, 6);
INSERT INTO tournament_results (result_id, tournament_id) VALUES (36, 6);
INSERT INTO tournament_results (result_id, tournament_id) VALUES (30, 6);
INSERT INTO tournament_results (result_id, tournament_id) VALUES (49, 6);
INSERT INTO tournament_results (result_id, tournament_id) VALUES (24, 6);
INSERT INTO tournament_results (result_id, tournament_id) VALUES (13, 6);
INSERT INTO tournament_results (result_id, tournament_id) VALUES (18, 6);
INSERT INTO tournament_results (result_id, tournament_id) VALUES (3, 6);
INSERT INTO tournament_results (result_id, tournament_id) VALUES (16, 6);
INSERT INTO tournament_results (result_id, tournament_id) VALUES (34, 6);
INSERT INTO tournament_results (result_id, tournament_id) VALUES (15, 6);
INSERT INTO tournament_results (result_id, tournament_id) VALUES (9, 6);
INSERT INTO tournament_results (result_id, tournament_id) VALUES (21, 6);
INSERT INTO tournament_results (result_id, tournament_id) VALUES (22, 6);
INSERT INTO tournament_results (result_id, tournament_id) VALUES (27, 6);
INSERT INTO tournament_results (result_id, tournament_id) VALUES (23, 6);
INSERT INTO tournament_results (result_id, tournament_id) VALUES (50, 6);
INSERT INTO tournament_results (result_id, tournament_id) VALUES (10, 6);
INSERT INTO tournament_results (result_id, tournament_id) VALUES (8, 6);
INSERT INTO tournament_results (result_id, tournament_id) VALUES (42, 7);
INSERT INTO tournament_results (result_id, tournament_id) VALUES (45, 7);
INSERT INTO tournament_results (result_id, tournament_id) VALUES (39, 7);
INSERT INTO tournament_results (result_id, tournament_id) VALUES (14, 7);
INSERT INTO tournament_results (result_id, tournament_id) VALUES (46, 7);
INSERT INTO tournament_results (result_id, tournament_id) VALUES (34, 7);
INSERT INTO tournament_results (result_id, tournament_id) VALUES (15, 7);
INSERT INTO tournament_results (result_id, tournament_id) VALUES (27, 7);
INSERT INTO tournament_results (result_id, tournament_id) VALUES (8, 7);
INSERT INTO tournament_results (result_id, tournament_id) VALUES (1, 7);
INSERT INTO tournament_results (result_id, tournament_id) VALUES (21, 7);
INSERT INTO tournament_results (result_id, tournament_id) VALUES (49, 7);
INSERT INTO tournament_results (result_id, tournament_id) VALUES (5, 7);
INSERT INTO tournament_results (result_id, tournament_id) VALUES (47, 7);
INSERT INTO tournament_results (result_id, tournament_id) VALUES (29, 7);
INSERT INTO tournament_results (result_id, tournament_id) VALUES (37, 7);
INSERT INTO tournament_results (result_id, tournament_id) VALUES (28, 7);
INSERT INTO tournament_results (result_id, tournament_id) VALUES (36, 7);
INSERT INTO tournament_results (result_id, tournament_id) VALUES (30, 7);
INSERT INTO tournament_results (result_id, tournament_id) VALUES (19, 7);
INSERT INTO tournament_results (result_id, tournament_id) VALUES (7, 7);
INSERT INTO tournament_results (result_id, tournament_id) VALUES (22, 8);
INSERT INTO tournament_results (result_id, tournament_id) VALUES (15, 8);
INSERT INTO tournament_results (result_id, tournament_id) VALUES (24, 8);
INSERT INTO tournament_results (result_id, tournament_id) VALUES (39, 8);
INSERT INTO tournament_results (result_id, tournament_id) VALUES (4, 8);
INSERT INTO tournament_results (result_id, tournament_id) VALUES (33, 8);
INSERT INTO tournament_results (result_id, tournament_id) VALUES (3, 8);
INSERT INTO tournament_results (result_id, tournament_id) VALUES (2, 8);
INSERT INTO tournament_results (result_id, tournament_id) VALUES (1, 8);
INSERT INTO tournament_results (result_id, tournament_id) VALUES (14, 8);
INSERT INTO tournament_results (result_id, tournament_id) VALUES (16, 8);
INSERT INTO tournament_results (result_id, tournament_id) VALUES (27, 8);
INSERT INTO tournament_results (result_id, tournament_id) VALUES (6, 8);
INSERT INTO tournament_results (result_id, tournament_id) VALUES (18, 8);
INSERT INTO tournament_results (result_id, tournament_id) VALUES (45, 8);
INSERT INTO tournament_results (result_id, tournament_id) VALUES (36, 8);
INSERT INTO tournament_results (result_id, tournament_id) VALUES (31, 8);
INSERT INTO tournament_results (result_id, tournament_id) VALUES (11, 8);
INSERT INTO tournament_results (result_id, tournament_id) VALUES (47, 8);
INSERT INTO tournament_results (result_id, tournament_id) VALUES (17, 8);
INSERT INTO tournament_results (result_id, tournament_id) VALUES (7, 8);
INSERT INTO tournament_results (result_id, tournament_id) VALUES (42, 8);
INSERT INTO tournament_results (result_id, tournament_id) VALUES (38, 8);
INSERT INTO tournament_results (result_id, tournament_id) VALUES (50, 8);
INSERT INTO tournament_results (result_id, tournament_id) VALUES (19, 8);
INSERT INTO tournament_results (result_id, tournament_id) VALUES (34, 8);
INSERT INTO tournament_results (result_id, tournament_id) VALUES (30, 8);
INSERT INTO tournament_results (result_id, tournament_id) VALUES (10, 8);
INSERT INTO tournament_results (result_id, tournament_id) VALUES (40, 8);
INSERT INTO tournament_results (result_id, tournament_id) VALUES (32, 8);
INSERT INTO tournament_results (result_id, tournament_id) VALUES (37, 8);
INSERT INTO tournament_results (result_id, tournament_id) VALUES (5, 8);
INSERT INTO tournament_results (result_id, tournament_id) VALUES (8, 8);
INSERT INTO tournament_results (result_id, tournament_id) VALUES (29, 8);
INSERT INTO tournament_results (result_id, tournament_id) VALUES (49, 8);
INSERT INTO tournament_results (result_id, tournament_id) VALUES (12, 8);
INSERT INTO tournament_results (result_id, tournament_id) VALUES (48, 8);
INSERT INTO tournament_results (result_id, tournament_id) VALUES (23, 8);
INSERT INTO tournament_results (result_id, tournament_id) VALUES (26, 8);
INSERT INTO tournament_results (result_id, tournament_id) VALUES (41, 8);
INSERT INTO tournament_results (result_id, tournament_id) VALUES (43, 8);
INSERT INTO tournament_results (result_id, tournament_id) VALUES (35, 8);
INSERT INTO tournament_results (result_id, tournament_id) VALUES (9, 8);
INSERT INTO tournament_results (result_id, tournament_id) VALUES (21, 8);
INSERT INTO tournament_results (result_id, tournament_id) VALUES (9, 9);
INSERT INTO tournament_results (result_id, tournament_id) VALUES (13, 9);
INSERT INTO tournament_results (result_id, tournament_id) VALUES (14, 9);
INSERT INTO tournament_results (result_id, tournament_id) VALUES (8, 9);
INSERT INTO tournament_results (result_id, tournament_id) VALUES (43, 9);
INSERT INTO tournament_results (result_id, tournament_id) VALUES (2, 9);
INSERT INTO tournament_results (result_id, tournament_id) VALUES (39, 9);
INSERT INTO tournament_results (result_id, tournament_id) VALUES (48, 9);
INSERT INTO tournament_results (result_id, tournament_id) VALUES (44, 9);
INSERT INTO tournament_results (result_id, tournament_id) VALUES (4, 9);
INSERT INTO tournament_results (result_id, tournament_id) VALUES (12, 9);
INSERT INTO tournament_results (result_id, tournament_id) VALUES (29, 9);
INSERT INTO tournament_results (result_id, tournament_id) VALUES (18, 9);
INSERT INTO tournament_results (result_id, tournament_id) VALUES (5, 9);
INSERT INTO tournament_results (result_id, tournament_id) VALUES (35, 9);
INSERT INTO tournament_results (result_id, tournament_id) VALUES (45, 9);
INSERT INTO tournament_results (result_id, tournament_id) VALUES (40, 9);
INSERT INTO tournament_results (result_id, tournament_id) VALUES (11, 9);
INSERT INTO tournament_results (result_id, tournament_id) VALUES (15, 9);
INSERT INTO tournament_results (result_id, tournament_id) VALUES (17, 10);
INSERT INTO tournament_results (result_id, tournament_id) VALUES (37, 10);
INSERT INTO tournament_results (result_id, tournament_id) VALUES (31, 10);
INSERT INTO tournament_results (result_id, tournament_id) VALUES (8, 10);
INSERT INTO tournament_results (result_id, tournament_id) VALUES (42, 10);
INSERT INTO tournament_results (result_id, tournament_id) VALUES (27, 10);
INSERT INTO tournament_results (result_id, tournament_id) VALUES (6, 10);
INSERT INTO tournament_results (result_id, tournament_id) VALUES (47, 10);
INSERT INTO tournament_results (result_id, tournament_id) VALUES (24, 10);
INSERT INTO tournament_results (result_id, tournament_id) VALUES (41, 10);
INSERT INTO tournament_results (result_id, tournament_id) VALUES (34, 10);
INSERT INTO tournament_results (result_id, tournament_id) VALUES (28, 10);
INSERT INTO tournament_results (result_id, tournament_id) VALUES (29, 10);
INSERT INTO tournament_results (result_id, tournament_id) VALUES (36, 10);
INSERT INTO tournament_results (result_id, tournament_id) VALUES (38, 10);
INSERT INTO tournament_results (result_id, tournament_id) VALUES (50, 10);
INSERT INTO tournament_results (result_id, tournament_id) VALUES (13, 10);
INSERT INTO tournament_results (result_id, tournament_id) VALUES (22, 10);
INSERT INTO tournament_results (result_id, tournament_id) VALUES (45, 10);
INSERT INTO tournament_results (result_id, tournament_id) VALUES (30, 10);
INSERT INTO tournament_results (result_id, tournament_id) VALUES (10, 10);
INSERT INTO tournament_results (result_id, tournament_id) VALUES (7, 10);
INSERT INTO tournament_results (result_id, tournament_id) VALUES (33, 10);
INSERT INTO tournament_results (result_id, tournament_id) VALUES (16, 10);
INSERT INTO tournament_results (result_id, tournament_id) VALUES (18, 10);
INSERT INTO tournament_results (result_id, tournament_id) VALUES (26, 10);
INSERT INTO tournament_results (result_id, tournament_id) VALUES (49, 10);
INSERT INTO tournament_results (result_id, tournament_id) VALUES (4, 10);
INSERT INTO tournament_results (result_id, tournament_id) VALUES (40, 10);
INSERT INTO tournament_results (result_id, tournament_id) VALUES (32, 10);
INSERT INTO tournament_results (result_id, tournament_id) VALUES (2, 10);
INSERT INTO tournament_results (result_id, tournament_id) VALUES (1, 10);
INSERT INTO tournament_results (result_id, tournament_id) VALUES (19, 10);
INSERT INTO tournament_results (result_id, tournament_id) VALUES (48, 10);
INSERT INTO tournament_results (result_id, tournament_id) VALUES (35, 10);
INSERT INTO tournament_results (result_id, tournament_id) VALUES (5, 10);
INSERT INTO tournament_results (result_id, tournament_id) VALUES (15, 10);
INSERT INTO tournament_results (result_id, tournament_id) VALUES (39, 10);
INSERT INTO tournament_results (result_id, tournament_id) VALUES (14, 10);
INSERT INTO tournament_results (result_id, tournament_id) VALUES (20, 10);
INSERT INTO tournament_results (result_id, tournament_id) VALUES (46, 10);
INSERT INTO tournament_results (result_id, tournament_id) VALUES (9, 10);
INSERT INTO tournament_results (result_id, tournament_id) VALUES (21, 10);
INSERT INTO tournament_results (result_id, tournament_id) VALUES (3, 10);
INSERT INTO tournament_results (result_id, tournament_id) VALUES (23, 10);
INSERT INTO tournament_results (result_id, tournament_id) VALUES (43, 10);
INSERT INTO tournament_results (result_id, tournament_id) VALUES (25, 10);
INSERT INTO tournament_results (result_id, tournament_id) VALUES (12, 10);
INSERT INTO athlete_results (result_id, athlete_id) VALUES (32, 1);
INSERT INTO athlete_results (result_id, athlete_id) VALUES (27, 1);
INSERT INTO athlete_results (result_id, athlete_id) VALUES (31, 1);
INSERT INTO athlete_results (result_id, athlete_id) VALUES (12, 1);
INSERT INTO athlete_results (result_id, athlete_id) VALUES (40, 1);
INSERT INTO athlete_results (result_id, athlete_id) VALUES (28, 1);
INSERT INTO athlete_results (result_id, athlete_id) VALUES (48, 1);
INSERT INTO athlete_results (result_id, athlete_id) VALUES (37, 1);
INSERT INTO athlete_results (result_id, athlete_id) VALUES (26, 1);
INSERT INTO athlete_results (result_id, athlete_id) VALUES (34, 1);
INSERT INTO athlete_results (result_id, athlete_id) VALUES (15, 1);
INSERT INTO athlete_results (result_id, athlete_id) VALUES (4, 1);
INSERT INTO athlete_results (result_id, athlete_id) VALUES (39, 1);
INSERT INTO athlete_results (result_id, athlete_id) VALUES (49, 1);
INSERT INTO athlete_results (result_id, athlete_id) VALUES (19, 1);
INSERT INTO athlete_results (result_id, athlete_id) VALUES (46, 1);
INSERT INTO athlete_results (result_id, athlete_id) VALUES (11, 1);
INSERT INTO athlete_results (result_id, athlete_id) VALUES (45, 1);
INSERT INTO athlete_results (result_id, athlete_id) VALUES (23, 1);
INSERT INTO athlete_results (result_id, athlete_id) VALUES (25, 1);
INSERT INTO athlete_results (result_id, athlete_id) VALUES (36, 1);
INSERT INTO athlete_results (result_id, athlete_id) VALUES (35, 1);
INSERT INTO athlete_results (result_id, athlete_id) VALUES (7, 1);
INSERT INTO athlete_results (result_id, athlete_id) VALUES (10, 1);
INSERT INTO athlete_results (result_id, athlete_id) VALUES (30, 1);
INSERT INTO athlete_results (result_id, athlete_id) VALUES (9, 1);
INSERT INTO athlete_results (result_id, athlete_id) VALUES (14, 1);
INSERT INTO athlete_results (result_id, athlete_id) VALUES (25, 2);
INSERT INTO athlete_results (result_id, athlete_id) VALUES (3, 2);
INSERT INTO athlete_results (result_id, athlete_id) VALUES (9, 2);
INSERT INTO athlete_results (result_id, athlete_id) VALUES (12, 2);
INSERT INTO athlete_results (result_id, athlete_id) VALUES (32, 2);
INSERT INTO athlete_results (result_id, athlete_id) VALUES (35, 2);
INSERT INTO athlete_results (result_id, athlete_id) VALUES (29, 2);
INSERT INTO athlete_results (result_id, athlete_id) VALUES (39, 2);
INSERT INTO athlete_results (result_id, athlete_id) VALUES (37, 2);
INSERT INTO athlete_results (result_id, athlete_id) VALUES (38, 2);
INSERT INTO athlete_results (result_id, athlete_id) VALUES (8, 2);
INSERT INTO athlete_results (result_id, athlete_id) VALUES (20, 2);
INSERT INTO athlete_results (result_id, athlete_id) VALUES (34, 2);
INSERT INTO athlete_results (result_id, athlete_id) VALUES (28, 2);
INSERT INTO athlete_results (result_id, athlete_id) VALUES (33, 2);
INSERT INTO athlete_results (result_id, athlete_id) VALUES (19, 2);
INSERT INTO athlete_results (result_id, athlete_id) VALUES (27, 2);
INSERT INTO athlete_results (result_id, athlete_id) VALUES (22, 2);
INSERT INTO athlete_results (result_id, athlete_id) VALUES (21, 2);
INSERT INTO athlete_results (result_id, athlete_id) VALUES (31, 2);
INSERT INTO athlete_results (result_id, athlete_id) VALUES (42, 2);
INSERT INTO athlete_results (result_id, athlete_id) VALUES (1, 2);
INSERT INTO athlete_results (result_id, athlete_id) VALUES (50, 2);
INSERT INTO athlete_results (result_id, athlete_id) VALUES (5, 2);
INSERT INTO athlete_results (result_id, athlete_id) VALUES (7, 2);
INSERT INTO athlete_results (result_id, athlete_id) VALUES (26, 2);
INSERT INTO athlete_results (result_id, athlete_id) VALUES (4, 2);
INSERT INTO athlete_results (result_id, athlete_id) VALUES (46, 2);
INSERT INTO athlete_results (result_id, athlete_id) VALUES (10, 2);
INSERT INTO athlete_results (result_id, athlete_id) VALUES (49, 2);
INSERT INTO athlete_results (result_id, athlete_id) VALUES (23, 2);
INSERT INTO athlete_results (result_id, athlete_id) VALUES (16, 2);
INSERT INTO athlete_results (result_id, athlete_id) VALUES (30, 2);
INSERT INTO athlete_results (result_id, athlete_id) VALUES (47, 2);
INSERT INTO athlete_results (result_id, athlete_id) VALUES (6, 2);
INSERT INTO athlete_results (result_id, athlete_id) VALUES (40, 2);
INSERT INTO athlete_results (result_id, athlete_id) VALUES (43, 2);
INSERT INTO athlete_results (result_id, athlete_id) VALUES (48, 2);
INSERT INTO athlete_results (result_id, athlete_id) VALUES (24, 2);
INSERT INTO athlete_results (result_id, athlete_id) VALUES (45, 2);
INSERT INTO athlete_results (result_id, athlete_id) VALUES (44, 2);
INSERT INTO athlete_results (result_id, athlete_id) VALUES (13, 2);
INSERT INTO athlete_results (result_id, athlete_id) VALUES (17, 2);
INSERT INTO athlete_results (result_id, athlete_id) VALUES (15, 2);
INSERT INTO athlete_results (result_id, athlete_id) VALUES (14, 2);
INSERT INTO athlete_results (result_id, athlete_id) VALUES (36, 3);
INSERT INTO athlete_results (result_id, athlete_id) VALUES (27, 3);
INSERT INTO athlete_results (result_id, athlete_id) VALUES (19, 3);
INSERT INTO athlete_results (result_id, athlete_id) VALUES (1, 3);
INSERT INTO athlete_results (result_id, athlete_id) VALUES (29, 3);
INSERT INTO athlete_results (result_id, athlete_id) VALUES (21, 3);
INSERT INTO athlete_results (result_id, athlete_id) VALUES (42, 3);
INSERT INTO athlete_results (result_id, athlete_id) VALUES (11, 3);
INSERT INTO athlete_results (result_id, athlete_id) VALUES (22, 3);
INSERT INTO athlete_results (result_id, athlete_id) VALUES (15, 3);
INSERT INTO athlete_results (result_id, athlete_id) VALUES (20, 3);
INSERT INTO athlete_results (result_id, athlete_id) VALUES (40, 3);
INSERT INTO athlete_results (result_id, athlete_id) VALUES (32, 3);
INSERT INTO athlete_results (result_id, athlete_id) VALUES (17, 3);
INSERT INTO athlete_results (result_id, athlete_id) VALUES (4, 3);
INSERT INTO athlete_results (result_id, athlete_id) VALUES (10, 3);
INSERT INTO athlete_results (result_id, athlete_id) VALUES (46, 4);
INSERT INTO athlete_results (result_id, athlete_id) VALUES (15, 4);
INSERT INTO athlete_results (result_id, athlete_id) VALUES (35, 4);
INSERT INTO athlete_results (result_id, athlete_id) VALUES (27, 4);
INSERT INTO athlete_results (result_id, athlete_id) VALUES (37, 4);
INSERT INTO athlete_results (result_id, athlete_id) VALUES (1, 4);
INSERT INTO athlete_results (result_id, athlete_id) VALUES (31, 4);
INSERT INTO athlete_results (result_id, athlete_id) VALUES (3, 4);
INSERT INTO athlete_results (result_id, athlete_id) VALUES (20, 4);
INSERT INTO athlete_results (result_id, athlete_id) VALUES (9, 4);
INSERT INTO athlete_results (result_id, athlete_id) VALUES (6, 4);
INSERT INTO athlete_results (result_id, athlete_id) VALUES (21, 4);
INSERT INTO athlete_results (result_id, athlete_id) VALUES (42, 4);
INSERT INTO athlete_results (result_id, athlete_id) VALUES (19, 4);
INSERT INTO athlete_results (result_id, athlete_id) VALUES (32, 4);
INSERT INTO athlete_results (result_id, athlete_id) VALUES (23, 4);
INSERT INTO athlete_results (result_id, athlete_id) VALUES (5, 4);
INSERT INTO athlete_results (result_id, athlete_id) VALUES (50, 4);
INSERT INTO athlete_results (result_id, athlete_id) VALUES (40, 4);
INSERT INTO athlete_results (result_id, athlete_id) VALUES (38, 4);
INSERT INTO athlete_results (result_id, athlete_id) VALUES (34, 4);
INSERT INTO athlete_results (result_id, athlete_id) VALUES (41, 4);
INSERT INTO athlete_results (result_id, athlete_id) VALUES (29, 5);
INSERT INTO athlete_results (result_id, athlete_id) VALUES (16, 5);
INSERT INTO athlete_results (result_id, athlete_id) VALUES (32, 5);
INSERT INTO athlete_results (result_id, athlete_id) VALUES (39, 5);
INSERT INTO athlete_results (result_id, athlete_id) VALUES (12, 5);
INSERT INTO athlete_results (result_id, athlete_id) VALUES (30, 5);
INSERT INTO athlete_results (result_id, athlete_id) VALUES (14, 5);
INSERT INTO athlete_results (result_id, athlete_id) VALUES (18, 6);
INSERT INTO athlete_results (result_id, athlete_id) VALUES (21, 6);
INSERT INTO athlete_results (result_id, athlete_id) VALUES (16, 6);
INSERT INTO athlete_results (result_id, athlete_id) VALUES (50, 6);
INSERT INTO athlete_results (result_id, athlete_id) VALUES (19, 6);
INSERT INTO athlete_results (result_id, athlete_id) VALUES (38, 6);
INSERT INTO athlete_results (result_id, athlete_id) VALUES (39, 6);
INSERT INTO athlete_results (result_id, athlete_id) VALUES (23, 6);
INSERT INTO athlete_results (result_id, athlete_id) VALUES (2, 6);
INSERT INTO athlete_results (result_id, athlete_id) VALUES (4, 6);
INSERT INTO athlete_results (result_id, athlete_id) VALUES (3, 6);
INSERT INTO athlete_results (result_id, athlete_id) VALUES (22, 6);
INSERT INTO athlete_results (result_id, athlete_id) VALUES (13, 6);
INSERT INTO athlete_results (result_id, athlete_id) VALUES (14, 6);
INSERT INTO athlete_results (result_id, athlete_id) VALUES (29, 6);
INSERT INTO athlete_results (result_id, athlete_id) VALUES (27, 6);
INSERT INTO athlete_results (result_id, athlete_id) VALUES (43, 6);
INSERT INTO athlete_results (result_id, athlete_id) VALUES (44, 6);
INSERT INTO athlete_results (result_id, athlete_id) VALUES (40, 6);
INSERT INTO athlete_results (result_id, athlete_id) VALUES (17, 6);
INSERT INTO athlete_results (result_id, athlete_id) VALUES (8, 6);
INSERT INTO athlete_results (result_id, athlete_id) VALUES (33, 6);
INSERT INTO athlete_results (result_id, athlete_id) VALUES (5, 6);
INSERT INTO athlete_results (result_id, athlete_id) VALUES (42, 6);
INSERT INTO athlete_results (result_id, athlete_id) VALUES (37, 6);
INSERT INTO athlete_results (result_id, athlete_id) VALUES (24, 6);
INSERT INTO athlete_results (result_id, athlete_id) VALUES (36, 6);
INSERT INTO athlete_results (result_id, athlete_id) VALUES (1, 6);
INSERT INTO athlete_results (result_id, athlete_id) VALUES (11, 6);
INSERT INTO athlete_results (result_id, athlete_id) VALUES (30, 6);
INSERT INTO athlete_results (result_id, athlete_id) VALUES (35, 6);
INSERT INTO athlete_results (result_id, athlete_id) VALUES (32, 6);
INSERT INTO athlete_results (result_id, athlete_id) VALUES (9, 6);
INSERT INTO athlete_results (result_id, athlete_id) VALUES (48, 6);
INSERT INTO athlete_results (result_id, athlete_id) VALUES (45, 6);
INSERT INTO athlete_results (result_id, athlete_id) VALUES (32, 7);
INSERT INTO athlete_results (result_id, athlete_id) VALUES (14, 7);
INSERT INTO athlete_results (result_id, athlete_id) VALUES (31, 7);
INSERT INTO athlete_results (result_id, athlete_id) VALUES (45, 7);
INSERT INTO athlete_results (result_id, athlete_id) VALUES (24, 7);
INSERT INTO athlete_results (result_id, athlete_id) VALUES (47, 7);
INSERT INTO athlete_results (result_id, athlete_id) VALUES (21, 7);
INSERT INTO athlete_results (result_id, athlete_id) VALUES (1, 7);
INSERT INTO athlete_results (result_id, athlete_id) VALUES (33, 7);
INSERT INTO athlete_results (result_id, athlete_id) VALUES (15, 7);
INSERT INTO athlete_results (result_id, athlete_id) VALUES (22, 7);
INSERT INTO athlete_results (result_id, athlete_id) VALUES (34, 7);
INSERT INTO athlete_results (result_id, athlete_id) VALUES (30, 7);
INSERT INTO athlete_results (result_id, athlete_id) VALUES (17, 7);
INSERT INTO athlete_results (result_id, athlete_id) VALUES (8, 7);
INSERT INTO athlete_results (result_id, athlete_id) VALUES (42, 7);
INSERT INTO athlete_results (result_id, athlete_id) VALUES (9, 8);
INSERT INTO athlete_results (result_id, athlete_id) VALUES (3, 8);
INSERT INTO athlete_results (result_id, athlete_id) VALUES (9, 9);
INSERT INTO athlete_results (result_id, athlete_id) VALUES (34, 9);
INSERT INTO athlete_results (result_id, athlete_id) VALUES (2, 9);
INSERT INTO athlete_results (result_id, athlete_id) VALUES (37, 9);
INSERT INTO athlete_results (result_id, athlete_id) VALUES (12, 9);
INSERT INTO athlete_results (result_id, athlete_id) VALUES (33, 9);
INSERT INTO athlete_results (result_id, athlete_id) VALUES (35, 9);
INSERT INTO athlete_results (result_id, athlete_id) VALUES (48, 9);
INSERT INTO athlete_results (result_id, athlete_id) VALUES (22, 9);
INSERT INTO athlete_results (result_id, athlete_id) VALUES (5, 9);
INSERT INTO athlete_results (result_id, athlete_id) VALUES (42, 9);
INSERT INTO athlete_results (result_id, athlete_id) VALUES (29, 9);
INSERT INTO athlete_results (result_id, athlete_id) VALUES (17, 9);
INSERT INTO athlete_results (result_id, athlete_id) VALUES (20, 9);
INSERT INTO athlete_results (result_id, athlete_id) VALUES (4, 9);
INSERT INTO athlete_results (result_id, athlete_id) VALUES (44, 9);
INSERT INTO athlete_results (result_id, athlete_id) VALUES (31, 9);
INSERT INTO athlete_results (result_id, athlete_id) VALUES (36, 9);
INSERT INTO athlete_results (result_id, athlete_id) VALUES (21, 9);
INSERT INTO athlete_results (result_id, athlete_id) VALUES (39, 9);
INSERT INTO athlete_results (result_id, athlete_id) VALUES (32, 9);
INSERT INTO athlete_results (result_id, athlete_id) VALUES (14, 9);
INSERT INTO athlete_results (result_id, athlete_id) VALUES (27, 9);
INSERT INTO athlete_results (result_id, athlete_id) VALUES (19, 9);
INSERT INTO athlete_results (result_id, athlete_id) VALUES (6, 9);
INSERT INTO athlete_results (result_id, athlete_id) VALUES (18, 9);
INSERT INTO athlete_results (result_id, athlete_id) VALUES (8, 9);
INSERT INTO athlete_results (result_id, athlete_id) VALUES (50, 9);
INSERT INTO athlete_results (result_id, athlete_id) VALUES (46, 10);
INSERT INTO athlete_results (result_id, athlete_id) VALUES (50, 10);
INSERT INTO athlete_results (result_id, athlete_id) VALUES (13, 10);
INSERT INTO athlete_results (result_id, athlete_id) VALUES (21, 10);
INSERT INTO athlete_results (result_id, athlete_id) VALUES (30, 10);
INSERT INTO athlete_results (result_id, athlete_id) VALUES (9, 10);
INSERT INTO athlete_results (result_id, athlete_id) VALUES (37, 10);
INSERT INTO athlete_results (result_id, athlete_id) VALUES (4, 10);
INSERT INTO athlete_results (result_id, athlete_id) VALUES (8, 10);
INSERT INTO athlete_results (result_id, athlete_id) VALUES (33, 10);
INSERT INTO athlete_results (result_id, athlete_id) VALUES (5, 10);
INSERT INTO athlete_results (result_id, athlete_id) VALUES (2, 10);
INSERT INTO athlete_results (result_id, athlete_id) VALUES (45, 10);
INSERT INTO athlete_results (result_id, athlete_id) VALUES (20, 10);
INSERT INTO athlete_results (result_id, athlete_id) VALUES (35, 10);
INSERT INTO athlete_results (result_id, athlete_id) VALUES (28, 10);
INSERT INTO athlete_results (result_id, athlete_id) VALUES (18, 10);
INSERT INTO athlete_results (result_id, athlete_id) VALUES (32, 10);
INSERT INTO athlete_results (result_id, athlete_id) VALUES (3, 10);
INSERT INTO athlete_results (result_id, athlete_id) VALUES (39, 10);
INSERT INTO athlete_results (result_id, athlete_id) VALUES (11, 10);
INSERT INTO athlete_results (result_id, athlete_id) VALUES (1, 10);
INSERT INTO athlete_results (result_id, athlete_id) VALUES (26, 10);
INSERT INTO athlete_results (result_id, athlete_id) VALUES (44, 10);
INSERT INTO athlete_results (result_id, athlete_id) VALUES (25, 10);
INSERT INTO athlete_results (result_id, athlete_id) VALUES (14, 10);
INSERT INTO athlete_results (result_id, athlete_id) VALUES (47, 10);
INSERT INTO athlete_results (result_id, athlete_id) VALUES (2, 11);
INSERT INTO athlete_results (result_id, athlete_id) VALUES (5, 11);
INSERT INTO athlete_results (result_id, athlete_id) VALUES (35, 11);
INSERT INTO athlete_results (result_id, athlete_id) VALUES (31, 11);
INSERT INTO athlete_results (result_id, athlete_id) VALUES (11, 11);
INSERT INTO athlete_results (result_id, athlete_id) VALUES (3, 11);
INSERT INTO athlete_results (result_id, athlete_id) VALUES (36, 11);
INSERT INTO athlete_results (result_id, athlete_id) VALUES (32, 11);
INSERT INTO athlete_results (result_id, athlete_id) VALUES (37, 11);
INSERT INTO athlete_results (result_id, athlete_id) VALUES (41, 11);
INSERT INTO athlete_results (result_id, athlete_id) VALUES (6, 11);
INSERT INTO athlete_results (result_id, athlete_id) VALUES (43, 11);
INSERT INTO athlete_results (result_id, athlete_id) VALUES (7, 11);
INSERT INTO athlete_results (result_id, athlete_id) VALUES (25, 11);
INSERT INTO athlete_results (result_id, athlete_id) VALUES (21, 11);
INSERT INTO athlete_results (result_id, athlete_id) VALUES (49, 11);
INSERT INTO athlete_results (result_id, athlete_id) VALUES (30, 11);
INSERT INTO athlete_results (result_id, athlete_id) VALUES (19, 11);
INSERT INTO athlete_results (result_id, athlete_id) VALUES (9, 11);
INSERT INTO athlete_results (result_id, athlete_id) VALUES (39, 11);
INSERT INTO athlete_results (result_id, athlete_id) VALUES (18, 11);
INSERT INTO athlete_results (result_id, athlete_id) VALUES (38, 11);
INSERT INTO athlete_results (result_id, athlete_id) VALUES (23, 11);
INSERT INTO athlete_results (result_id, athlete_id) VALUES (15, 11);
INSERT INTO athlete_results (result_id, athlete_id) VALUES (20, 11);
INSERT INTO athlete_results (result_id, athlete_id) VALUES (10, 11);
INSERT INTO athlete_results (result_id, athlete_id) VALUES (27, 11);
INSERT INTO athlete_results (result_id, athlete_id) VALUES (48, 11);
INSERT INTO athlete_results (result_id, athlete_id) VALUES (12, 11);
INSERT INTO athlete_results (result_id, athlete_id) VALUES (44, 11);
INSERT INTO athlete_results (result_id, athlete_id) VALUES (16, 11);
INSERT INTO athlete_results (result_id, athlete_id) VALUES (26, 11);
INSERT INTO athlete_results (result_id, athlete_id) VALUES (40, 11);
INSERT INTO athlete_results (result_id, athlete_id) VALUES (46, 11);
INSERT INTO athlete_results (result_id, athlete_id) VALUES (42, 11);
INSERT INTO athlete_results (result_id, athlete_id) VALUES (4, 11);
INSERT INTO athlete_results (result_id, athlete_id) VALUES (47, 11);
INSERT INTO athlete_results (result_id, athlete_id) VALUES (45, 11);
INSERT INTO athlete_results (result_id, athlete_id) VALUES (50, 11);
INSERT INTO athlete_results (result_id, athlete_id) VALUES (14, 11);
INSERT INTO athlete_results (result_id, athlete_id) VALUES (8, 11);
INSERT INTO athlete_results (result_id, athlete_id) VALUES (1, 11);
INSERT INTO athlete_results (result_id, athlete_id) VALUES (28, 11);
INSERT INTO athlete_results (result_id, athlete_id) VALUES (29, 11);
INSERT INTO athlete_results (result_id, athlete_id) VALUES (17, 11);
INSERT INTO athlete_results (result_id, athlete_id) VALUES (33, 11);
INSERT INTO athlete_results (result_id, athlete_id) VALUES (37, 12);
INSERT INTO athlete_results (result_id, athlete_id) VALUES (35, 12);
INSERT INTO athlete_results (result_id, athlete_id) VALUES (34, 12);
INSERT INTO athlete_results (result_id, athlete_id) VALUES (48, 12);
INSERT INTO athlete_results (result_id, athlete_id) VALUES (43, 12);
INSERT INTO athlete_results (result_id, athlete_id) VALUES (38, 12);
INSERT INTO athlete_results (result_id, athlete_id) VALUES (8, 12);
INSERT INTO athlete_results (result_id, athlete_id) VALUES (4, 12);
INSERT INTO athlete_results (result_id, athlete_id) VALUES (6, 12);
INSERT INTO athlete_results (result_id, athlete_id) VALUES (7, 12);
INSERT INTO athlete_results (result_id, athlete_id) VALUES (15, 12);
INSERT INTO athlete_results (result_id, athlete_id) VALUES (10, 12);
INSERT INTO athlete_results (result_id, athlete_id) VALUES (22, 12);
INSERT INTO athlete_results (result_id, athlete_id) VALUES (27, 12);
INSERT INTO athlete_results (result_id, athlete_id) VALUES (47, 12);
INSERT INTO athlete_results (result_id, athlete_id) VALUES (5, 12);
INSERT INTO athlete_results (result_id, athlete_id) VALUES (46, 12);
INSERT INTO athlete_results (result_id, athlete_id) VALUES (40, 12);
INSERT INTO athlete_results (result_id, athlete_id) VALUES (36, 12);
INSERT INTO athlete_results (result_id, athlete_id) VALUES (13, 12);
INSERT INTO athlete_results (result_id, athlete_id) VALUES (18, 12);
INSERT INTO athlete_results (result_id, athlete_id) VALUES (25, 12);
INSERT INTO athlete_results (result_id, athlete_id) VALUES (9, 12);
INSERT INTO athlete_results (result_id, athlete_id) VALUES (33, 12);
INSERT INTO athlete_results (result_id, athlete_id) VALUES (17, 12);
INSERT INTO athlete_results (result_id, athlete_id) VALUES (9, 13);
INSERT INTO athlete_results (result_id, athlete_id) VALUES (15, 13);
INSERT INTO athlete_results (result_id, athlete_id) VALUES (47, 13);
INSERT INTO athlete_results (result_id, athlete_id) VALUES (4, 13);
INSERT INTO athlete_results (result_id, athlete_id) VALUES (12, 13);
INSERT INTO athlete_results (result_id, athlete_id) VALUES (19, 13);
INSERT INTO athlete_results (result_id, athlete_id) VALUES (39, 13);
INSERT INTO athlete_results (result_id, athlete_id) VALUES (7, 13);
INSERT INTO athlete_results (result_id, athlete_id) VALUES (18, 13);
INSERT INTO athlete_results (result_id, athlete_id) VALUES (23, 13);
INSERT INTO athlete_results (result_id, athlete_id) VALUES (20, 13);
INSERT INTO athlete_results (result_id, athlete_id) VALUES (25, 13);
INSERT INTO athlete_results (result_id, athlete_id) VALUES (2, 13);
INSERT INTO athlete_results (result_id, athlete_id) VALUES (33, 13);
INSERT INTO athlete_results (result_id, athlete_id) VALUES (50, 13);
INSERT INTO athlete_results (result_id, athlete_id) VALUES (49, 13);
INSERT INTO athlete_results (result_id, athlete_id) VALUES (10, 13);
INSERT INTO athlete_results (result_id, athlete_id) VALUES (48, 13);
INSERT INTO athlete_results (result_id, athlete_id) VALUES (17, 13);
INSERT INTO athlete_results (result_id, athlete_id) VALUES (31, 13);
INSERT INTO athlete_results (result_id, athlete_id) VALUES (1, 13);
INSERT INTO athlete_results (result_id, athlete_id) VALUES (45, 13);
INSERT INTO athlete_results (result_id, athlete_id) VALUES (36, 13);
INSERT INTO athlete_results (result_id, athlete_id) VALUES (40, 13);
INSERT INTO athlete_results (result_id, athlete_id) VALUES (32, 13);
INSERT INTO athlete_results (result_id, athlete_id) VALUES (41, 14);
INSERT INTO athlete_results (result_id, athlete_id) VALUES (30, 14);
INSERT INTO athlete_results (result_id, athlete_id) VALUES (28, 14);
INSERT INTO athlete_results (result_id, athlete_id) VALUES (13, 14);
INSERT INTO athlete_results (result_id, athlete_id) VALUES (26, 14);
INSERT INTO athlete_results (result_id, athlete_id) VALUES (5, 14);
INSERT INTO athlete_results (result_id, athlete_id) VALUES (4, 14);
INSERT INTO athlete_results (result_id, athlete_id) VALUES (31, 14);
INSERT INTO athlete_results (result_id, athlete_id) VALUES (44, 14);
INSERT INTO athlete_results (result_id, athlete_id) VALUES (15, 14);
INSERT INTO athlete_results (result_id, athlete_id) VALUES (48, 14);
INSERT INTO athlete_results (result_id, athlete_id) VALUES (39, 14);
INSERT INTO athlete_results (result_id, athlete_id) VALUES (46, 14);
INSERT INTO athlete_results (result_id, athlete_id) VALUES (47, 14);
INSERT INTO athlete_results (result_id, athlete_id) VALUES (29, 14);
INSERT INTO athlete_results (result_id, athlete_id) VALUES (42, 14);
INSERT INTO athlete_results (result_id, athlete_id) VALUES (1, 14);
INSERT INTO athlete_results (result_id, athlete_id) VALUES (2, 14);
INSERT INTO athlete_results (result_id, athlete_id) VALUES (23, 14);
INSERT INTO athlete_results (result_id, athlete_id) VALUES (34, 14);
INSERT INTO athlete_results (result_id, athlete_id) VALUES (3, 14);
INSERT INTO athlete_results (result_id, athlete_id) VALUES (36, 14);
INSERT INTO athlete_results (result_id, athlete_id) VALUES (27, 14);
INSERT INTO athlete_results (result_id, athlete_id) VALUES (20, 14);
INSERT INTO athlete_results (result_id, athlete_id) VALUES (45, 14);
INSERT INTO athlete_results (result_id, athlete_id) VALUES (11, 14);
INSERT INTO athlete_results (result_id, athlete_id) VALUES (6, 14);
INSERT INTO athlete_results (result_id, athlete_id) VALUES (37, 14);
INSERT INTO athlete_results (result_id, athlete_id) VALUES (50, 14);
INSERT INTO athlete_results (result_id, athlete_id) VALUES (17, 14);
INSERT INTO athlete_results (result_id, athlete_id) VALUES (40, 14);
INSERT INTO athlete_results (result_id, athlete_id) VALUES (18, 14);
INSERT INTO athlete_results (result_id, athlete_id) VALUES (41, 15);
INSERT INTO athlete_results (result_id, athlete_id) VALUES (34, 15);
INSERT INTO athlete_results (result_id, athlete_id) VALUES (22, 15);
INSERT INTO athlete_results (result_id, athlete_id) VALUES (48, 15);
INSERT INTO athlete_results (result_id, athlete_id) VALUES (31, 15);
INSERT INTO athlete_results (result_id, athlete_id) VALUES (30, 15);
INSERT INTO athlete_results (result_id, athlete_id) VALUES (33, 15);
INSERT INTO athlete_results (result_id, athlete_id) VALUES (15, 15);
INSERT INTO athlete_results (result_id, athlete_id) VALUES (1, 15);
INSERT INTO athlete_results (result_id, athlete_id) VALUES (46, 15);
INSERT INTO athlete_results (result_id, athlete_id) VALUES (11, 15);
INSERT INTO athlete_results (result_id, athlete_id) VALUES (13, 15);
INSERT INTO athlete_results (result_id, athlete_id) VALUES (8, 15);
INSERT INTO athlete_results (result_id, athlete_id) VALUES (20, 15);
INSERT INTO athlete_results (result_id, athlete_id) VALUES (29, 15);
INSERT INTO athlete_results (result_id, athlete_id) VALUES (3, 15);
INSERT INTO athlete_results (result_id, athlete_id) VALUES (37, 15);
INSERT INTO athlete_results (result_id, athlete_id) VALUES (12, 15);
INSERT INTO athlete_results (result_id, athlete_id) VALUES (23, 15);
INSERT INTO athlete_results (result_id, athlete_id) VALUES (18, 15);
INSERT INTO athlete_results (result_id, athlete_id) VALUES (4, 15);
INSERT INTO athlete_results (result_id, athlete_id) VALUES (32, 15);
INSERT INTO athlete_results (result_id, athlete_id) VALUES (45, 15);
INSERT INTO athlete_results (result_id, athlete_id) VALUES (35, 15);
INSERT INTO athlete_results (result_id, athlete_id) VALUES (50, 15);
INSERT INTO athlete_results (result_id, athlete_id) VALUES (49, 15);
INSERT INTO athlete_results (result_id, athlete_id) VALUES (24, 15);
INSERT INTO athlete_results (result_id, athlete_id) VALUES (21, 15);
INSERT INTO athlete_results (result_id, athlete_id) VALUES (9, 15);
INSERT INTO athlete_results (result_id, athlete_id) VALUES (25, 15);
INSERT INTO athlete_results (result_id, athlete_id) VALUES (5, 15);
INSERT INTO athlete_results (result_id, athlete_id) VALUES (36, 15);
INSERT INTO athlete_results (result_id, athlete_id) VALUES (38, 15);
INSERT INTO athlete_results (result_id, athlete_id) VALUES (2, 15);
INSERT INTO athlete_results (result_id, athlete_id) VALUES (39, 15);
INSERT INTO athlete_results (result_id, athlete_id) VALUES (44, 15);
INSERT INTO athlete_results (result_id, athlete_id) VALUES (10, 15);
INSERT INTO athlete_results (result_id, athlete_id) VALUES (33, 16);
INSERT INTO athlete_results (result_id, athlete_id) VALUES (3, 16);
INSERT INTO athlete_results (result_id, athlete_id) VALUES (4, 16);
INSERT INTO athlete_results (result_id, athlete_id) VALUES (22, 16);
INSERT INTO athlete_results (result_id, athlete_id) VALUES (11, 16);
INSERT INTO athlete_results (result_id, athlete_id) VALUES (2, 16);
INSERT INTO athlete_results (result_id, athlete_id) VALUES (9, 16);
INSERT INTO athlete_results (result_id, athlete_id) VALUES (30, 16);
INSERT INTO athlete_results (result_id, athlete_id) VALUES (40, 16);
INSERT INTO athlete_results (result_id, athlete_id) VALUES (45, 16);
INSERT INTO athlete_results (result_id, athlete_id) VALUES (20, 16);
INSERT INTO athlete_results (result_id, athlete_id) VALUES (25, 16);
INSERT INTO athlete_results (result_id, athlete_id) VALUES (37, 16);
INSERT INTO athlete_results (result_id, athlete_id) VALUES (46, 17);
INSERT INTO athlete_results (result_id, athlete_id) VALUES (9, 17);
INSERT INTO athlete_results (result_id, athlete_id) VALUES (48, 17);
INSERT INTO athlete_results (result_id, athlete_id) VALUES (24, 17);
INSERT INTO athlete_results (result_id, athlete_id) VALUES (38, 17);
INSERT INTO athlete_results (result_id, athlete_id) VALUES (49, 18);
INSERT INTO athlete_results (result_id, athlete_id) VALUES (32, 18);
INSERT INTO athlete_results (result_id, athlete_id) VALUES (15, 18);
INSERT INTO athlete_results (result_id, athlete_id) VALUES (42, 18);
INSERT INTO athlete_results (result_id, athlete_id) VALUES (33, 18);
INSERT INTO athlete_results (result_id, athlete_id) VALUES (13, 18);
INSERT INTO athlete_results (result_id, athlete_id) VALUES (50, 18);
INSERT INTO athlete_results (result_id, athlete_id) VALUES (10, 18);
INSERT INTO athlete_results (result_id, athlete_id) VALUES (1, 18);
INSERT INTO athlete_results (result_id, athlete_id) VALUES (44, 18);
INSERT INTO athlete_results (result_id, athlete_id) VALUES (37, 18);
INSERT INTO athlete_results (result_id, athlete_id) VALUES (45, 18);
INSERT INTO athlete_results (result_id, athlete_id) VALUES (18, 18);
INSERT INTO athlete_results (result_id, athlete_id) VALUES (20, 18);
INSERT INTO athlete_results (result_id, athlete_id) VALUES (8, 18);
INSERT INTO athlete_results (result_id, athlete_id) VALUES (46, 18);
INSERT INTO athlete_results (result_id, athlete_id) VALUES (24, 18);
INSERT INTO athlete_results (result_id, athlete_id) VALUES (26, 18);
INSERT INTO athlete_results (result_id, athlete_id) VALUES (35, 18);
INSERT INTO athlete_results (result_id, athlete_id) VALUES (19, 18);
INSERT INTO athlete_results (result_id, athlete_id) VALUES (16, 18);
INSERT INTO athlete_results (result_id, athlete_id) VALUES (3, 18);
INSERT INTO athlete_results (result_id, athlete_id) VALUES (21, 18);
INSERT INTO athlete_results (result_id, athlete_id) VALUES (5, 18);
INSERT INTO athlete_results (result_id, athlete_id) VALUES (30, 18);
INSERT INTO athlete_results (result_id, athlete_id) VALUES (9, 18);
INSERT INTO athlete_results (result_id, athlete_id) VALUES (7, 18);
INSERT INTO athlete_results (result_id, athlete_id) VALUES (12, 18);
INSERT INTO athlete_results (result_id, athlete_id) VALUES (29, 18);
INSERT INTO athlete_results (result_id, athlete_id) VALUES (36, 18);
INSERT INTO athlete_results (result_id, athlete_id) VALUES (30, 19);
INSERT INTO athlete_results (result_id, athlete_id) VALUES (32, 19);
INSERT INTO athlete_results (result_id, athlete_id) VALUES (10, 19);
INSERT INTO athlete_results (result_id, athlete_id) VALUES (11, 19);
INSERT INTO athlete_results (result_id, athlete_id) VALUES (26, 19);
INSERT INTO athlete_results (result_id, athlete_id) VALUES (37, 19);
INSERT INTO athlete_results (result_id, athlete_id) VALUES (45, 19);
INSERT INTO athlete_results (result_id, athlete_id) VALUES (13, 19);
INSERT INTO athlete_results (result_id, athlete_id) VALUES (1, 19);
INSERT INTO athlete_results (result_id, athlete_id) VALUES (47, 19);
INSERT INTO athlete_results (result_id, athlete_id) VALUES (18, 19);
INSERT INTO athlete_results (result_id, athlete_id) VALUES (6, 19);
INSERT INTO athlete_results (result_id, athlete_id) VALUES (42, 19);
INSERT INTO athlete_results (result_id, athlete_id) VALUES (4, 19);
INSERT INTO athlete_results (result_id, athlete_id) VALUES (39, 19);
INSERT INTO athlete_results (result_id, athlete_id) VALUES (46, 19);
INSERT INTO athlete_results (result_id, athlete_id) VALUES (40, 19);
INSERT INTO athlete_results (result_id, athlete_id) VALUES (35, 19);
INSERT INTO athlete_results (result_id, athlete_id) VALUES (21, 19);
INSERT INTO athlete_results (result_id, athlete_id) VALUES (12, 19);
INSERT INTO athlete_results (result_id, athlete_id) VALUES (48, 19);
INSERT INTO athlete_results (result_id, athlete_id) VALUES (2, 19);
INSERT INTO athlete_results (result_id, athlete_id) VALUES (36, 19);
INSERT INTO athlete_results (result_id, athlete_id) VALUES (23, 19);
INSERT INTO athlete_results (result_id, athlete_id) VALUES (9, 19);
INSERT INTO athlete_results (result_id, athlete_id) VALUES (25, 19);
INSERT INTO athlete_results (result_id, athlete_id) VALUES (8, 19);
INSERT INTO athlete_results (result_id, athlete_id) VALUES (20, 19);
INSERT INTO athlete_results (result_id, athlete_id) VALUES (7, 19);
INSERT INTO athlete_results (result_id, athlete_id) VALUES (44, 19);
INSERT INTO athlete_results (result_id, athlete_id) VALUES (24, 19);
INSERT INTO athlete_results (result_id, athlete_id) VALUES (43, 19);
INSERT INTO athlete_results (result_id, athlete_id) VALUES (50, 19);
INSERT INTO athlete_results (result_id, athlete_id) VALUES (3, 19);
INSERT INTO athlete_results (result_id, athlete_id) VALUES (14, 19);
INSERT INTO athlete_results (result_id, athlete_id) VALUES (17, 19);
INSERT INTO athlete_results (result_id, athlete_id) VALUES (19, 19);
INSERT INTO athlete_results (result_id, athlete_id) VALUES (29, 19);
INSERT INTO athlete_results (result_id, athlete_id) VALUES (37, 20);
INSERT INTO athlete_results (result_id, athlete_id) VALUES (50, 20);
INSERT INTO athlete_results (result_id, athlete_id) VALUES (16, 20);
INSERT INTO athlete_results (result_id, athlete_id) VALUES (17, 20);
INSERT INTO athlete_results (result_id, athlete_id) VALUES (49, 20);
INSERT INTO athlete_results (result_id, athlete_id) VALUES (21, 20);
INSERT INTO athlete_results (result_id, athlete_id) VALUES (4, 20);
INSERT INTO athlete_results (result_id, athlete_id) VALUES (31, 20);
INSERT INTO athlete_results (result_id, athlete_id) VALUES (43, 20);
INSERT INTO athlete_results (result_id, athlete_id) VALUES (1, 20);
INSERT INTO athlete_results (result_id, athlete_id) VALUES (36, 20);
INSERT INTO athlete_results (result_id, athlete_id) VALUES (40, 20);
INSERT INTO athlete_results (result_id, athlete_id) VALUES (47, 20);
INSERT INTO athlete_results (result_id, athlete_id) VALUES (2, 20);
INSERT INTO athlete_results (result_id, athlete_id) VALUES (30, 20);
INSERT INTO athlete_results (result_id, athlete_id) VALUES (34, 20);
INSERT INTO athlete_results (result_id, athlete_id) VALUES (13, 20);
INSERT INTO athlete_results (result_id, athlete_id) VALUES (6, 20);
INSERT INTO athlete_results (result_id, athlete_id) VALUES (18, 20);
INSERT INTO athlete_results (result_id, athlete_id) VALUES (28, 20);
INSERT INTO athlete_results (result_id, athlete_id) VALUES (33, 20);
INSERT INTO athlete_results (result_id, athlete_id) VALUES (27, 20);
INSERT INTO athlete_results (result_id, athlete_id) VALUES (8, 20);
INSERT INTO athlete_results (result_id, athlete_id) VALUES (22, 20);
INSERT INTO athlete_results (result_id, athlete_id) VALUES (35, 20);
INSERT INTO athlete_results (result_id, athlete_id) VALUES (26, 20);
INSERT INTO athlete_results (result_id, athlete_id) VALUES (19, 20);
INSERT INTO athlete_results (result_id, athlete_id) VALUES (24, 20);
INSERT INTO athlete_results (result_id, athlete_id) VALUES (12, 20);
INSERT INTO athlete_results (result_id, athlete_id) VALUES (29, 20);
INSERT INTO athlete_results (result_id, athlete_id) VALUES (25, 20);
INSERT INTO athlete_results (result_id, athlete_id) VALUES (23, 20);
INSERT INTO athlete_results (result_id, athlete_id) VALUES (39, 20);
INSERT INTO athlete_results (result_id, athlete_id) VALUES (48, 20);
INSERT INTO athlete_results (result_id, athlete_id) VALUES (38, 20);
INSERT INTO athlete_results (result_id, athlete_id) VALUES (11, 20);
INSERT INTO athlete_results (result_id, athlete_id) VALUES (14, 20);
INSERT INTO athlete_results (result_id, athlete_id) VALUES (9, 20);
INSERT INTO athlete_results (result_id, athlete_id) VALUES (44, 20);
INSERT INTO athlete_results (result_id, athlete_id) VALUES (45, 20);
INSERT INTO athlete_results (result_id, athlete_id) VALUES (5, 20);
INSERT INTO athlete_results (result_id, athlete_id) VALUES (9, 21);
INSERT INTO athlete_results (result_id, athlete_id) VALUES (7, 21);
INSERT INTO athlete_results (result_id, athlete_id) VALUES (37, 21);
INSERT INTO athlete_results (result_id, athlete_id) VALUES (18, 21);
INSERT INTO athlete_results (result_id, athlete_id) VALUES (19, 21);
INSERT INTO athlete_results (result_id, athlete_id) VALUES (39, 21);
INSERT INTO athlete_results (result_id, athlete_id) VALUES (17, 21);
INSERT INTO athlete_results (result_id, athlete_id) VALUES (38, 21);
INSERT INTO athlete_results (result_id, athlete_id) VALUES (20, 21);
INSERT INTO athlete_results (result_id, athlete_id) VALUES (33, 21);
INSERT INTO athlete_results (result_id, athlete_id) VALUES (31, 21);
INSERT INTO athlete_results (result_id, athlete_id) VALUES (21, 21);
INSERT INTO athlete_results (result_id, athlete_id) VALUES (15, 21);
INSERT INTO athlete_results (result_id, athlete_id) VALUES (42, 21);
INSERT INTO athlete_results (result_id, athlete_id) VALUES (10, 21);
INSERT INTO athlete_results (result_id, athlete_id) VALUES (35, 21);
INSERT INTO athlete_results (result_id, athlete_id) VALUES (26, 21);
INSERT INTO athlete_results (result_id, athlete_id) VALUES (4, 22);
INSERT INTO athlete_results (result_id, athlete_id) VALUES (27, 22);
INSERT INTO athlete_results (result_id, athlete_id) VALUES (49, 22);
INSERT INTO athlete_results (result_id, athlete_id) VALUES (29, 22);
INSERT INTO athlete_results (result_id, athlete_id) VALUES (50, 22);
INSERT INTO athlete_results (result_id, athlete_id) VALUES (23, 22);
INSERT INTO athlete_results (result_id, athlete_id) VALUES (39, 22);
INSERT INTO athlete_results (result_id, athlete_id) VALUES (13, 22);
INSERT INTO athlete_results (result_id, athlete_id) VALUES (34, 22);
INSERT INTO athlete_results (result_id, athlete_id) VALUES (14, 22);
INSERT INTO athlete_results (result_id, athlete_id) VALUES (11, 22);
INSERT INTO athlete_results (result_id, athlete_id) VALUES (21, 22);
INSERT INTO athlete_results (result_id, athlete_id) VALUES (38, 22);
INSERT INTO athlete_results (result_id, athlete_id) VALUES (3, 22);
INSERT INTO athlete_results (result_id, athlete_id) VALUES (9, 22);
INSERT INTO athlete_results (result_id, athlete_id) VALUES (8, 22);
INSERT INTO athlete_results (result_id, athlete_id) VALUES (20, 22);
INSERT INTO athlete_results (result_id, athlete_id) VALUES (22, 22);
INSERT INTO athlete_results (result_id, athlete_id) VALUES (45, 22);
INSERT INTO athlete_results (result_id, athlete_id) VALUES (2, 22);
INSERT INTO athlete_results (result_id, athlete_id) VALUES (10, 22);
INSERT INTO athlete_results (result_id, athlete_id) VALUES (28, 22);
INSERT INTO athlete_results (result_id, athlete_id) VALUES (43, 23);
INSERT INTO athlete_results (result_id, athlete_id) VALUES (8, 23);
INSERT INTO athlete_results (result_id, athlete_id) VALUES (44, 23);
INSERT INTO athlete_results (result_id, athlete_id) VALUES (17, 23);
INSERT INTO athlete_results (result_id, athlete_id) VALUES (19, 23);
INSERT INTO athlete_results (result_id, athlete_id) VALUES (33, 23);
INSERT INTO athlete_results (result_id, athlete_id) VALUES (45, 23);
INSERT INTO athlete_results (result_id, athlete_id) VALUES (31, 23);
INSERT INTO athlete_results (result_id, athlete_id) VALUES (36, 23);
INSERT INTO athlete_results (result_id, athlete_id) VALUES (14, 23);
INSERT INTO athlete_results (result_id, athlete_id) VALUES (16, 23);
INSERT INTO athlete_results (result_id, athlete_id) VALUES (37, 23);
INSERT INTO athlete_results (result_id, athlete_id) VALUES (40, 23);
INSERT INTO athlete_results (result_id, athlete_id) VALUES (15, 23);
INSERT INTO athlete_results (result_id, athlete_id) VALUES (5, 23);
INSERT INTO athlete_results (result_id, athlete_id) VALUES (12, 23);
INSERT INTO athlete_results (result_id, athlete_id) VALUES (38, 23);
INSERT INTO athlete_results (result_id, athlete_id) VALUES (49, 23);
INSERT INTO athlete_results (result_id, athlete_id) VALUES (50, 23);
INSERT INTO athlete_results (result_id, athlete_id) VALUES (4, 23);
INSERT INTO athlete_results (result_id, athlete_id) VALUES (29, 23);
INSERT INTO athlete_results (result_id, athlete_id) VALUES (32, 23);
INSERT INTO athlete_results (result_id, athlete_id) VALUES (26, 23);
INSERT INTO athlete_results (result_id, athlete_id) VALUES (10, 23);
INSERT INTO athlete_results (result_id, athlete_id) VALUES (23, 23);
INSERT INTO athlete_results (result_id, athlete_id) VALUES (6, 23);
INSERT INTO athlete_results (result_id, athlete_id) VALUES (37, 24);
INSERT INTO athlete_results (result_id, athlete_id) VALUES (12, 24);
INSERT INTO athlete_results (result_id, athlete_id) VALUES (2, 24);
INSERT INTO athlete_results (result_id, athlete_id) VALUES (8, 24);
INSERT INTO athlete_results (result_id, athlete_id) VALUES (4, 24);
INSERT INTO athlete_results (result_id, athlete_id) VALUES (50, 24);
INSERT INTO athlete_results (result_id, athlete_id) VALUES (35, 24);
INSERT INTO athlete_results (result_id, athlete_id) VALUES (18, 24);
INSERT INTO athlete_results (result_id, athlete_id) VALUES (23, 24);
INSERT INTO athlete_results (result_id, athlete_id) VALUES (6, 24);
INSERT INTO athlete_results (result_id, athlete_id) VALUES (18, 25);
INSERT INTO athlete_results (result_id, athlete_id) VALUES (4, 25);
INSERT INTO athlete_results (result_id, athlete_id) VALUES (35, 25);
INSERT INTO athlete_results (result_id, athlete_id) VALUES (23, 25);
INSERT INTO athlete_results (result_id, athlete_id) VALUES (3, 25);
INSERT INTO athlete_results (result_id, athlete_id) VALUES (32, 25);
INSERT INTO athlete_results (result_id, athlete_id) VALUES (29, 25);
INSERT INTO athlete_results (result_id, athlete_id) VALUES (17, 25);
INSERT INTO athlete_results (result_id, athlete_id) VALUES (43, 25);
INSERT INTO athlete_results (result_id, athlete_id) VALUES (16, 25);
INSERT INTO athlete_results (result_id, athlete_id) VALUES (9, 25);
INSERT INTO athlete_results (result_id, athlete_id) VALUES (11, 25);
INSERT INTO athlete_results (result_id, athlete_id) VALUES (6, 25);
INSERT INTO athlete_results (result_id, athlete_id) VALUES (24, 25);
INSERT INTO athlete_results (result_id, athlete_id) VALUES (49, 25);
INSERT INTO athlete_results (result_id, athlete_id) VALUES (19, 25);
INSERT INTO athlete_results (result_id, athlete_id) VALUES (13, 25);
INSERT INTO athlete_results (result_id, athlete_id) VALUES (37, 25);
INSERT INTO athlete_results (result_id, athlete_id) VALUES (14, 25);
INSERT INTO athlete_results (result_id, athlete_id) VALUES (34, 25);
INSERT INTO athlete_results (result_id, athlete_id) VALUES (7, 25);
INSERT INTO athlete_results (result_id, athlete_id) VALUES (31, 25);
INSERT INTO athlete_results (result_id, athlete_id) VALUES (39, 25);
INSERT INTO athlete_results (result_id, athlete_id) VALUES (50, 25);
INSERT INTO athlete_results (result_id, athlete_id) VALUES (40, 25);
INSERT INTO athlete_results (result_id, athlete_id) VALUES (46, 25);
INSERT INTO athlete_results (result_id, athlete_id) VALUES (27, 25);
INSERT INTO athlete_results (result_id, athlete_id) VALUES (5, 25);
INSERT INTO athlete_results (result_id, athlete_id) VALUES (22, 25);
INSERT INTO athlete_results (result_id, athlete_id) VALUES (48, 25);
INSERT INTO athlete_results (result_id, athlete_id) VALUES (30, 25);
INSERT INTO athlete_results (result_id, athlete_id) VALUES (20, 25);
INSERT INTO athlete_results (result_id, athlete_id) VALUES (47, 25);
INSERT INTO athlete_results (result_id, athlete_id) VALUES (8, 25);
INSERT INTO athlete_results (result_id, athlete_id) VALUES (1, 25);
INSERT INTO athlete_results (result_id, athlete_id) VALUES (33, 25);
INSERT INTO athlete_results (result_id, athlete_id) VALUES (25, 25);
INSERT INTO athlete_results (result_id, athlete_id) VALUES (21, 25);
INSERT INTO athlete_results (result_id, athlete_id) VALUES (41, 25);
INSERT INTO athlete_results (result_id, athlete_id) VALUES (38, 25);
INSERT INTO athlete_results (result_id, athlete_id) VALUES (12, 25);
INSERT INTO athlete_results (result_id, athlete_id) VALUES (15, 25);
INSERT INTO athlete_results (result_id, athlete_id) VALUES (22, 26);
INSERT INTO athlete_results (result_id, athlete_id) VALUES (8, 26);
INSERT INTO athlete_results (result_id, athlete_id) VALUES (2, 26);
INSERT INTO athlete_results (result_id, athlete_id) VALUES (41, 26);
INSERT INTO athlete_results (result_id, athlete_id) VALUES (1, 26);
INSERT INTO athlete_results (result_id, athlete_id) VALUES (30, 26);
INSERT INTO athlete_results (result_id, athlete_id) VALUES (17, 26);
INSERT INTO athlete_results (result_id, athlete_id) VALUES (25, 26);
INSERT INTO athlete_results (result_id, athlete_id) VALUES (40, 26);
INSERT INTO athlete_results (result_id, athlete_id) VALUES (27, 26);
INSERT INTO athlete_results (result_id, athlete_id) VALUES (21, 26);
INSERT INTO athlete_results (result_id, athlete_id) VALUES (44, 26);
INSERT INTO athlete_results (result_id, athlete_id) VALUES (19, 26);
INSERT INTO athlete_results (result_id, athlete_id) VALUES (23, 26);
INSERT INTO athlete_results (result_id, athlete_id) VALUES (45, 26);
INSERT INTO athlete_results (result_id, athlete_id) VALUES (29, 26);
INSERT INTO athlete_results (result_id, athlete_id) VALUES (16, 26);
INSERT INTO athlete_results (result_id, athlete_id) VALUES (32, 26);
INSERT INTO athlete_results (result_id, athlete_id) VALUES (34, 26);
INSERT INTO athlete_results (result_id, athlete_id) VALUES (35, 26);
INSERT INTO athlete_results (result_id, athlete_id) VALUES (7, 26);
INSERT INTO athlete_results (result_id, athlete_id) VALUES (33, 26);
INSERT INTO athlete_results (result_id, athlete_id) VALUES (5, 26);
INSERT INTO athlete_results (result_id, athlete_id) VALUES (31, 26);
INSERT INTO athlete_results (result_id, athlete_id) VALUES (20, 26);
INSERT INTO athlete_results (result_id, athlete_id) VALUES (37, 26);
INSERT INTO athlete_results (result_id, athlete_id) VALUES (18, 26);
INSERT INTO athlete_results (result_id, athlete_id) VALUES (42, 26);
INSERT INTO athlete_results (result_id, athlete_id) VALUES (26, 26);
INSERT INTO athlete_results (result_id, athlete_id) VALUES (48, 26);
INSERT INTO athlete_results (result_id, athlete_id) VALUES (46, 26);
INSERT INTO athlete_results (result_id, athlete_id) VALUES (28, 26);
INSERT INTO athlete_results (result_id, athlete_id) VALUES (6, 26);
INSERT INTO athlete_results (result_id, athlete_id) VALUES (11, 26);
INSERT INTO athlete_results (result_id, athlete_id) VALUES (43, 26);
INSERT INTO athlete_results (result_id, athlete_id) VALUES (4, 26);
INSERT INTO athlete_results (result_id, athlete_id) VALUES (3, 26);
INSERT INTO athlete_results (result_id, athlete_id) VALUES (10, 26);
INSERT INTO athlete_results (result_id, athlete_id) VALUES (24, 26);
INSERT INTO athlete_results (result_id, athlete_id) VALUES (49, 26);
INSERT INTO athlete_results (result_id, athlete_id) VALUES (39, 26);
INSERT INTO athlete_results (result_id, athlete_id) VALUES (13, 26);
INSERT INTO athlete_results (result_id, athlete_id) VALUES (14, 26);
INSERT INTO athlete_results (result_id, athlete_id) VALUES (12, 26);
INSERT INTO athlete_results (result_id, athlete_id) VALUES (36, 26);
INSERT INTO athlete_results (result_id, athlete_id) VALUES (15, 26);
INSERT INTO athlete_results (result_id, athlete_id) VALUES (38, 26);
INSERT INTO athlete_results (result_id, athlete_id) VALUES (9, 26);
INSERT INTO athlete_results (result_id, athlete_id) VALUES (50, 26);
INSERT INTO athlete_results (result_id, athlete_id) VALUES (42, 27);
INSERT INTO athlete_results (result_id, athlete_id) VALUES (40, 27);
INSERT INTO athlete_results (result_id, athlete_id) VALUES (22, 27);
INSERT INTO athlete_results (result_id, athlete_id) VALUES (49, 27);
INSERT INTO athlete_results (result_id, athlete_id) VALUES (28, 27);
INSERT INTO athlete_results (result_id, athlete_id) VALUES (24, 27);
INSERT INTO athlete_results (result_id, athlete_id) VALUES (46, 28);
INSERT INTO athlete_results (result_id, athlete_id) VALUES (35, 28);
INSERT INTO athlete_results (result_id, athlete_id) VALUES (30, 28);
INSERT INTO athlete_results (result_id, athlete_id) VALUES (27, 28);
INSERT INTO athlete_results (result_id, athlete_id) VALUES (26, 28);
INSERT INTO athlete_results (result_id, athlete_id) VALUES (6, 28);
INSERT INTO athlete_results (result_id, athlete_id) VALUES (21, 28);
INSERT INTO athlete_results (result_id, athlete_id) VALUES (36, 28);
INSERT INTO athlete_results (result_id, athlete_id) VALUES (20, 28);
INSERT INTO athlete_results (result_id, athlete_id) VALUES (48, 28);
INSERT INTO athlete_results (result_id, athlete_id) VALUES (17, 28);
INSERT INTO athlete_results (result_id, athlete_id) VALUES (31, 28);
INSERT INTO athlete_results (result_id, athlete_id) VALUES (8, 28);
INSERT INTO athlete_results (result_id, athlete_id) VALUES (49, 28);
INSERT INTO athlete_results (result_id, athlete_id) VALUES (14, 28);
INSERT INTO athlete_results (result_id, athlete_id) VALUES (4, 28);
INSERT INTO athlete_results (result_id, athlete_id) VALUES (1, 28);
INSERT INTO athlete_results (result_id, athlete_id) VALUES (19, 28);
INSERT INTO athlete_results (result_id, athlete_id) VALUES (24, 28);
INSERT INTO athlete_results (result_id, athlete_id) VALUES (38, 28);
INSERT INTO athlete_results (result_id, athlete_id) VALUES (12, 28);
INSERT INTO athlete_results (result_id, athlete_id) VALUES (18, 28);
INSERT INTO athlete_results (result_id, athlete_id) VALUES (28, 28);
INSERT INTO athlete_results (result_id, athlete_id) VALUES (50, 28);
INSERT INTO athlete_results (result_id, athlete_id) VALUES (15, 29);
INSERT INTO athlete_results (result_id, athlete_id) VALUES (38, 29);
INSERT INTO athlete_results (result_id, athlete_id) VALUES (40, 29);
INSERT INTO athlete_results (result_id, athlete_id) VALUES (43, 29);
INSERT INTO athlete_results (result_id, athlete_id) VALUES (6, 29);
INSERT INTO athlete_results (result_id, athlete_id) VALUES (50, 29);
INSERT INTO athlete_results (result_id, athlete_id) VALUES (26, 29);
INSERT INTO athlete_results (result_id, athlete_id) VALUES (4, 29);
INSERT INTO athlete_results (result_id, athlete_id) VALUES (30, 29);
INSERT INTO athlete_results (result_id, athlete_id) VALUES (2, 29);
INSERT INTO athlete_results (result_id, athlete_id) VALUES (48, 29);
INSERT INTO athlete_results (result_id, athlete_id) VALUES (46, 29);
INSERT INTO athlete_results (result_id, athlete_id) VALUES (39, 29);
INSERT INTO athlete_results (result_id, athlete_id) VALUES (21, 29);
INSERT INTO athlete_results (result_id, athlete_id) VALUES (22, 29);
INSERT INTO athlete_results (result_id, athlete_id) VALUES (9, 29);
INSERT INTO athlete_results (result_id, athlete_id) VALUES (31, 29);
INSERT INTO athlete_results (result_id, athlete_id) VALUES (18, 29);
INSERT INTO athlete_results (result_id, athlete_id) VALUES (33, 29);
INSERT INTO athlete_results (result_id, athlete_id) VALUES (29, 29);
INSERT INTO athlete_results (result_id, athlete_id) VALUES (41, 29);
INSERT INTO athlete_results (result_id, athlete_id) VALUES (28, 29);
INSERT INTO athlete_results (result_id, athlete_id) VALUES (8, 29);
INSERT INTO athlete_results (result_id, athlete_id) VALUES (37, 30);
INSERT INTO athlete_results (result_id, athlete_id) VALUES (26, 30);
INSERT INTO athlete_results (result_id, athlete_id) VALUES (48, 30);
INSERT INTO athlete_results (result_id, athlete_id) VALUES (45, 30);
INSERT INTO athlete_results (result_id, athlete_id) VALUES (24, 30);
INSERT INTO athlete_results (result_id, athlete_id) VALUES (2, 30);
INSERT INTO athlete_results (result_id, athlete_id) VALUES (21, 30);
INSERT INTO athlete_results (result_id, athlete_id) VALUES (50, 30);
INSERT INTO athlete_results (result_id, athlete_id) VALUES (15, 30);
INSERT INTO athlete_results (result_id, athlete_id) VALUES (28, 30);
INSERT INTO athlete_results (result_id, athlete_id) VALUES (10, 30);
INSERT INTO athlete_results (result_id, athlete_id) VALUES (20, 30);
INSERT INTO athlete_results (result_id, athlete_id) VALUES (25, 30);
INSERT INTO athlete_results (result_id, athlete_id) VALUES (23, 30);
INSERT INTO athlete_results (result_id, athlete_id) VALUES (8, 30);
INSERT INTO athlete_results (result_id, athlete_id) VALUES (40, 30);
INSERT INTO athlete_results (result_id, athlete_id) VALUES (43, 30);
INSERT INTO athlete_results (result_id, athlete_id) VALUES (22, 30);
INSERT INTO athlete_results (result_id, athlete_id) VALUES (35, 30);
INSERT INTO athlete_results (result_id, athlete_id) VALUES (3, 30);
INSERT INTO athlete_results (result_id, athlete_id) VALUES (39, 30);
INSERT INTO athlete_results (result_id, athlete_id) VALUES (27, 30);
INSERT INTO athlete_results (result_id, athlete_id) VALUES (14, 30);
INSERT INTO athlete_results (result_id, athlete_id) VALUES (5, 30);
INSERT INTO athlete_results (result_id, athlete_id) VALUES (6, 30);
INSERT INTO athlete_results (result_id, athlete_id) VALUES (16, 30);
INSERT INTO athlete_results (result_id, athlete_id) VALUES (18, 30);
INSERT INTO athlete_results (result_id, athlete_id) VALUES (46, 30);
INSERT INTO athlete_results (result_id, athlete_id) VALUES (9, 30);
INSERT INTO athlete_results (result_id, athlete_id) VALUES (47, 30);
INSERT INTO athlete_results (result_id, athlete_id) VALUES (34, 30);
INSERT INTO athlete_results (result_id, athlete_id) VALUES (4, 30);
INSERT INTO athlete_results (result_id, athlete_id) VALUES (30, 30);
INSERT INTO athlete_results (result_id, athlete_id) VALUES (42, 30);
INSERT INTO athlete_results (result_id, athlete_id) VALUES (49, 30);
INSERT INTO athlete_results (result_id, athlete_id) VALUES (22, 31);
INSERT INTO athlete_results (result_id, athlete_id) VALUES (48, 31);
INSERT INTO athlete_results (result_id, athlete_id) VALUES (26, 31);
INSERT INTO athlete_results (result_id, athlete_id) VALUES (12, 31);
INSERT INTO athlete_results (result_id, athlete_id) VALUES (37, 31);
INSERT INTO athlete_results (result_id, athlete_id) VALUES (19, 31);
INSERT INTO athlete_results (result_id, athlete_id) VALUES (32, 31);
INSERT INTO athlete_results (result_id, athlete_id) VALUES (9, 31);
INSERT INTO athlete_results (result_id, athlete_id) VALUES (50, 31);
INSERT INTO athlete_results (result_id, athlete_id) VALUES (41, 31);
INSERT INTO athlete_results (result_id, athlete_id) VALUES (8, 31);
INSERT INTO athlete_results (result_id, athlete_id) VALUES (47, 31);
INSERT INTO athlete_results (result_id, athlete_id) VALUES (16, 31);
INSERT INTO athlete_results (result_id, athlete_id) VALUES (7, 31);
INSERT INTO athlete_results (result_id, athlete_id) VALUES (25, 31);
INSERT INTO athlete_results (result_id, athlete_id) VALUES (27, 31);
INSERT INTO athlete_results (result_id, athlete_id) VALUES (42, 31);
INSERT INTO athlete_results (result_id, athlete_id) VALUES (40, 31);
INSERT INTO athlete_results (result_id, athlete_id) VALUES (1, 31);
INSERT INTO athlete_results (result_id, athlete_id) VALUES (35, 31);
INSERT INTO athlete_results (result_id, athlete_id) VALUES (45, 32);
INSERT INTO athlete_results (result_id, athlete_id) VALUES (8, 32);
INSERT INTO athlete_results (result_id, athlete_id) VALUES (35, 32);
INSERT INTO athlete_results (result_id, athlete_id) VALUES (21, 32);
INSERT INTO athlete_results (result_id, athlete_id) VALUES (34, 32);
INSERT INTO athlete_results (result_id, athlete_id) VALUES (50, 32);
INSERT INTO athlete_results (result_id, athlete_id) VALUES (15, 32);
INSERT INTO athlete_results (result_id, athlete_id) VALUES (37, 32);
INSERT INTO athlete_results (result_id, athlete_id) VALUES (26, 32);
INSERT INTO athlete_results (result_id, athlete_id) VALUES (7, 32);
INSERT INTO athlete_results (result_id, athlete_id) VALUES (29, 32);
INSERT INTO athlete_results (result_id, athlete_id) VALUES (18, 32);
INSERT INTO athlete_results (result_id, athlete_id) VALUES (36, 32);
INSERT INTO athlete_results (result_id, athlete_id) VALUES (12, 32);
INSERT INTO athlete_results (result_id, athlete_id) VALUES (1, 32);
INSERT INTO athlete_results (result_id, athlete_id) VALUES (31, 32);
INSERT INTO athlete_results (result_id, athlete_id) VALUES (6, 32);
INSERT INTO athlete_results (result_id, athlete_id) VALUES (30, 32);
INSERT INTO athlete_results (result_id, athlete_id) VALUES (19, 32);
INSERT INTO athlete_results (result_id, athlete_id) VALUES (38, 32);
INSERT INTO athlete_results (result_id, athlete_id) VALUES (42, 32);
INSERT INTO athlete_results (result_id, athlete_id) VALUES (9, 32);
INSERT INTO athlete_results (result_id, athlete_id) VALUES (41, 32);
INSERT INTO athlete_results (result_id, athlete_id) VALUES (11, 32);
INSERT INTO athlete_results (result_id, athlete_id) VALUES (31, 33);
INSERT INTO athlete_results (result_id, athlete_id) VALUES (20, 33);
INSERT INTO athlete_results (result_id, athlete_id) VALUES (43, 34);
INSERT INTO athlete_results (result_id, athlete_id) VALUES (48, 34);
INSERT INTO athlete_results (result_id, athlete_id) VALUES (24, 34);
INSERT INTO athlete_results (result_id, athlete_id) VALUES (45, 34);
INSERT INTO athlete_results (result_id, athlete_id) VALUES (23, 34);
INSERT INTO athlete_results (result_id, athlete_id) VALUES (2, 34);
INSERT INTO athlete_results (result_id, athlete_id) VALUES (1, 34);
INSERT INTO athlete_results (result_id, athlete_id) VALUES (11, 34);
INSERT INTO athlete_results (result_id, athlete_id) VALUES (41, 34);
INSERT INTO athlete_results (result_id, athlete_id) VALUES (31, 34);
INSERT INTO athlete_results (result_id, athlete_id) VALUES (33, 35);
INSERT INTO athlete_results (result_id, athlete_id) VALUES (23, 35);
INSERT INTO athlete_results (result_id, athlete_id) VALUES (1, 35);
INSERT INTO athlete_results (result_id, athlete_id) VALUES (48, 35);
INSERT INTO athlete_results (result_id, athlete_id) VALUES (42, 35);
INSERT INTO athlete_results (result_id, athlete_id) VALUES (30, 35);
INSERT INTO athlete_results (result_id, athlete_id) VALUES (10, 35);
INSERT INTO athlete_results (result_id, athlete_id) VALUES (35, 35);
INSERT INTO athlete_results (result_id, athlete_id) VALUES (28, 35);
INSERT INTO athlete_results (result_id, athlete_id) VALUES (26, 35);
INSERT INTO athlete_results (result_id, athlete_id) VALUES (9, 35);
INSERT INTO athlete_results (result_id, athlete_id) VALUES (4, 35);
INSERT INTO athlete_results (result_id, athlete_id) VALUES (25, 35);
INSERT INTO athlete_results (result_id, athlete_id) VALUES (15, 35);
INSERT INTO athlete_results (result_id, athlete_id) VALUES (21, 35);
INSERT INTO athlete_results (result_id, athlete_id) VALUES (29, 35);
INSERT INTO athlete_results (result_id, athlete_id) VALUES (36, 35);
INSERT INTO athlete_results (result_id, athlete_id) VALUES (20, 35);
INSERT INTO athlete_results (result_id, athlete_id) VALUES (32, 35);
INSERT INTO athlete_results (result_id, athlete_id) VALUES (41, 35);
INSERT INTO athlete_results (result_id, athlete_id) VALUES (40, 35);
INSERT INTO athlete_results (result_id, athlete_id) VALUES (14, 35);
INSERT INTO athlete_results (result_id, athlete_id) VALUES (43, 35);
INSERT INTO athlete_results (result_id, athlete_id) VALUES (8, 35);
INSERT INTO athlete_results (result_id, athlete_id) VALUES (24, 35);
INSERT INTO athlete_results (result_id, athlete_id) VALUES (46, 35);
INSERT INTO athlete_results (result_id, athlete_id) VALUES (6, 35);
INSERT INTO athlete_results (result_id, athlete_id) VALUES (38, 35);
INSERT INTO athlete_results (result_id, athlete_id) VALUES (17, 35);
INSERT INTO athlete_results (result_id, athlete_id) VALUES (49, 35);
INSERT INTO athlete_results (result_id, athlete_id) VALUES (37, 35);
INSERT INTO athlete_results (result_id, athlete_id) VALUES (34, 35);
INSERT INTO athlete_results (result_id, athlete_id) VALUES (44, 35);
INSERT INTO athlete_results (result_id, athlete_id) VALUES (1, 36);
INSERT INTO athlete_results (result_id, athlete_id) VALUES (19, 36);
INSERT INTO athlete_results (result_id, athlete_id) VALUES (45, 36);
INSERT INTO athlete_results (result_id, athlete_id) VALUES (10, 36);
INSERT INTO athlete_results (result_id, athlete_id) VALUES (31, 36);
INSERT INTO athlete_results (result_id, athlete_id) VALUES (13, 36);
INSERT INTO athlete_results (result_id, athlete_id) VALUES (5, 36);
INSERT INTO athlete_results (result_id, athlete_id) VALUES (42, 36);
INSERT INTO athlete_results (result_id, athlete_id) VALUES (4, 36);
INSERT INTO athlete_results (result_id, athlete_id) VALUES (41, 36);
INSERT INTO athlete_results (result_id, athlete_id) VALUES (30, 36);
INSERT INTO athlete_results (result_id, athlete_id) VALUES (49, 36);
INSERT INTO athlete_results (result_id, athlete_id) VALUES (12, 36);
INSERT INTO athlete_results (result_id, athlete_id) VALUES (7, 36);
INSERT INTO athlete_results (result_id, athlete_id) VALUES (25, 36);
INSERT INTO athlete_results (result_id, athlete_id) VALUES (18, 36);
INSERT INTO athlete_results (result_id, athlete_id) VALUES (22, 36);
INSERT INTO athlete_results (result_id, athlete_id) VALUES (6, 36);
INSERT INTO athlete_results (result_id, athlete_id) VALUES (14, 36);
INSERT INTO athlete_results (result_id, athlete_id) VALUES (43, 36);
INSERT INTO athlete_results (result_id, athlete_id) VALUES (29, 36);
INSERT INTO athlete_results (result_id, athlete_id) VALUES (40, 36);
INSERT INTO athlete_results (result_id, athlete_id) VALUES (3, 36);
INSERT INTO athlete_results (result_id, athlete_id) VALUES (48, 36);
INSERT INTO athlete_results (result_id, athlete_id) VALUES (39, 36);
INSERT INTO athlete_results (result_id, athlete_id) VALUES (8, 36);
INSERT INTO athlete_results (result_id, athlete_id) VALUES (11, 36);
INSERT INTO athlete_results (result_id, athlete_id) VALUES (27, 36);
INSERT INTO athlete_results (result_id, athlete_id) VALUES (23, 36);
INSERT INTO athlete_results (result_id, athlete_id) VALUES (16, 36);
INSERT INTO athlete_results (result_id, athlete_id) VALUES (26, 36);
INSERT INTO athlete_results (result_id, athlete_id) VALUES (20, 36);
INSERT INTO athlete_results (result_id, athlete_id) VALUES (21, 36);
INSERT INTO athlete_results (result_id, athlete_id) VALUES (46, 36);
INSERT INTO athlete_results (result_id, athlete_id) VALUES (9, 36);
INSERT INTO athlete_results (result_id, athlete_id) VALUES (2, 36);
INSERT INTO athlete_results (result_id, athlete_id) VALUES (33, 36);
INSERT INTO athlete_results (result_id, athlete_id) VALUES (37, 36);
INSERT INTO athlete_results (result_id, athlete_id) VALUES (28, 36);
INSERT INTO athlete_results (result_id, athlete_id) VALUES (15, 36);
INSERT INTO athlete_results (result_id, athlete_id) VALUES (44, 36);
INSERT INTO athlete_results (result_id, athlete_id) VALUES (35, 36);
INSERT INTO athlete_results (result_id, athlete_id) VALUES (34, 36);
INSERT INTO athlete_results (result_id, athlete_id) VALUES (32, 36);
INSERT INTO athlete_results (result_id, athlete_id) VALUES (50, 36);
INSERT INTO athlete_results (result_id, athlete_id) VALUES (24, 36);
INSERT INTO athlete_results (result_id, athlete_id) VALUES (17, 36);
INSERT INTO athlete_results (result_id, athlete_id) VALUES (38, 36);
INSERT INTO athlete_results (result_id, athlete_id) VALUES (2, 37);
INSERT INTO athlete_results (result_id, athlete_id) VALUES (37, 37);
INSERT INTO athlete_results (result_id, athlete_id) VALUES (4, 37);
INSERT INTO athlete_results (result_id, athlete_id) VALUES (13, 37);
INSERT INTO athlete_results (result_id, athlete_id) VALUES (10, 37);
INSERT INTO athlete_results (result_id, athlete_id) VALUES (8, 37);
INSERT INTO athlete_results (result_id, athlete_id) VALUES (19, 37);
INSERT INTO athlete_results (result_id, athlete_id) VALUES (18, 37);
INSERT INTO athlete_results (result_id, athlete_id) VALUES (23, 37);
INSERT INTO athlete_results (result_id, athlete_id) VALUES (21, 37);
INSERT INTO athlete_results (result_id, athlete_id) VALUES (28, 37);
INSERT INTO athlete_results (result_id, athlete_id) VALUES (46, 37);
INSERT INTO athlete_results (result_id, athlete_id) VALUES (43, 37);
INSERT INTO athlete_results (result_id, athlete_id) VALUES (25, 37);
INSERT INTO athlete_results (result_id, athlete_id) VALUES (44, 37);
INSERT INTO athlete_results (result_id, athlete_id) VALUES (47, 37);
INSERT INTO athlete_results (result_id, athlete_id) VALUES (11, 37);
INSERT INTO athlete_results (result_id, athlete_id) VALUES (22, 37);
INSERT INTO athlete_results (result_id, athlete_id) VALUES (9, 37);
INSERT INTO athlete_results (result_id, athlete_id) VALUES (34, 37);
INSERT INTO athlete_results (result_id, athlete_id) VALUES (27, 37);
INSERT INTO athlete_results (result_id, athlete_id) VALUES (38, 37);
INSERT INTO athlete_results (result_id, athlete_id) VALUES (7, 37);
INSERT INTO athlete_results (result_id, athlete_id) VALUES (29, 37);
INSERT INTO athlete_results (result_id, athlete_id) VALUES (48, 37);
INSERT INTO athlete_results (result_id, athlete_id) VALUES (41, 37);
INSERT INTO athlete_results (result_id, athlete_id) VALUES (6, 37);
INSERT INTO athlete_results (result_id, athlete_id) VALUES (31, 37);
INSERT INTO athlete_results (result_id, athlete_id) VALUES (3, 37);
INSERT INTO athlete_results (result_id, athlete_id) VALUES (15, 37);
INSERT INTO athlete_results (result_id, athlete_id) VALUES (50, 37);
INSERT INTO athlete_results (result_id, athlete_id) VALUES (40, 37);
INSERT INTO athlete_results (result_id, athlete_id) VALUES (48, 38);
INSERT INTO athlete_results (result_id, athlete_id) VALUES (35, 38);
INSERT INTO athlete_results (result_id, athlete_id) VALUES (37, 38);
INSERT INTO athlete_results (result_id, athlete_id) VALUES (8, 38);
INSERT INTO athlete_results (result_id, athlete_id) VALUES (47, 38);
INSERT INTO athlete_results (result_id, athlete_id) VALUES (45, 38);
INSERT INTO athlete_results (result_id, athlete_id) VALUES (44, 38);
INSERT INTO athlete_results (result_id, athlete_id) VALUES (9, 38);
INSERT INTO athlete_results (result_id, athlete_id) VALUES (32, 38);
INSERT INTO athlete_results (result_id, athlete_id) VALUES (13, 38);
INSERT INTO athlete_results (result_id, athlete_id) VALUES (25, 38);
INSERT INTO athlete_results (result_id, athlete_id) VALUES (24, 39);
INSERT INTO athlete_results (result_id, athlete_id) VALUES (48, 39);
INSERT INTO athlete_results (result_id, athlete_id) VALUES (22, 39);
INSERT INTO athlete_results (result_id, athlete_id) VALUES (11, 39);
INSERT INTO athlete_results (result_id, athlete_id) VALUES (44, 39);
INSERT INTO athlete_results (result_id, athlete_id) VALUES (43, 39);
INSERT INTO athlete_results (result_id, athlete_id) VALUES (10, 39);
INSERT INTO athlete_results (result_id, athlete_id) VALUES (16, 39);
INSERT INTO athlete_results (result_id, athlete_id) VALUES (47, 39);
INSERT INTO athlete_results (result_id, athlete_id) VALUES (1, 39);
INSERT INTO athlete_results (result_id, athlete_id) VALUES (27, 39);
INSERT INTO athlete_results (result_id, athlete_id) VALUES (32, 39);
INSERT INTO athlete_results (result_id, athlete_id) VALUES (37, 39);
INSERT INTO athlete_results (result_id, athlete_id) VALUES (15, 39);
INSERT INTO athlete_results (result_id, athlete_id) VALUES (50, 39);
INSERT INTO athlete_results (result_id, athlete_id) VALUES (18, 39);
INSERT INTO athlete_results (result_id, athlete_id) VALUES (46, 39);
INSERT INTO athlete_results (result_id, athlete_id) VALUES (30, 39);
INSERT INTO athlete_results (result_id, athlete_id) VALUES (31, 39);
INSERT INTO athlete_results (result_id, athlete_id) VALUES (6, 39);
INSERT INTO athlete_results (result_id, athlete_id) VALUES (41, 39);
INSERT INTO athlete_results (result_id, athlete_id) VALUES (42, 39);
INSERT INTO athlete_results (result_id, athlete_id) VALUES (29, 39);
INSERT INTO athlete_results (result_id, athlete_id) VALUES (20, 39);
INSERT INTO athlete_results (result_id, athlete_id) VALUES (49, 39);
INSERT INTO athlete_results (result_id, athlete_id) VALUES (17, 39);
INSERT INTO athlete_results (result_id, athlete_id) VALUES (8, 39);
INSERT INTO athlete_results (result_id, athlete_id) VALUES (5, 39);
INSERT INTO athlete_results (result_id, athlete_id) VALUES (35, 39);
INSERT INTO athlete_results (result_id, athlete_id) VALUES (34, 39);
INSERT INTO athlete_results (result_id, athlete_id) VALUES (21, 39);
INSERT INTO athlete_results (result_id, athlete_id) VALUES (26, 39);
INSERT INTO athlete_results (result_id, athlete_id) VALUES (40, 39);
INSERT INTO athlete_results (result_id, athlete_id) VALUES (33, 39);
INSERT INTO athlete_results (result_id, athlete_id) VALUES (7, 39);
INSERT INTO athlete_results (result_id, athlete_id) VALUES (14, 39);
INSERT INTO athlete_results (result_id, athlete_id) VALUES (23, 39);
INSERT INTO athlete_results (result_id, athlete_id) VALUES (39, 39);
INSERT INTO athlete_results (result_id, athlete_id) VALUES (28, 39);
INSERT INTO athlete_results (result_id, athlete_id) VALUES (38, 39);
INSERT INTO athlete_results (result_id, athlete_id) VALUES (4, 39);
INSERT INTO athlete_results (result_id, athlete_id) VALUES (45, 39);
INSERT INTO athlete_results (result_id, athlete_id) VALUES (13, 39);
INSERT INTO athlete_results (result_id, athlete_id) VALUES (2, 39);
INSERT INTO athlete_results (result_id, athlete_id) VALUES (25, 39);
INSERT INTO athlete_results (result_id, athlete_id) VALUES (3, 39);
INSERT INTO athlete_results (result_id, athlete_id) VALUES (9, 39);
INSERT INTO athlete_results (result_id, athlete_id) VALUES (36, 39);
INSERT INTO athlete_results (result_id, athlete_id) VALUES (12, 39);
INSERT INTO athlete_results (result_id, athlete_id) VALUES (19, 39);
INSERT INTO athlete_results (result_id, athlete_id) VALUES (10, 40);
INSERT INTO athlete_results (result_id, athlete_id) VALUES (29, 40);
INSERT INTO athlete_results (result_id, athlete_id) VALUES (25, 40);
INSERT INTO athlete_results (result_id, athlete_id) VALUES (17, 40);
INSERT INTO athlete_results (result_id, athlete_id) VALUES (45, 40);
INSERT INTO athlete_results (result_id, athlete_id) VALUES (46, 40);
INSERT INTO athlete_results (result_id, athlete_id) VALUES (5, 40);
INSERT INTO athlete_results (result_id, athlete_id) VALUES (31, 40);
INSERT INTO athlete_results (result_id, athlete_id) VALUES (11, 40);
INSERT INTO athlete_results (result_id, athlete_id) VALUES (44, 40);
INSERT INTO athlete_results (result_id, athlete_id) VALUES (28, 40);
INSERT INTO athlete_results (result_id, athlete_id) VALUES (37, 40);
INSERT INTO athlete_results (result_id, athlete_id) VALUES (13, 40);
INSERT INTO athlete_results (result_id, athlete_id) VALUES (22, 40);
INSERT INTO athlete_results (result_id, athlete_id) VALUES (18, 40);
INSERT INTO athlete_results (result_id, athlete_id) VALUES (48, 40);
INSERT INTO athlete_results (result_id, athlete_id) VALUES (33, 40);
INSERT INTO athlete_results (result_id, athlete_id) VALUES (49, 40);
INSERT INTO athlete_results (result_id, athlete_id) VALUES (14, 40);
INSERT INTO athlete_results (result_id, athlete_id) VALUES (38, 41);
INSERT INTO athlete_results (result_id, athlete_id) VALUES (4, 41);
INSERT INTO athlete_results (result_id, athlete_id) VALUES (46, 41);
INSERT INTO athlete_results (result_id, athlete_id) VALUES (17, 41);
INSERT INTO athlete_results (result_id, athlete_id) VALUES (24, 41);
INSERT INTO athlete_results (result_id, athlete_id) VALUES (10, 41);
INSERT INTO athlete_results (result_id, athlete_id) VALUES (14, 41);
INSERT INTO athlete_results (result_id, athlete_id) VALUES (45, 41);
INSERT INTO athlete_results (result_id, athlete_id) VALUES (12, 41);
INSERT INTO athlete_results (result_id, athlete_id) VALUES (40, 41);
INSERT INTO athlete_results (result_id, athlete_id) VALUES (27, 41);
INSERT INTO athlete_results (result_id, athlete_id) VALUES (2, 41);
INSERT INTO athlete_results (result_id, athlete_id) VALUES (34, 41);
INSERT INTO athlete_results (result_id, athlete_id) VALUES (1, 41);
INSERT INTO athlete_results (result_id, athlete_id) VALUES (25, 41);
INSERT INTO athlete_results (result_id, athlete_id) VALUES (13, 41);
INSERT INTO athlete_results (result_id, athlete_id) VALUES (7, 41);
INSERT INTO athlete_results (result_id, athlete_id) VALUES (11, 41);
INSERT INTO athlete_results (result_id, athlete_id) VALUES (8, 41);
INSERT INTO athlete_results (result_id, athlete_id) VALUES (28, 41);
INSERT INTO athlete_results (result_id, athlete_id) VALUES (26, 41);
INSERT INTO athlete_results (result_id, athlete_id) VALUES (32, 41);
INSERT INTO athlete_results (result_id, athlete_id) VALUES (3, 41);
INSERT INTO athlete_results (result_id, athlete_id) VALUES (5, 41);
INSERT INTO athlete_results (result_id, athlete_id) VALUES (44, 41);
INSERT INTO athlete_results (result_id, athlete_id) VALUES (6, 41);
INSERT INTO athlete_results (result_id, athlete_id) VALUES (16, 41);
INSERT INTO athlete_results (result_id, athlete_id) VALUES (21, 41);
INSERT INTO athlete_results (result_id, athlete_id) VALUES (18, 41);
INSERT INTO athlete_results (result_id, athlete_id) VALUES (33, 41);
INSERT INTO athlete_results (result_id, athlete_id) VALUES (9, 41);
INSERT INTO athlete_results (result_id, athlete_id) VALUES (50, 41);
INSERT INTO athlete_results (result_id, athlete_id) VALUES (47, 41);
INSERT INTO athlete_results (result_id, athlete_id) VALUES (30, 41);
INSERT INTO athlete_results (result_id, athlete_id) VALUES (41, 41);
INSERT INTO athlete_results (result_id, athlete_id) VALUES (29, 41);
INSERT INTO athlete_results (result_id, athlete_id) VALUES (42, 41);
INSERT INTO athlete_results (result_id, athlete_id) VALUES (35, 41);
INSERT INTO athlete_results (result_id, athlete_id) VALUES (19, 41);
INSERT INTO athlete_results (result_id, athlete_id) VALUES (49, 41);
INSERT INTO athlete_results (result_id, athlete_id) VALUES (31, 41);
INSERT INTO athlete_results (result_id, athlete_id) VALUES (39, 41);
INSERT INTO athlete_results (result_id, athlete_id) VALUES (37, 41);
INSERT INTO athlete_results (result_id, athlete_id) VALUES (22, 41);
INSERT INTO athlete_results (result_id, athlete_id) VALUES (29, 42);
INSERT INTO athlete_results (result_id, athlete_id) VALUES (5, 42);
INSERT INTO athlete_results (result_id, athlete_id) VALUES (21, 42);
INSERT INTO athlete_results (result_id, athlete_id) VALUES (12, 43);
INSERT INTO athlete_results (result_id, athlete_id) VALUES (20, 43);
INSERT INTO athlete_results (result_id, athlete_id) VALUES (1, 44);
INSERT INTO athlete_results (result_id, athlete_id) VALUES (24, 45);
INSERT INTO athlete_results (result_id, athlete_id) VALUES (12, 45);
INSERT INTO athlete_results (result_id, athlete_id) VALUES (15, 45);
INSERT INTO athlete_results (result_id, athlete_id) VALUES (48, 45);
INSERT INTO athlete_results (result_id, athlete_id) VALUES (20, 45);
INSERT INTO athlete_results (result_id, athlete_id) VALUES (6, 45);
INSERT INTO athlete_results (result_id, athlete_id) VALUES (11, 45);
INSERT INTO athlete_results (result_id, athlete_id) VALUES (26, 45);
INSERT INTO athlete_results (result_id, athlete_id) VALUES (34, 45);
INSERT INTO athlete_results (result_id, athlete_id) VALUES (39, 45);
INSERT INTO athlete_results (result_id, athlete_id) VALUES (22, 45);
INSERT INTO athlete_results (result_id, athlete_id) VALUES (23, 45);
INSERT INTO athlete_results (result_id, athlete_id) VALUES (9, 45);
INSERT INTO athlete_results (result_id, athlete_id) VALUES (8, 45);
INSERT INTO athlete_results (result_id, athlete_id) VALUES (7, 45);
INSERT INTO athlete_results (result_id, athlete_id) VALUES (32, 45);
INSERT INTO athlete_results (result_id, athlete_id) VALUES (16, 45);
INSERT INTO athlete_results (result_id, athlete_id) VALUES (36, 45);
INSERT INTO athlete_results (result_id, athlete_id) VALUES (30, 45);
INSERT INTO athlete_results (result_id, athlete_id) VALUES (35, 45);
INSERT INTO athlete_results (result_id, athlete_id) VALUES (43, 45);
INSERT INTO athlete_results (result_id, athlete_id) VALUES (40, 45);
INSERT INTO athlete_results (result_id, athlete_id) VALUES (42, 45);
INSERT INTO athlete_results (result_id, athlete_id) VALUES (27, 45);
INSERT INTO athlete_results (result_id, athlete_id) VALUES (37, 45);
INSERT INTO athlete_results (result_id, athlete_id) VALUES (18, 45);
INSERT INTO athlete_results (result_id, athlete_id) VALUES (47, 45);
INSERT INTO athlete_results (result_id, athlete_id) VALUES (17, 45);
INSERT INTO athlete_results (result_id, athlete_id) VALUES (2, 45);
INSERT INTO athlete_results (result_id, athlete_id) VALUES (29, 45);
INSERT INTO athlete_results (result_id, athlete_id) VALUES (44, 45);
INSERT INTO athlete_results (result_id, athlete_id) VALUES (3, 45);
INSERT INTO athlete_results (result_id, athlete_id) VALUES (14, 45);
INSERT INTO athlete_results (result_id, athlete_id) VALUES (33, 45);
INSERT INTO athlete_results (result_id, athlete_id) VALUES (5, 45);
INSERT INTO athlete_results (result_id, athlete_id) VALUES (41, 45);
INSERT INTO athlete_results (result_id, athlete_id) VALUES (49, 45);
INSERT INTO athlete_results (result_id, athlete_id) VALUES (25, 45);
INSERT INTO athlete_results (result_id, athlete_id) VALUES (4, 45);
INSERT INTO athlete_results (result_id, athlete_id) VALUES (21, 46);
INSERT INTO athlete_results (result_id, athlete_id) VALUES (24, 46);
INSERT INTO athlete_results (result_id, athlete_id) VALUES (5, 46);
INSERT INTO athlete_results (result_id, athlete_id) VALUES (48, 46);
INSERT INTO athlete_results (result_id, athlete_id) VALUES (15, 46);
INSERT INTO athlete_results (result_id, athlete_id) VALUES (33, 46);
INSERT INTO athlete_results (result_id, athlete_id) VALUES (38, 46);
INSERT INTO athlete_results (result_id, athlete_id) VALUES (31, 46);
INSERT INTO athlete_results (result_id, athlete_id) VALUES (11, 46);
INSERT INTO athlete_results (result_id, athlete_id) VALUES (2, 46);
INSERT INTO athlete_results (result_id, athlete_id) VALUES (41, 46);
INSERT INTO athlete_results (result_id, athlete_id) VALUES (22, 46);
INSERT INTO athlete_results (result_id, athlete_id) VALUES (35, 46);
INSERT INTO athlete_results (result_id, athlete_id) VALUES (23, 46);
INSERT INTO athlete_results (result_id, athlete_id) VALUES (45, 46);
INSERT INTO athlete_results (result_id, athlete_id) VALUES (43, 46);
INSERT INTO athlete_results (result_id, athlete_id) VALUES (9, 46);
INSERT INTO athlete_results (result_id, athlete_id) VALUES (25, 46);
INSERT INTO athlete_results (result_id, athlete_id) VALUES (44, 46);
INSERT INTO athlete_results (result_id, athlete_id) VALUES (6, 46);
INSERT INTO athlete_results (result_id, athlete_id) VALUES (10, 46);
INSERT INTO athlete_results (result_id, athlete_id) VALUES (26, 46);
INSERT INTO athlete_results (result_id, athlete_id) VALUES (14, 46);
INSERT INTO athlete_results (result_id, athlete_id) VALUES (50, 46);
INSERT INTO athlete_results (result_id, athlete_id) VALUES (27, 46);
INSERT INTO athlete_results (result_id, athlete_id) VALUES (36, 46);
INSERT INTO athlete_results (result_id, athlete_id) VALUES (34, 46);
INSERT INTO athlete_results (result_id, athlete_id) VALUES (4, 46);
INSERT INTO athlete_results (result_id, athlete_id) VALUES (16, 46);
INSERT INTO athlete_results (result_id, athlete_id) VALUES (1, 46);
INSERT INTO athlete_results (result_id, athlete_id) VALUES (7, 46);
INSERT INTO athlete_results (result_id, athlete_id) VALUES (18, 46);
INSERT INTO athlete_results (result_id, athlete_id) VALUES (3, 46);
INSERT INTO athlete_results (result_id, athlete_id) VALUES (30, 46);
INSERT INTO athlete_results (result_id, athlete_id) VALUES (8, 46);
INSERT INTO athlete_results (result_id, athlete_id) VALUES (40, 46);
INSERT INTO athlete_results (result_id, athlete_id) VALUES (29, 46);
INSERT INTO athlete_results (result_id, athlete_id) VALUES (14, 47);
INSERT INTO athlete_results (result_id, athlete_id) VALUES (17, 47);
INSERT INTO athlete_results (result_id, athlete_id) VALUES (38, 47);
INSERT INTO athlete_results (result_id, athlete_id) VALUES (39, 47);
INSERT INTO athlete_results (result_id, athlete_id) VALUES (25, 47);
INSERT INTO athlete_results (result_id, athlete_id) VALUES (48, 47);
INSERT INTO athlete_results (result_id, athlete_id) VALUES (8, 47);
INSERT INTO athlete_results (result_id, athlete_id) VALUES (5, 47);
INSERT INTO athlete_results (result_id, athlete_id) VALUES (3, 47);
INSERT INTO athlete_results (result_id, athlete_id) VALUES (46, 47);
INSERT INTO athlete_results (result_id, athlete_id) VALUES (50, 47);
INSERT INTO athlete_results (result_id, athlete_id) VALUES (20, 47);
INSERT INTO athlete_results (result_id, athlete_id) VALUES (15, 47);
INSERT INTO athlete_results (result_id, athlete_id) VALUES (12, 47);
INSERT INTO athlete_results (result_id, athlete_id) VALUES (29, 47);
INSERT INTO athlete_results (result_id, athlete_id) VALUES (1, 47);
INSERT INTO athlete_results (result_id, athlete_id) VALUES (23, 47);
INSERT INTO athlete_results (result_id, athlete_id) VALUES (4, 47);
INSERT INTO athlete_results (result_id, athlete_id) VALUES (26, 47);
INSERT INTO athlete_results (result_id, athlete_id) VALUES (28, 47);
INSERT INTO athlete_results (result_id, athlete_id) VALUES (6, 47);
INSERT INTO athlete_results (result_id, athlete_id) VALUES (2, 47);
INSERT INTO athlete_results (result_id, athlete_id) VALUES (41, 47);
INSERT INTO athlete_results (result_id, athlete_id) VALUES (35, 47);
INSERT INTO athlete_results (result_id, athlete_id) VALUES (10, 47);
INSERT INTO athlete_results (result_id, athlete_id) VALUES (44, 47);
INSERT INTO athlete_results (result_id, athlete_id) VALUES (32, 47);
INSERT INTO athlete_results (result_id, athlete_id) VALUES (37, 47);
INSERT INTO athlete_results (result_id, athlete_id) VALUES (2, 48);
INSERT INTO athlete_results (result_id, athlete_id) VALUES (46, 48);
INSERT INTO athlete_results (result_id, athlete_id) VALUES (30, 48);
INSERT INTO athlete_results (result_id, athlete_id) VALUES (24, 48);
INSERT INTO athlete_results (result_id, athlete_id) VALUES (47, 48);
INSERT INTO athlete_results (result_id, athlete_id) VALUES (23, 48);
INSERT INTO athlete_results (result_id, athlete_id) VALUES (26, 48);
INSERT INTO athlete_results (result_id, athlete_id) VALUES (40, 48);
INSERT INTO athlete_results (result_id, athlete_id) VALUES (38, 48);
INSERT INTO athlete_results (result_id, athlete_id) VALUES (36, 48);
INSERT INTO athlete_results (result_id, athlete_id) VALUES (45, 48);
INSERT INTO athlete_results (result_id, athlete_id) VALUES (4, 48);
INSERT INTO athlete_results (result_id, athlete_id) VALUES (1, 48);
INSERT INTO athlete_results (result_id, athlete_id) VALUES (14, 48);
INSERT INTO athlete_results (result_id, athlete_id) VALUES (18, 48);
INSERT INTO athlete_results (result_id, athlete_id) VALUES (35, 48);
INSERT INTO athlete_results (result_id, athlete_id) VALUES (12, 48);
INSERT INTO athlete_results (result_id, athlete_id) VALUES (29, 48);
INSERT INTO athlete_results (result_id, athlete_id) VALUES (37, 48);
INSERT INTO athlete_results (result_id, athlete_id) VALUES (44, 49);
INSERT INTO athlete_results (result_id, athlete_id) VALUES (2, 49);
INSERT INTO athlete_results (result_id, athlete_id) VALUES (42, 49);
INSERT INTO athlete_results (result_id, athlete_id) VALUES (46, 49);
INSERT INTO athlete_results (result_id, athlete_id) VALUES (41, 49);
INSERT INTO athlete_results (result_id, athlete_id) VALUES (5, 49);
INSERT INTO athlete_results (result_id, athlete_id) VALUES (27, 49);
INSERT INTO athlete_results (result_id, athlete_id) VALUES (47, 49);
INSERT INTO athlete_results (result_id, athlete_id) VALUES (37, 49);
INSERT INTO athlete_results (result_id, athlete_id) VALUES (25, 50);
INSERT INTO athlete_results (result_id, athlete_id) VALUES (22, 50);
INSERT INTO athlete_results (result_id, athlete_id) VALUES (42, 50);
INSERT INTO athlete_results (result_id, athlete_id) VALUES (39, 50);
